WIDTH=8;
DEPTH=19200;

ADDRESS_RADIX=UNS;
DATA_RADIX=HEX;

CONTENT BEGIN
0 : FF;
1 : FF;
2 : FF;
3 : FF;
4 : FF;
5 : FF;
6 : FF;
7 : FF;
8 : FF;
9 : FF;
10 : FF;
11 : FF;
12 : FF;
13 : FF;
14 : FF;
15 : FF;
16 : FF;
17 : FF;
18 : FF;
19 : FF;
20 : FF;
21 : FF;
22 : FF;
23 : FF;
24 : FF;
25 : FF;
26 : FF;
27 : FF;
28 : FF;
29 : FF;
30 : FF;
31 : FF;
32 : FF;
33 : FF;
34 : FF;
35 : FF;
36 : FF;
37 : FF;
38 : FF;
39 : FF;
40 : FF;
41 : FF;
42 : FF;
43 : FF;
44 : FF;
45 : FF;
46 : FF;
47 : FF;
48 : FF;
49 : FF;
50 : FF;
51 : FF;
52 : FF;
53 : FF;
54 : FF;
55 : FF;
56 : FF;
57 : FF;
58 : FF;
59 : FF;
60 : FF;
61 : FF;
62 : FF;
63 : FF;
64 : FF;
65 : FF;
66 : FF;
67 : FF;
68 : FF;
69 : FF;
70 : FF;
71 : FF;
72 : FF;
73 : FF;
74 : FF;
75 : FF;
76 : FF;
77 : FF;
78 : FF;
79 : FF;
80 : FF;
81 : FF;
82 : FF;
83 : FF;
84 : FF;
85 : FF;
86 : FF;
87 : FF;
88 : FF;
89 : FF;
90 : FF;
91 : FF;
92 : FF;
93 : FF;
94 : FF;
95 : FF;
96 : FF;
97 : FF;
98 : FF;
99 : FF;
100 : FF;
101 : FF;
102 : FF;
103 : FF;
104 : FF;
105 : FF;
106 : FF;
107 : FF;
108 : FF;
109 : FF;
110 : FF;
111 : FF;
112 : FF;
113 : FF;
114 : FF;
115 : FF;
116 : FF;
117 : FF;
118 : FF;
119 : FF;
120 : FF;
121 : FF;
122 : FF;
123 : FF;
124 : FF;
125 : FF;
126 : FF;
127 : FF;
128 : FF;
129 : FF;
130 : FF;
131 : FF;
132 : FF;
133 : FF;
134 : FF;
135 : FF;
136 : FF;
137 : FF;
138 : FF;
139 : FF;
140 : FF;
141 : FF;
142 : FF;
143 : FF;
144 : FF;
145 : FF;
146 : FF;
147 : FF;
148 : FF;
149 : FF;
150 : FF;
151 : FF;
152 : FF;
153 : FF;
154 : FF;
155 : FF;
156 : FF;
157 : FF;
158 : FF;
159 : FF;
160 : FF;
161 : FF;
162 : FF;
163 : FF;
164 : FF;
165 : FF;
166 : FF;
167 : FF;
168 : FF;
169 : FF;
170 : FF;
171 : FF;
172 : FF;
173 : FF;
174 : FF;
175 : FF;
176 : FF;
177 : FF;
178 : FF;
179 : FF;
180 : FF;
181 : FF;
182 : FF;
183 : FF;
184 : FF;
185 : FF;
186 : FF;
187 : FF;
188 : FF;
189 : FF;
190 : FF;
191 : FF;
192 : FF;
193 : FF;
194 : FF;
195 : FF;
196 : FF;
197 : FF;
198 : FF;
199 : FF;
200 : FF;
201 : FF;
202 : FF;
203 : FF;
204 : FF;
205 : FF;
206 : FF;
207 : FF;
208 : FF;
209 : FF;
210 : FF;
211 : FF;
212 : FF;
213 : FF;
214 : FF;
215 : FF;
216 : FF;
217 : FF;
218 : FF;
219 : FF;
220 : FF;
221 : FF;
222 : FF;
223 : FF;
224 : FF;
225 : FF;
226 : FF;
227 : FF;
228 : FF;
229 : FF;
230 : FF;
231 : FF;
232 : FF;
233 : FF;
234 : FF;
235 : FF;
236 : FF;
237 : FF;
238 : FF;
239 : FF;
240 : FF;
241 : FF;
242 : FF;
243 : FF;
244 : FF;
245 : FF;
246 : FF;
247 : FF;
248 : FF;
249 : FF;
250 : FF;
251 : FF;
252 : FF;
253 : FF;
254 : FF;
255 : FF;
256 : FF;
257 : FF;
258 : FF;
259 : FF;
260 : FF;
261 : FF;
262 : FF;
263 : FF;
264 : FF;
265 : FF;
266 : FF;
267 : FF;
268 : FF;
269 : FF;
270 : FF;
271 : FF;
272 : FF;
273 : FF;
274 : FF;
275 : FF;
276 : FF;
277 : FF;
278 : FF;
279 : FF;
280 : FF;
281 : FF;
282 : FF;
283 : FF;
284 : FF;
285 : FF;
286 : FF;
287 : FF;
288 : FF;
289 : FF;
290 : FF;
291 : FF;
292 : FF;
293 : FF;
294 : FF;
295 : FF;
296 : FF;
297 : FF;
298 : FF;
299 : FF;
300 : FF;
301 : FF;
302 : FF;
303 : FF;
304 : FF;
305 : FF;
306 : FF;
307 : FF;
308 : FF;
309 : FF;
310 : FF;
311 : FF;
312 : FF;
313 : FF;
314 : FF;
315 : FF;
316 : FF;
317 : FF;
318 : FF;
319 : FF;
320 : FF;
321 : FF;
322 : FF;
323 : FF;
324 : FF;
325 : FF;
326 : FF;
327 : FF;
328 : FF;
329 : FF;
330 : FF;
331 : FF;
332 : FF;
333 : FF;
334 : FF;
335 : FF;
336 : FF;
337 : FF;
338 : FF;
339 : FF;
340 : FF;
341 : FF;
342 : FF;
343 : FF;
344 : FF;
345 : FF;
346 : FF;
347 : FF;
348 : FF;
349 : FF;
350 : FF;
351 : FF;
352 : FF;
353 : FF;
354 : FF;
355 : FF;
356 : FF;
357 : FF;
358 : FF;
359 : FF;
360 : FF;
361 : FF;
362 : FF;
363 : FF;
364 : FF;
365 : FF;
366 : FF;
367 : FF;
368 : FF;
369 : FF;
370 : FF;
371 : FF;
372 : FF;
373 : FF;
374 : FF;
375 : FF;
376 : FF;
377 : FF;
378 : FF;
379 : FF;
380 : FF;
381 : FF;
382 : FF;
383 : FF;
384 : FF;
385 : FF;
386 : FF;
387 : FF;
388 : FF;
389 : FF;
390 : FF;
391 : FF;
392 : FF;
393 : FF;
394 : FF;
395 : FF;
396 : FF;
397 : FF;
398 : FF;
399 : FF;
400 : FF;
401 : FF;
402 : FF;
403 : FF;
404 : FF;
405 : FF;
406 : FF;
407 : FF;
408 : FF;
409 : FF;
410 : FF;
411 : FF;
412 : FF;
413 : FF;
414 : FF;
415 : FF;
416 : FF;
417 : FF;
418 : FF;
419 : FF;
420 : FF;
421 : FF;
422 : FF;
423 : FF;
424 : FF;
425 : FF;
426 : FF;
427 : FF;
428 : FF;
429 : FF;
430 : FF;
431 : FF;
432 : FF;
433 : FF;
434 : FF;
435 : FF;
436 : FF;
437 : FF;
438 : FF;
439 : FF;
440 : FF;
441 : FF;
442 : FF;
443 : FF;
444 : FF;
445 : FF;
446 : FF;
447 : FF;
448 : FF;
449 : FF;
450 : FF;
451 : FF;
452 : FF;
453 : FF;
454 : FF;
455 : FF;
456 : FF;
457 : FF;
458 : FF;
459 : FF;
460 : FF;
461 : FF;
462 : FF;
463 : FF;
464 : FF;
465 : FF;
466 : FF;
467 : FF;
468 : FF;
469 : FF;
470 : FF;
471 : FF;
472 : FF;
473 : FF;
474 : FF;
475 : FF;
476 : FF;
477 : FF;
478 : FF;
479 : FF;
480 : FF;
481 : FF;
482 : FF;
483 : FF;
484 : FF;
485 : FF;
486 : FF;
487 : FF;
488 : FF;
489 : FF;
490 : FF;
491 : FF;
492 : FF;
493 : FF;
494 : FF;
495 : FF;
496 : FF;
497 : FF;
498 : FF;
499 : FF;
500 : FF;
501 : FF;
502 : FF;
503 : FF;
504 : FF;
505 : FF;
506 : FF;
507 : FF;
508 : FF;
509 : FF;
510 : FF;
511 : FF;
512 : FF;
513 : FF;
514 : FF;
515 : FF;
516 : FF;
517 : FF;
518 : FF;
519 : FF;
520 : FF;
521 : FF;
522 : FF;
523 : FF;
524 : FF;
525 : FF;
526 : FF;
527 : FF;
528 : FF;
529 : FF;
530 : FF;
531 : FF;
532 : FF;
533 : FF;
534 : FF;
535 : FF;
536 : FF;
537 : FF;
538 : FF;
539 : FF;
540 : FF;
541 : FF;
542 : FF;
543 : FF;
544 : FF;
545 : FF;
546 : FF;
547 : FF;
548 : FF;
549 : FF;
550 : FF;
551 : FF;
552 : FF;
553 : FF;
554 : FF;
555 : FF;
556 : FF;
557 : FF;
558 : FF;
559 : FF;
560 : FF;
561 : FF;
562 : FF;
563 : FF;
564 : FF;
565 : FF;
566 : FF;
567 : FF;
568 : FF;
569 : FF;
570 : FF;
571 : FF;
572 : FF;
573 : FF;
574 : FF;
575 : FF;
576 : FF;
577 : FF;
578 : FF;
579 : FF;
580 : FF;
581 : FF;
582 : FF;
583 : FF;
584 : FF;
585 : FF;
586 : FF;
587 : FF;
588 : FF;
589 : FF;
590 : FF;
591 : FF;
592 : FF;
593 : FF;
594 : FF;
595 : FF;
596 : FF;
597 : FF;
598 : FF;
599 : FF;
600 : FF;
601 : FF;
602 : FF;
603 : FF;
604 : FF;
605 : FF;
606 : FF;
607 : FF;
608 : FF;
609 : FF;
610 : FF;
611 : FF;
612 : FF;
613 : FF;
614 : FF;
615 : FF;
616 : FF;
617 : FF;
618 : FF;
619 : FF;
620 : FF;
621 : FF;
622 : FF;
623 : FF;
624 : FF;
625 : FF;
626 : FF;
627 : FF;
628 : FF;
629 : FF;
630 : FF;
631 : FF;
632 : FF;
633 : FF;
634 : FF;
635 : FF;
636 : FF;
637 : FF;
638 : FF;
639 : FF;
640 : FF;
641 : FF;
642 : FF;
643 : FF;
644 : FF;
645 : FF;
646 : FF;
647 : FF;
648 : FF;
649 : FF;
650 : FF;
651 : FF;
652 : FF;
653 : FF;
654 : FF;
655 : FF;
656 : FF;
657 : FF;
658 : FF;
659 : FF;
660 : FF;
661 : FF;
662 : FF;
663 : FF;
664 : FF;
665 : FF;
666 : FF;
667 : FF;
668 : FF;
669 : FF;
670 : FF;
671 : FF;
672 : FF;
673 : FF;
674 : FF;
675 : FF;
676 : FF;
677 : FF;
678 : FF;
679 : FF;
680 : FF;
681 : FF;
682 : FF;
683 : FF;
684 : FF;
685 : FF;
686 : FF;
687 : FF;
688 : FF;
689 : FF;
690 : FF;
691 : FF;
692 : FF;
693 : FF;
694 : FF;
695 : FF;
696 : FF;
697 : FF;
698 : FF;
699 : FF;
700 : FB;
701 : DA;
702 : DA;
703 : D6;
704 : D6;
705 : D6;
706 : DA;
707 : DB;
708 : FF;
709 : FF;
710 : FF;
711 : FF;
712 : FF;
713 : FF;
714 : FF;
715 : FF;
716 : FF;
717 : FF;
718 : FF;
719 : FF;
720 : FF;
721 : FF;
722 : FF;
723 : FF;
724 : FF;
725 : FF;
726 : FF;
727 : FF;
728 : FF;
729 : FF;
730 : FF;
731 : FF;
732 : FF;
733 : FF;
734 : FB;
735 : FB;
736 : FB;
737 : FB;
738 : FB;
739 : FA;
740 : FA;
741 : FA;
742 : D6;
743 : D6;
744 : D6;
745 : D6;
746 : D6;
747 : D6;
748 : D6;
749 : D6;
750 : D6;
751 : DA;
752 : FA;
753 : FA;
754 : FB;
755 : FB;
756 : FF;
757 : FF;
758 : FF;
759 : FF;
760 : FF;
761 : FF;
762 : FF;
763 : FF;
764 : FF;
765 : FF;
766 : FF;
767 : FF;
768 : FF;
769 : FF;
770 : FF;
771 : FF;
772 : FF;
773 : FF;
774 : FF;
775 : FF;
776 : FF;
777 : FF;
778 : FF;
779 : FF;
780 : FF;
781 : FF;
782 : FF;
783 : FF;
784 : FF;
785 : FF;
786 : FF;
787 : FF;
788 : FF;
789 : FF;
790 : FF;
791 : FF;
792 : FF;
793 : FF;
794 : FF;
795 : FF;
796 : FF;
797 : FF;
798 : FF;
799 : FF;
800 : FF;
801 : FF;
802 : FF;
803 : FF;
804 : FF;
805 : FF;
806 : FF;
807 : FF;
808 : FF;
809 : FF;
810 : FF;
811 : FF;
812 : FF;
813 : FF;
814 : FF;
815 : FF;
816 : FF;
817 : FF;
818 : FF;
819 : FF;
820 : FF;
821 : FF;
822 : FF;
823 : FF;
824 : FF;
825 : FF;
826 : FF;
827 : FF;
828 : FF;
829 : FF;
830 : FF;
831 : FF;
832 : FF;
833 : FF;
834 : FF;
835 : FF;
836 : FF;
837 : FF;
838 : FF;
839 : FF;
840 : FF;
841 : FF;
842 : FF;
843 : FF;
844 : FF;
845 : FF;
846 : FF;
847 : FF;
848 : FF;
849 : FF;
850 : FF;
851 : FF;
852 : FF;
853 : FF;
854 : FF;
855 : FF;
856 : FF;
857 : FF;
858 : FB;
859 : B6;
860 : 91;
861 : 8D;
862 : 6D;
863 : 6D;
864 : 6D;
865 : 8D;
866 : 91;
867 : B2;
868 : B6;
869 : DB;
870 : FF;
871 : FF;
872 : FF;
873 : FF;
874 : FF;
875 : FF;
876 : FF;
877 : FF;
878 : FF;
879 : FF;
880 : FF;
881 : FF;
882 : FF;
883 : FF;
884 : FF;
885 : FF;
886 : FF;
887 : FF;
888 : FF;
889 : FF;
890 : FF;
891 : FA;
892 : DA;
893 : D6;
894 : D6;
895 : D6;
896 : D6;
897 : D6;
898 : D6;
899 : D6;
900 : D6;
901 : D1;
902 : D2;
903 : D1;
904 : D1;
905 : D1;
906 : D1;
907 : D1;
908 : D1;
909 : D6;
910 : D6;
911 : D6;
912 : D6;
913 : D6;
914 : D6;
915 : D6;
916 : D6;
917 : D6;
918 : D6;
919 : DA;
920 : FA;
921 : FB;
922 : FB;
923 : FF;
924 : FF;
925 : FF;
926 : FF;
927 : FF;
928 : FF;
929 : FF;
930 : FF;
931 : FF;
932 : FF;
933 : FF;
934 : FF;
935 : FF;
936 : FF;
937 : FF;
938 : FF;
939 : FF;
940 : FF;
941 : FF;
942 : FF;
943 : FF;
944 : FF;
945 : FF;
946 : FF;
947 : FF;
948 : FF;
949 : FF;
950 : FF;
951 : FF;
952 : FF;
953 : FF;
954 : FF;
955 : FF;
956 : FF;
957 : FF;
958 : FF;
959 : FF;
960 : FF;
961 : FF;
962 : FF;
963 : FF;
964 : FF;
965 : FF;
966 : FF;
967 : FF;
968 : FF;
969 : FF;
970 : FF;
971 : FF;
972 : FF;
973 : FF;
974 : FF;
975 : FF;
976 : FF;
977 : FF;
978 : FF;
979 : FF;
980 : FF;
981 : FF;
982 : FF;
983 : FF;
984 : FF;
985 : FF;
986 : FF;
987 : FF;
988 : FF;
989 : FF;
990 : FF;
991 : FF;
992 : FF;
993 : FF;
994 : FF;
995 : FF;
996 : FF;
997 : FF;
998 : FF;
999 : FF;
1000 : FF;
1001 : FF;
1002 : FF;
1003 : FF;
1004 : FF;
1005 : FF;
1006 : FF;
1007 : FF;
1008 : FF;
1009 : FF;
1010 : FF;
1011 : FF;
1012 : FF;
1013 : FF;
1014 : FF;
1015 : FF;
1016 : FF;
1017 : FB;
1018 : B6;
1019 : 6D;
1020 : 48;
1021 : 44;
1022 : 44;
1023 : 44;
1024 : 44;
1025 : 48;
1026 : 69;
1027 : 6D;
1028 : 8D;
1029 : B2;
1030 : D6;
1031 : FB;
1032 : FF;
1033 : FF;
1034 : FF;
1035 : FF;
1036 : FF;
1037 : FF;
1038 : FF;
1039 : FF;
1040 : FF;
1041 : FF;
1042 : FF;
1043 : FF;
1044 : FF;
1045 : FF;
1046 : FF;
1047 : FF;
1048 : DA;
1049 : D6;
1050 : D6;
1051 : D6;
1052 : D5;
1053 : D1;
1054 : D1;
1055 : D1;
1056 : D1;
1057 : D1;
1058 : D1;
1059 : D1;
1060 : D1;
1061 : D1;
1062 : D1;
1063 : D1;
1064 : D1;
1065 : D1;
1066 : D1;
1067 : D1;
1068 : D1;
1069 : D1;
1070 : D1;
1071 : D5;
1072 : D1;
1073 : D1;
1074 : D5;
1075 : D1;
1076 : B1;
1077 : B1;
1078 : B1;
1079 : B1;
1080 : B2;
1081 : D6;
1082 : D6;
1083 : D6;
1084 : D6;
1085 : DA;
1086 : FB;
1087 : FF;
1088 : FF;
1089 : FF;
1090 : FF;
1091 : FF;
1092 : FF;
1093 : FF;
1094 : FF;
1095 : FF;
1096 : FF;
1097 : FF;
1098 : FF;
1099 : FF;
1100 : FF;
1101 : FF;
1102 : FF;
1103 : FF;
1104 : FF;
1105 : FF;
1106 : FF;
1107 : FF;
1108 : FF;
1109 : FF;
1110 : FF;
1111 : FF;
1112 : FF;
1113 : FF;
1114 : FF;
1115 : FF;
1116 : FF;
1117 : FF;
1118 : FF;
1119 : FF;
1120 : FF;
1121 : FF;
1122 : FF;
1123 : FF;
1124 : FF;
1125 : FF;
1126 : FF;
1127 : FF;
1128 : FF;
1129 : FF;
1130 : FF;
1131 : FF;
1132 : FF;
1133 : FF;
1134 : FF;
1135 : FF;
1136 : FF;
1137 : FF;
1138 : FF;
1139 : FF;
1140 : FF;
1141 : FF;
1142 : FF;
1143 : FF;
1144 : FF;
1145 : FF;
1146 : FF;
1147 : FF;
1148 : FF;
1149 : FF;
1150 : FF;
1151 : FF;
1152 : FF;
1153 : FF;
1154 : FF;
1155 : FF;
1156 : FF;
1157 : FF;
1158 : FF;
1159 : FF;
1160 : FF;
1161 : FF;
1162 : FF;
1163 : FF;
1164 : FF;
1165 : FF;
1166 : FF;
1167 : FF;
1168 : FF;
1169 : FF;
1170 : FF;
1171 : FF;
1172 : FF;
1173 : FF;
1174 : FF;
1175 : FF;
1176 : FB;
1177 : B6;
1178 : 8D;
1179 : 48;
1180 : 44;
1181 : 24;
1182 : 24;
1183 : 24;
1184 : 24;
1185 : 44;
1186 : 44;
1187 : 68;
1188 : 69;
1189 : 69;
1190 : 8D;
1191 : B2;
1192 : D6;
1193 : DA;
1194 : FB;
1195 : FF;
1196 : FF;
1197 : FF;
1198 : FF;
1199 : FF;
1200 : FF;
1201 : FF;
1202 : FF;
1203 : FF;
1204 : FF;
1205 : FB;
1206 : DA;
1207 : D6;
1208 : B6;
1209 : B5;
1210 : B1;
1211 : D1;
1212 : D1;
1213 : D1;
1214 : D1;
1215 : D1;
1216 : D1;
1217 : D1;
1218 : D1;
1219 : D1;
1220 : D1;
1221 : D1;
1222 : D1;
1223 : D1;
1224 : D1;
1225 : D1;
1226 : D1;
1227 : D1;
1228 : D1;
1229 : D1;
1230 : D1;
1231 : D5;
1232 : D5;
1233 : D5;
1234 : D5;
1235 : D1;
1236 : D1;
1237 : B1;
1238 : B1;
1239 : B1;
1240 : B1;
1241 : B1;
1242 : B1;
1243 : B1;
1244 : B1;
1245 : B2;
1246 : D6;
1247 : D6;
1248 : DA;
1249 : FB;
1250 : FF;
1251 : FF;
1252 : FF;
1253 : FF;
1254 : FF;
1255 : FF;
1256 : FF;
1257 : FF;
1258 : FF;
1259 : FF;
1260 : FF;
1261 : FF;
1262 : FF;
1263 : FF;
1264 : FF;
1265 : FF;
1266 : FF;
1267 : FF;
1268 : FF;
1269 : FF;
1270 : FF;
1271 : FF;
1272 : FF;
1273 : FF;
1274 : FF;
1275 : FF;
1276 : FF;
1277 : FF;
1278 : FF;
1279 : FF;
1280 : FF;
1281 : FF;
1282 : FF;
1283 : FF;
1284 : FF;
1285 : FF;
1286 : FF;
1287 : FF;
1288 : FF;
1289 : FF;
1290 : FF;
1291 : FF;
1292 : FF;
1293 : FF;
1294 : FF;
1295 : FF;
1296 : FF;
1297 : FF;
1298 : FF;
1299 : FF;
1300 : FF;
1301 : FF;
1302 : FF;
1303 : FF;
1304 : FF;
1305 : FF;
1306 : FF;
1307 : FF;
1308 : FF;
1309 : FF;
1310 : FF;
1311 : FF;
1312 : FF;
1313 : FF;
1314 : FF;
1315 : FF;
1316 : FF;
1317 : FF;
1318 : FF;
1319 : FF;
1320 : FF;
1321 : FF;
1322 : FF;
1323 : FF;
1324 : FF;
1325 : FF;
1326 : FF;
1327 : FF;
1328 : FF;
1329 : FF;
1330 : FF;
1331 : FF;
1332 : FF;
1333 : FF;
1334 : FF;
1335 : DB;
1336 : B6;
1337 : 8D;
1338 : 48;
1339 : 44;
1340 : 24;
1341 : 24;
1342 : 24;
1343 : 44;
1344 : 44;
1345 : 44;
1346 : 44;
1347 : 44;
1348 : 44;
1349 : 68;
1350 : 69;
1351 : 8D;
1352 : 8D;
1353 : B1;
1354 : D6;
1355 : FB;
1356 : FF;
1357 : FF;
1358 : FF;
1359 : FF;
1360 : FF;
1361 : FF;
1362 : FF;
1363 : FA;
1364 : DA;
1365 : D6;
1366 : B5;
1367 : B1;
1368 : D5;
1369 : D5;
1370 : D1;
1371 : D1;
1372 : D1;
1373 : D1;
1374 : D1;
1375 : D1;
1376 : D1;
1377 : D1;
1378 : D1;
1379 : D1;
1380 : D1;
1381 : D1;
1382 : D1;
1383 : D1;
1384 : D1;
1385 : D1;
1386 : D1;
1387 : D1;
1388 : D1;
1389 : D1;
1390 : D1;
1391 : F5;
1392 : F5;
1393 : D5;
1394 : D5;
1395 : D5;
1396 : D1;
1397 : D1;
1398 : D1;
1399 : B1;
1400 : B1;
1401 : B1;
1402 : B1;
1403 : B1;
1404 : B1;
1405 : B1;
1406 : B1;
1407 : B1;
1408 : D5;
1409 : D6;
1410 : DA;
1411 : FB;
1412 : FF;
1413 : FF;
1414 : FF;
1415 : FF;
1416 : FF;
1417 : FF;
1418 : FF;
1419 : FF;
1420 : FF;
1421 : FF;
1422 : FF;
1423 : FF;
1424 : FF;
1425 : FF;
1426 : FF;
1427 : FF;
1428 : FF;
1429 : FF;
1430 : FF;
1431 : FF;
1432 : FF;
1433 : FF;
1434 : FF;
1435 : FF;
1436 : FF;
1437 : FF;
1438 : FF;
1439 : FF;
1440 : FF;
1441 : FF;
1442 : FF;
1443 : FF;
1444 : FF;
1445 : FF;
1446 : FF;
1447 : FF;
1448 : FF;
1449 : FF;
1450 : FF;
1451 : FF;
1452 : FF;
1453 : FF;
1454 : FF;
1455 : FF;
1456 : FF;
1457 : FF;
1458 : FF;
1459 : FF;
1460 : FF;
1461 : FF;
1462 : FF;
1463 : FF;
1464 : FF;
1465 : FF;
1466 : FF;
1467 : FF;
1468 : FF;
1469 : FF;
1470 : FF;
1471 : FF;
1472 : FF;
1473 : FF;
1474 : FF;
1475 : FF;
1476 : FF;
1477 : FF;
1478 : FF;
1479 : FF;
1480 : FF;
1481 : FF;
1482 : FF;
1483 : FF;
1484 : FF;
1485 : FF;
1486 : FF;
1487 : FF;
1488 : FF;
1489 : FF;
1490 : FF;
1491 : FF;
1492 : FF;
1493 : FF;
1494 : FF;
1495 : B6;
1496 : 8D;
1497 : 69;
1498 : 48;
1499 : 44;
1500 : 44;
1501 : 44;
1502 : 44;
1503 : 44;
1504 : 44;
1505 : 44;
1506 : 48;
1507 : 48;
1508 : 44;
1509 : 68;
1510 : 68;
1511 : 69;
1512 : 8D;
1513 : 8D;
1514 : B1;
1515 : D6;
1516 : FA;
1517 : FB;
1518 : FB;
1519 : FB;
1520 : FB;
1521 : FA;
1522 : DA;
1523 : D6;
1524 : B5;
1525 : B5;
1526 : D1;
1527 : D1;
1528 : D5;
1529 : D5;
1530 : D1;
1531 : D1;
1532 : D1;
1533 : D1;
1534 : D1;
1535 : D1;
1536 : D1;
1537 : D5;
1538 : F5;
1539 : D5;
1540 : D5;
1541 : D1;
1542 : D1;
1543 : D1;
1544 : D1;
1545 : D1;
1546 : D1;
1547 : D1;
1548 : D1;
1549 : D1;
1550 : D1;
1551 : D5;
1552 : F5;
1553 : D5;
1554 : D5;
1555 : D5;
1556 : D1;
1557 : D1;
1558 : D1;
1559 : D1;
1560 : B1;
1561 : B1;
1562 : D1;
1563 : D1;
1564 : D1;
1565 : D1;
1566 : D1;
1567 : D1;
1568 : D1;
1569 : D5;
1570 : D6;
1571 : D6;
1572 : FA;
1573 : FF;
1574 : FF;
1575 : FF;
1576 : FF;
1577 : FF;
1578 : FF;
1579 : FF;
1580 : FF;
1581 : FF;
1582 : FF;
1583 : FF;
1584 : FF;
1585 : FF;
1586 : FF;
1587 : FB;
1588 : DB;
1589 : FB;
1590 : FF;
1591 : FF;
1592 : FF;
1593 : FF;
1594 : FF;
1595 : FF;
1596 : FF;
1597 : FF;
1598 : FF;
1599 : FF;
1600 : FF;
1601 : FF;
1602 : FF;
1603 : FF;
1604 : FF;
1605 : FF;
1606 : FF;
1607 : FF;
1608 : FF;
1609 : FF;
1610 : FF;
1611 : FF;
1612 : FF;
1613 : FF;
1614 : FF;
1615 : FF;
1616 : FF;
1617 : FF;
1618 : FF;
1619 : FF;
1620 : FF;
1621 : FF;
1622 : FF;
1623 : FF;
1624 : FF;
1625 : FF;
1626 : FF;
1627 : FF;
1628 : FF;
1629 : FF;
1630 : FF;
1631 : FF;
1632 : FF;
1633 : FF;
1634 : FF;
1635 : FF;
1636 : FF;
1637 : FF;
1638 : FF;
1639 : FF;
1640 : FF;
1641 : FF;
1642 : FF;
1643 : FF;
1644 : FF;
1645 : FF;
1646 : FF;
1647 : FF;
1648 : FF;
1649 : FF;
1650 : FF;
1651 : FF;
1652 : FF;
1653 : FF;
1654 : DA;
1655 : 91;
1656 : 6D;
1657 : 69;
1658 : 48;
1659 : 48;
1660 : 44;
1661 : 44;
1662 : 44;
1663 : 48;
1664 : 69;
1665 : 69;
1666 : 69;
1667 : 68;
1668 : 68;
1669 : 68;
1670 : 48;
1671 : 68;
1672 : 89;
1673 : 8D;
1674 : B1;
1675 : D6;
1676 : D6;
1677 : D6;
1678 : D6;
1679 : D6;
1680 : D6;
1681 : D2;
1682 : B1;
1683 : B1;
1684 : D1;
1685 : D1;
1686 : D1;
1687 : D1;
1688 : D5;
1689 : D5;
1690 : D1;
1691 : D1;
1692 : D1;
1693 : D1;
1694 : D1;
1695 : D1;
1696 : D5;
1697 : D5;
1698 : D5;
1699 : D5;
1700 : D5;
1701 : D5;
1702 : D5;
1703 : D5;
1704 : D5;
1705 : D1;
1706 : D1;
1707 : D1;
1708 : D1;
1709 : D1;
1710 : D1;
1711 : D1;
1712 : D1;
1713 : D5;
1714 : D5;
1715 : D5;
1716 : D1;
1717 : D1;
1718 : D1;
1719 : D1;
1720 : D1;
1721 : D1;
1722 : D1;
1723 : D1;
1724 : D1;
1725 : D1;
1726 : D1;
1727 : D1;
1728 : D1;
1729 : D5;
1730 : D5;
1731 : D6;
1732 : D6;
1733 : FA;
1734 : FB;
1735 : FF;
1736 : FF;
1737 : FF;
1738 : FF;
1739 : FF;
1740 : FF;
1741 : FF;
1742 : FF;
1743 : FF;
1744 : FB;
1745 : DA;
1746 : D6;
1747 : B2;
1748 : B2;
1749 : B2;
1750 : DA;
1751 : FF;
1752 : FF;
1753 : FF;
1754 : FF;
1755 : FF;
1756 : FF;
1757 : FF;
1758 : FF;
1759 : FF;
1760 : FF;
1761 : FF;
1762 : FF;
1763 : FF;
1764 : FF;
1765 : FF;
1766 : FF;
1767 : FF;
1768 : FF;
1769 : FF;
1770 : FF;
1771 : FF;
1772 : FF;
1773 : FF;
1774 : FF;
1775 : FF;
1776 : FF;
1777 : FF;
1778 : FF;
1779 : FF;
1780 : FF;
1781 : FF;
1782 : FF;
1783 : FF;
1784 : FF;
1785 : FF;
1786 : FF;
1787 : FF;
1788 : FF;
1789 : FF;
1790 : FF;
1791 : FF;
1792 : FF;
1793 : FF;
1794 : FF;
1795 : FF;
1796 : FF;
1797 : FF;
1798 : FF;
1799 : FF;
1800 : FF;
1801 : FF;
1802 : FF;
1803 : FF;
1804 : FF;
1805 : FF;
1806 : FF;
1807 : FF;
1808 : FF;
1809 : FF;
1810 : FF;
1811 : FF;
1812 : FF;
1813 : DB;
1814 : B2;
1815 : 6D;
1816 : 69;
1817 : 69;
1818 : 68;
1819 : 68;
1820 : 48;
1821 : 48;
1822 : 48;
1823 : 48;
1824 : 69;
1825 : 6D;
1826 : 6D;
1827 : 6D;
1828 : 69;
1829 : 68;
1830 : 44;
1831 : 48;
1832 : 68;
1833 : 8D;
1834 : 8D;
1835 : B1;
1836 : B1;
1837 : B1;
1838 : B1;
1839 : B1;
1840 : B1;
1841 : B1;
1842 : B1;
1843 : B1;
1844 : D1;
1845 : D1;
1846 : D1;
1847 : D5;
1848 : D5;
1849 : D5;
1850 : D5;
1851 : D5;
1852 : D5;
1853 : D1;
1854 : D1;
1855 : D1;
1856 : D5;
1857 : F5;
1858 : F5;
1859 : F5;
1860 : F5;
1861 : D5;
1862 : F5;
1863 : F5;
1864 : F5;
1865 : D5;
1866 : D5;
1867 : D1;
1868 : D1;
1869 : D1;
1870 : D1;
1871 : D1;
1872 : D1;
1873 : D1;
1874 : D5;
1875 : F5;
1876 : D5;
1877 : D5;
1878 : D5;
1879 : D1;
1880 : D1;
1881 : D1;
1882 : D1;
1883 : D1;
1884 : B1;
1885 : B1;
1886 : D1;
1887 : D1;
1888 : D1;
1889 : D1;
1890 : D5;
1891 : D6;
1892 : D6;
1893 : F6;
1894 : FA;
1895 : FA;
1896 : FB;
1897 : FA;
1898 : FA;
1899 : DA;
1900 : D6;
1901 : D6;
1902 : D6;
1903 : D6;
1904 : B6;
1905 : B1;
1906 : B1;
1907 : B1;
1908 : 8D;
1909 : 91;
1910 : B6;
1911 : FB;
1912 : FF;
1913 : FF;
1914 : FF;
1915 : FF;
1916 : FF;
1917 : FF;
1918 : FF;
1919 : FF;
1920 : FF;
1921 : FF;
1922 : FF;
1923 : FF;
1924 : FF;
1925 : FF;
1926 : FF;
1927 : FF;
1928 : FF;
1929 : FF;
1930 : FF;
1931 : FF;
1932 : FF;
1933 : FF;
1934 : FF;
1935 : FF;
1936 : FF;
1937 : FF;
1938 : FF;
1939 : FF;
1940 : FF;
1941 : FF;
1942 : FF;
1943 : FF;
1944 : FF;
1945 : FF;
1946 : FF;
1947 : FF;
1948 : FF;
1949 : FF;
1950 : FF;
1951 : FF;
1952 : FF;
1953 : FF;
1954 : FF;
1955 : FF;
1956 : FF;
1957 : FF;
1958 : FF;
1959 : FF;
1960 : FF;
1961 : FF;
1962 : FF;
1963 : FF;
1964 : FF;
1965 : FF;
1966 : FF;
1967 : FF;
1968 : FF;
1969 : FF;
1970 : FF;
1971 : FF;
1972 : FF;
1973 : B6;
1974 : 91;
1975 : 6D;
1976 : 69;
1977 : 69;
1978 : 69;
1979 : 69;
1980 : 69;
1981 : 68;
1982 : 48;
1983 : 48;
1984 : 69;
1985 : 6D;
1986 : 8D;
1987 : 8D;
1988 : 6D;
1989 : 68;
1990 : 44;
1991 : 44;
1992 : 44;
1993 : 68;
1994 : 69;
1995 : 8D;
1996 : 8D;
1997 : 8D;
1998 : 8D;
1999 : AD;
2000 : B1;
2001 : B1;
2002 : D1;
2003 : B1;
2004 : B1;
2005 : B1;
2006 : D1;
2007 : D1;
2008 : D1;
2009 : D1;
2010 : D1;
2011 : D1;
2012 : D1;
2013 : D1;
2014 : D1;
2015 : D1;
2016 : D5;
2017 : D5;
2018 : D5;
2019 : F5;
2020 : F5;
2021 : F5;
2022 : F5;
2023 : F5;
2024 : F5;
2025 : F5;
2026 : F5;
2027 : D5;
2028 : D1;
2029 : D1;
2030 : D1;
2031 : D1;
2032 : D1;
2033 : D1;
2034 : D1;
2035 : F5;
2036 : F5;
2037 : F5;
2038 : D5;
2039 : D1;
2040 : D1;
2041 : D1;
2042 : D1;
2043 : D1;
2044 : D1;
2045 : B1;
2046 : D1;
2047 : D1;
2048 : D1;
2049 : D5;
2050 : F6;
2051 : F6;
2052 : F6;
2053 : D6;
2054 : F6;
2055 : F6;
2056 : F6;
2057 : D6;
2058 : B1;
2059 : B1;
2060 : B1;
2061 : B1;
2062 : B1;
2063 : B1;
2064 : 91;
2065 : 8D;
2066 : 8D;
2067 : 8D;
2068 : 8D;
2069 : 8D;
2070 : B1;
2071 : D6;
2072 : FF;
2073 : FF;
2074 : FF;
2075 : FF;
2076 : FF;
2077 : FF;
2078 : FF;
2079 : FF;
2080 : FF;
2081 : FF;
2082 : FF;
2083 : FF;
2084 : FF;
2085 : FF;
2086 : FF;
2087 : FF;
2088 : FF;
2089 : FF;
2090 : FF;
2091 : FF;
2092 : FF;
2093 : FF;
2094 : FF;
2095 : FF;
2096 : FF;
2097 : FF;
2098 : FF;
2099 : FF;
2100 : FF;
2101 : FF;
2102 : FF;
2103 : FF;
2104 : FF;
2105 : FF;
2106 : FF;
2107 : FF;
2108 : FF;
2109 : FF;
2110 : FF;
2111 : FF;
2112 : FF;
2113 : FF;
2114 : FF;
2115 : FF;
2116 : FF;
2117 : FF;
2118 : FF;
2119 : FF;
2120 : FF;
2121 : FF;
2122 : FF;
2123 : FF;
2124 : FF;
2125 : FF;
2126 : FF;
2127 : FF;
2128 : FF;
2129 : FF;
2130 : FF;
2131 : FF;
2132 : FB;
2133 : B6;
2134 : 8D;
2135 : 6D;
2136 : 6D;
2137 : 69;
2138 : 69;
2139 : 69;
2140 : 69;
2141 : 69;
2142 : 48;
2143 : 48;
2144 : 69;
2145 : 6D;
2146 : 8D;
2147 : 8D;
2148 : 6D;
2149 : 68;
2150 : 44;
2151 : 44;
2152 : 44;
2153 : 44;
2154 : 68;
2155 : 68;
2156 : 68;
2157 : 8D;
2158 : 8D;
2159 : AD;
2160 : B1;
2161 : B1;
2162 : B1;
2163 : B1;
2164 : B1;
2165 : B1;
2166 : B1;
2167 : B1;
2168 : B1;
2169 : D1;
2170 : D1;
2171 : D1;
2172 : D1;
2173 : D1;
2174 : D1;
2175 : D1;
2176 : D1;
2177 : D5;
2178 : D5;
2179 : F5;
2180 : F5;
2181 : F5;
2182 : F5;
2183 : F5;
2184 : F5;
2185 : F5;
2186 : F5;
2187 : F5;
2188 : D1;
2189 : D1;
2190 : D1;
2191 : D1;
2192 : D1;
2193 : D1;
2194 : D1;
2195 : D5;
2196 : F5;
2197 : D5;
2198 : D5;
2199 : D1;
2200 : D1;
2201 : D1;
2202 : D1;
2203 : D1;
2204 : D1;
2205 : D1;
2206 : D1;
2207 : D1;
2208 : D5;
2209 : D5;
2210 : F5;
2211 : F6;
2212 : F6;
2213 : F6;
2214 : F6;
2215 : F6;
2216 : F6;
2217 : D6;
2218 : D1;
2219 : D6;
2220 : D6;
2221 : D6;
2222 : D1;
2223 : B1;
2224 : 8D;
2225 : 8D;
2226 : 8D;
2227 : 68;
2228 : 68;
2229 : 68;
2230 : 8D;
2231 : B6;
2232 : FB;
2233 : FF;
2234 : FF;
2235 : FF;
2236 : FF;
2237 : FF;
2238 : FF;
2239 : FF;
2240 : FF;
2241 : FF;
2242 : FF;
2243 : FF;
2244 : FF;
2245 : FF;
2246 : FF;
2247 : FF;
2248 : FF;
2249 : FF;
2250 : FF;
2251 : FF;
2252 : FF;
2253 : FF;
2254 : FF;
2255 : FF;
2256 : FF;
2257 : FF;
2258 : FF;
2259 : FF;
2260 : FF;
2261 : FF;
2262 : FF;
2263 : FF;
2264 : FF;
2265 : FF;
2266 : FF;
2267 : FF;
2268 : FF;
2269 : FF;
2270 : FF;
2271 : FF;
2272 : FF;
2273 : FF;
2274 : FF;
2275 : FF;
2276 : FF;
2277 : FF;
2278 : FF;
2279 : FF;
2280 : FF;
2281 : FF;
2282 : FF;
2283 : FF;
2284 : FF;
2285 : FF;
2286 : FF;
2287 : FF;
2288 : FF;
2289 : FF;
2290 : FF;
2291 : FF;
2292 : DA;
2293 : 92;
2294 : 6D;
2295 : 6D;
2296 : 6D;
2297 : 69;
2298 : 69;
2299 : 69;
2300 : 69;
2301 : 68;
2302 : 44;
2303 : 44;
2304 : 44;
2305 : 69;
2306 : 8D;
2307 : 8D;
2308 : 6D;
2309 : 69;
2310 : 48;
2311 : 44;
2312 : 44;
2313 : 44;
2314 : 44;
2315 : 68;
2316 : 68;
2317 : 8D;
2318 : B1;
2319 : B1;
2320 : B1;
2321 : D1;
2322 : D1;
2323 : B1;
2324 : B1;
2325 : B1;
2326 : B1;
2327 : B1;
2328 : B1;
2329 : D1;
2330 : D1;
2331 : D1;
2332 : D1;
2333 : D1;
2334 : D1;
2335 : D1;
2336 : D1;
2337 : D5;
2338 : F5;
2339 : F5;
2340 : F5;
2341 : F5;
2342 : F5;
2343 : F5;
2344 : F6;
2345 : F5;
2346 : F5;
2347 : F5;
2348 : D1;
2349 : D1;
2350 : D1;
2351 : D1;
2352 : D1;
2353 : D1;
2354 : D5;
2355 : D5;
2356 : D5;
2357 : D1;
2358 : D1;
2359 : D1;
2360 : D1;
2361 : D1;
2362 : D1;
2363 : D1;
2364 : D1;
2365 : D1;
2366 : D1;
2367 : D1;
2368 : D1;
2369 : D5;
2370 : F5;
2371 : F6;
2372 : F6;
2373 : F6;
2374 : F6;
2375 : F6;
2376 : F6;
2377 : F6;
2378 : F6;
2379 : F6;
2380 : F6;
2381 : D6;
2382 : B1;
2383 : AD;
2384 : 8D;
2385 : 8D;
2386 : 69;
2387 : 68;
2388 : 68;
2389 : 68;
2390 : 69;
2391 : B1;
2392 : DA;
2393 : FF;
2394 : FF;
2395 : FF;
2396 : FF;
2397 : FF;
2398 : FF;
2399 : FF;
2400 : FF;
2401 : FF;
2402 : FF;
2403 : FF;
2404 : FF;
2405 : FF;
2406 : FF;
2407 : FF;
2408 : FF;
2409 : FF;
2410 : FF;
2411 : FF;
2412 : FF;
2413 : FF;
2414 : FF;
2415 : FF;
2416 : FF;
2417 : FF;
2418 : FF;
2419 : FF;
2420 : FF;
2421 : FF;
2422 : FF;
2423 : FF;
2424 : FF;
2425 : FF;
2426 : FF;
2427 : FF;
2428 : FF;
2429 : FF;
2430 : FF;
2431 : FF;
2432 : FF;
2433 : FF;
2434 : FF;
2435 : FF;
2436 : FF;
2437 : FF;
2438 : FF;
2439 : FF;
2440 : FF;
2441 : FF;
2442 : FF;
2443 : FF;
2444 : FF;
2445 : FF;
2446 : FF;
2447 : FF;
2448 : FF;
2449 : FF;
2450 : FF;
2451 : FF;
2452 : D6;
2453 : 8D;
2454 : 6D;
2455 : 6D;
2456 : 69;
2457 : 69;
2458 : 69;
2459 : 69;
2460 : 69;
2461 : 68;
2462 : 44;
2463 : 24;
2464 : 44;
2465 : 69;
2466 : 6D;
2467 : 8D;
2468 : 8D;
2469 : 69;
2470 : 68;
2471 : 48;
2472 : 68;
2473 : 68;
2474 : 68;
2475 : 69;
2476 : 8D;
2477 : B1;
2478 : B1;
2479 : B1;
2480 : B1;
2481 : B1;
2482 : B1;
2483 : B1;
2484 : B1;
2485 : B1;
2486 : B1;
2487 : B1;
2488 : B1;
2489 : B1;
2490 : B1;
2491 : B1;
2492 : D1;
2493 : D1;
2494 : D1;
2495 : D1;
2496 : D1;
2497 : D5;
2498 : F5;
2499 : F5;
2500 : D5;
2501 : F5;
2502 : F5;
2503 : F5;
2504 : F6;
2505 : F5;
2506 : F5;
2507 : F5;
2508 : D5;
2509 : D5;
2510 : D5;
2511 : D5;
2512 : D5;
2513 : D5;
2514 : D5;
2515 : D5;
2516 : D1;
2517 : D1;
2518 : D1;
2519 : D1;
2520 : D1;
2521 : D1;
2522 : D1;
2523 : D1;
2524 : D1;
2525 : D1;
2526 : D1;
2527 : D1;
2528 : D5;
2529 : D5;
2530 : D5;
2531 : F6;
2532 : F6;
2533 : F6;
2534 : F6;
2535 : F6;
2536 : FA;
2537 : FA;
2538 : FA;
2539 : FA;
2540 : F6;
2541 : D5;
2542 : B1;
2543 : AD;
2544 : 8D;
2545 : 8D;
2546 : 6D;
2547 : 68;
2548 : 68;
2549 : 68;
2550 : 68;
2551 : 8D;
2552 : D6;
2553 : FF;
2554 : FF;
2555 : FF;
2556 : FF;
2557 : FF;
2558 : FF;
2559 : FF;
2560 : FF;
2561 : FF;
2562 : FF;
2563 : FF;
2564 : FF;
2565 : FF;
2566 : FF;
2567 : FF;
2568 : FF;
2569 : FF;
2570 : FF;
2571 : FF;
2572 : FF;
2573 : FF;
2574 : FF;
2575 : FF;
2576 : FF;
2577 : FF;
2578 : FF;
2579 : FF;
2580 : FF;
2581 : FF;
2582 : FF;
2583 : FF;
2584 : FF;
2585 : FF;
2586 : FF;
2587 : FF;
2588 : FF;
2589 : FF;
2590 : FF;
2591 : FF;
2592 : FF;
2593 : FF;
2594 : FF;
2595 : FF;
2596 : FF;
2597 : FF;
2598 : FF;
2599 : FF;
2600 : FF;
2601 : FF;
2602 : FF;
2603 : FF;
2604 : FF;
2605 : FF;
2606 : FF;
2607 : FF;
2608 : FF;
2609 : FF;
2610 : FF;
2611 : FF;
2612 : B6;
2613 : 8D;
2614 : 69;
2615 : 6D;
2616 : 6D;
2617 : 6D;
2618 : 6D;
2619 : 6D;
2620 : 69;
2621 : 48;
2622 : 44;
2623 : 44;
2624 : 44;
2625 : 69;
2626 : 6D;
2627 : 8D;
2628 : 8D;
2629 : 6D;
2630 : 68;
2631 : 48;
2632 : 69;
2633 : 69;
2634 : 8D;
2635 : 8D;
2636 : 91;
2637 : B1;
2638 : B1;
2639 : B1;
2640 : B1;
2641 : B1;
2642 : B1;
2643 : B1;
2644 : B1;
2645 : B1;
2646 : B1;
2647 : B1;
2648 : B1;
2649 : B1;
2650 : B1;
2651 : B1;
2652 : B1;
2653 : D1;
2654 : D1;
2655 : D1;
2656 : D1;
2657 : D1;
2658 : D5;
2659 : D5;
2660 : D5;
2661 : D5;
2662 : F5;
2663 : F5;
2664 : F6;
2665 : F5;
2666 : F5;
2667 : D5;
2668 : D5;
2669 : D5;
2670 : F5;
2671 : F5;
2672 : D5;
2673 : D5;
2674 : D5;
2675 : D5;
2676 : D1;
2677 : D1;
2678 : D1;
2679 : D1;
2680 : D1;
2681 : D1;
2682 : D1;
2683 : D1;
2684 : D1;
2685 : D1;
2686 : D5;
2687 : D5;
2688 : D6;
2689 : D6;
2690 : D6;
2691 : F6;
2692 : F6;
2693 : F6;
2694 : F6;
2695 : F6;
2696 : FA;
2697 : FA;
2698 : FA;
2699 : FA;
2700 : D6;
2701 : B1;
2702 : B1;
2703 : B1;
2704 : 8D;
2705 : 8D;
2706 : 69;
2707 : 68;
2708 : 68;
2709 : 68;
2710 : 68;
2711 : 8D;
2712 : B6;
2713 : FB;
2714 : FF;
2715 : FF;
2716 : FF;
2717 : FF;
2718 : FF;
2719 : FF;
2720 : FF;
2721 : FF;
2722 : FF;
2723 : FF;
2724 : FF;
2725 : FF;
2726 : FF;
2727 : FF;
2728 : FF;
2729 : FF;
2730 : FF;
2731 : FF;
2732 : FF;
2733 : FF;
2734 : FF;
2735 : FF;
2736 : FF;
2737 : FF;
2738 : FF;
2739 : FF;
2740 : FF;
2741 : FF;
2742 : FF;
2743 : FF;
2744 : FF;
2745 : FF;
2746 : FF;
2747 : FF;
2748 : FF;
2749 : FF;
2750 : FF;
2751 : FF;
2752 : FF;
2753 : FF;
2754 : FF;
2755 : FF;
2756 : FF;
2757 : FF;
2758 : FF;
2759 : FF;
2760 : FF;
2761 : FF;
2762 : FF;
2763 : FF;
2764 : FF;
2765 : FF;
2766 : FF;
2767 : FF;
2768 : FF;
2769 : FF;
2770 : FF;
2771 : FB;
2772 : B6;
2773 : 8D;
2774 : 6D;
2775 : 8D;
2776 : 8D;
2777 : 8D;
2778 : 8D;
2779 : 6D;
2780 : 69;
2781 : 44;
2782 : 44;
2783 : 44;
2784 : 44;
2785 : 69;
2786 : 6D;
2787 : 8D;
2788 : 8D;
2789 : 6D;
2790 : 48;
2791 : 48;
2792 : 68;
2793 : 69;
2794 : 8D;
2795 : 8D;
2796 : B1;
2797 : B1;
2798 : B1;
2799 : B1;
2800 : B1;
2801 : B1;
2802 : B1;
2803 : B1;
2804 : B1;
2805 : B1;
2806 : B1;
2807 : AD;
2808 : B1;
2809 : B1;
2810 : B1;
2811 : B1;
2812 : B1;
2813 : D1;
2814 : D1;
2815 : D1;
2816 : D1;
2817 : D1;
2818 : D1;
2819 : D5;
2820 : D5;
2821 : D5;
2822 : F5;
2823 : F6;
2824 : F6;
2825 : F5;
2826 : D5;
2827 : D5;
2828 : D5;
2829 : D5;
2830 : D5;
2831 : D5;
2832 : D5;
2833 : D5;
2834 : F6;
2835 : F6;
2836 : D6;
2837 : D1;
2838 : D1;
2839 : D1;
2840 : D1;
2841 : D1;
2842 : D1;
2843 : D1;
2844 : D5;
2845 : D5;
2846 : D5;
2847 : D5;
2848 : D6;
2849 : D6;
2850 : F6;
2851 : F6;
2852 : F6;
2853 : F6;
2854 : F6;
2855 : F6;
2856 : FA;
2857 : FA;
2858 : FA;
2859 : FA;
2860 : F6;
2861 : D1;
2862 : B1;
2863 : 91;
2864 : 8D;
2865 : 8D;
2866 : 68;
2867 : 68;
2868 : 68;
2869 : 68;
2870 : 69;
2871 : 8D;
2872 : B2;
2873 : FB;
2874 : FF;
2875 : FF;
2876 : FF;
2877 : FF;
2878 : FF;
2879 : FF;
2880 : FF;
2881 : FF;
2882 : FF;
2883 : FF;
2884 : FF;
2885 : FF;
2886 : FF;
2887 : FF;
2888 : FF;
2889 : FF;
2890 : FF;
2891 : FF;
2892 : FF;
2893 : FF;
2894 : FF;
2895 : FF;
2896 : FF;
2897 : FF;
2898 : FF;
2899 : FF;
2900 : FF;
2901 : FF;
2902 : FF;
2903 : FF;
2904 : FF;
2905 : FF;
2906 : FF;
2907 : FF;
2908 : FF;
2909 : FF;
2910 : FF;
2911 : FF;
2912 : FF;
2913 : FF;
2914 : FF;
2915 : FF;
2916 : FF;
2917 : FF;
2918 : FF;
2919 : FF;
2920 : FF;
2921 : FF;
2922 : FF;
2923 : FF;
2924 : FF;
2925 : FF;
2926 : FF;
2927 : FF;
2928 : FF;
2929 : FF;
2930 : FF;
2931 : DB;
2932 : B2;
2933 : 8D;
2934 : 6D;
2935 : 8D;
2936 : 8D;
2937 : 8D;
2938 : 8D;
2939 : 69;
2940 : 48;
2941 : 44;
2942 : 44;
2943 : 44;
2944 : 48;
2945 : 69;
2946 : 6D;
2947 : 8D;
2948 : 8D;
2949 : 6D;
2950 : 69;
2951 : 48;
2952 : 48;
2953 : 69;
2954 : 8D;
2955 : 8D;
2956 : B1;
2957 : B1;
2958 : B1;
2959 : B1;
2960 : B1;
2961 : B1;
2962 : B1;
2963 : B1;
2964 : B1;
2965 : AD;
2966 : AD;
2967 : AD;
2968 : AD;
2969 : AD;
2970 : B1;
2971 : B1;
2972 : B1;
2973 : B1;
2974 : B1;
2975 : D1;
2976 : D1;
2977 : D1;
2978 : D1;
2979 : D5;
2980 : D5;
2981 : D5;
2982 : F5;
2983 : F6;
2984 : F6;
2985 : F5;
2986 : D5;
2987 : D5;
2988 : D5;
2989 : D5;
2990 : F5;
2991 : F6;
2992 : F6;
2993 : F6;
2994 : F6;
2995 : F6;
2996 : F6;
2997 : F6;
2998 : D6;
2999 : D1;
3000 : D1;
3001 : D1;
3002 : D1;
3003 : D1;
3004 : D5;
3005 : D5;
3006 : D5;
3007 : D6;
3008 : F6;
3009 : F6;
3010 : F6;
3011 : F6;
3012 : F6;
3013 : F6;
3014 : F6;
3015 : FA;
3016 : FA;
3017 : FA;
3018 : FA;
3019 : FA;
3020 : FA;
3021 : D6;
3022 : B1;
3023 : 8D;
3024 : 8D;
3025 : 6D;
3026 : 69;
3027 : 68;
3028 : 68;
3029 : 68;
3030 : 69;
3031 : 69;
3032 : B2;
3033 : FB;
3034 : FF;
3035 : FF;
3036 : FF;
3037 : FF;
3038 : FF;
3039 : FF;
3040 : FF;
3041 : FF;
3042 : FF;
3043 : FF;
3044 : FF;
3045 : FF;
3046 : FF;
3047 : FF;
3048 : FF;
3049 : FF;
3050 : FF;
3051 : FF;
3052 : FF;
3053 : FF;
3054 : FF;
3055 : FF;
3056 : FF;
3057 : FF;
3058 : FF;
3059 : FF;
3060 : FF;
3061 : FF;
3062 : FF;
3063 : FF;
3064 : FF;
3065 : FF;
3066 : FF;
3067 : FF;
3068 : FF;
3069 : FF;
3070 : FF;
3071 : FF;
3072 : FF;
3073 : FF;
3074 : FF;
3075 : FF;
3076 : FF;
3077 : FF;
3078 : FF;
3079 : FF;
3080 : FF;
3081 : FF;
3082 : FF;
3083 : FF;
3084 : FF;
3085 : FF;
3086 : FF;
3087 : FF;
3088 : FF;
3089 : FF;
3090 : FF;
3091 : DA;
3092 : B2;
3093 : 8D;
3094 : 6D;
3095 : 8D;
3096 : 8D;
3097 : 8D;
3098 : 6D;
3099 : 48;
3100 : 44;
3101 : 44;
3102 : 44;
3103 : 44;
3104 : 44;
3105 : 48;
3106 : 69;
3107 : 6D;
3108 : 8D;
3109 : 6D;
3110 : 69;
3111 : 68;
3112 : 48;
3113 : 69;
3114 : 8D;
3115 : 91;
3116 : B1;
3117 : B1;
3118 : B1;
3119 : B1;
3120 : B1;
3121 : B1;
3122 : B1;
3123 : B1;
3124 : B1;
3125 : B1;
3126 : AD;
3127 : AD;
3128 : AD;
3129 : AD;
3130 : B1;
3131 : B1;
3132 : B1;
3133 : B1;
3134 : B1;
3135 : B1;
3136 : B1;
3137 : D1;
3138 : D1;
3139 : D5;
3140 : D5;
3141 : D5;
3142 : D5;
3143 : F6;
3144 : F6;
3145 : F6;
3146 : D5;
3147 : D5;
3148 : F6;
3149 : F6;
3150 : F6;
3151 : F6;
3152 : F6;
3153 : F6;
3154 : F6;
3155 : F6;
3156 : F6;
3157 : F6;
3158 : D6;
3159 : D1;
3160 : D1;
3161 : D1;
3162 : D1;
3163 : D1;
3164 : D1;
3165 : D5;
3166 : D5;
3167 : D6;
3168 : F6;
3169 : F6;
3170 : F6;
3171 : F6;
3172 : F6;
3173 : F6;
3174 : F6;
3175 : FA;
3176 : FA;
3177 : FA;
3178 : FA;
3179 : FA;
3180 : FA;
3181 : F6;
3182 : B1;
3183 : 8D;
3184 : 8D;
3185 : 69;
3186 : 68;
3187 : 68;
3188 : 68;
3189 : 68;
3190 : 69;
3191 : 69;
3192 : 91;
3193 : FB;
3194 : FF;
3195 : FF;
3196 : FF;
3197 : FF;
3198 : FF;
3199 : FF;
3200 : FF;
3201 : FF;
3202 : FF;
3203 : FF;
3204 : FF;
3205 : FF;
3206 : FF;
3207 : FF;
3208 : FF;
3209 : FF;
3210 : FF;
3211 : FF;
3212 : FF;
3213 : FF;
3214 : FF;
3215 : FF;
3216 : FF;
3217 : FF;
3218 : FF;
3219 : FF;
3220 : FF;
3221 : FF;
3222 : FF;
3223 : FF;
3224 : FF;
3225 : FF;
3226 : FF;
3227 : FF;
3228 : FF;
3229 : FF;
3230 : FF;
3231 : FF;
3232 : FF;
3233 : FF;
3234 : FF;
3235 : FF;
3236 : FF;
3237 : FF;
3238 : FF;
3239 : FF;
3240 : FF;
3241 : FF;
3242 : FF;
3243 : FF;
3244 : FF;
3245 : FF;
3246 : FF;
3247 : FF;
3248 : FF;
3249 : FF;
3250 : FF;
3251 : DA;
3252 : 91;
3253 : 8D;
3254 : 69;
3255 : 8D;
3256 : 8D;
3257 : 8D;
3258 : 69;
3259 : 44;
3260 : 44;
3261 : 44;
3262 : 44;
3263 : 24;
3264 : 24;
3265 : 24;
3266 : 44;
3267 : 48;
3268 : 69;
3269 : 6D;
3270 : 69;
3271 : 68;
3272 : 68;
3273 : 69;
3274 : 8D;
3275 : B1;
3276 : B1;
3277 : B1;
3278 : B1;
3279 : B1;
3280 : B1;
3281 : B1;
3282 : B1;
3283 : B1;
3284 : AD;
3285 : AD;
3286 : AD;
3287 : AD;
3288 : AD;
3289 : AD;
3290 : AD;
3291 : AD;
3292 : AD;
3293 : AD;
3294 : AD;
3295 : B1;
3296 : B1;
3297 : D1;
3298 : D1;
3299 : D5;
3300 : D5;
3301 : D6;
3302 : F6;
3303 : F6;
3304 : F6;
3305 : D5;
3306 : D5;
3307 : D5;
3308 : F6;
3309 : F6;
3310 : F6;
3311 : F6;
3312 : F6;
3313 : F6;
3314 : F6;
3315 : F6;
3316 : F6;
3317 : F6;
3318 : D6;
3319 : D1;
3320 : D1;
3321 : D1;
3322 : D1;
3323 : D1;
3324 : D1;
3325 : D5;
3326 : D5;
3327 : D6;
3328 : F6;
3329 : F6;
3330 : F6;
3331 : FA;
3332 : FA;
3333 : FA;
3334 : FA;
3335 : FA;
3336 : FA;
3337 : FA;
3338 : FA;
3339 : FA;
3340 : FA;
3341 : FA;
3342 : B1;
3343 : 8D;
3344 : 6D;
3345 : 68;
3346 : 68;
3347 : 68;
3348 : 68;
3349 : 68;
3350 : 69;
3351 : 69;
3352 : 8D;
3353 : DA;
3354 : FF;
3355 : FF;
3356 : FF;
3357 : FF;
3358 : FF;
3359 : FF;
3360 : FF;
3361 : FF;
3362 : FF;
3363 : FF;
3364 : FF;
3365 : FF;
3366 : FF;
3367 : FF;
3368 : FF;
3369 : FF;
3370 : FF;
3371 : FF;
3372 : FF;
3373 : FF;
3374 : FF;
3375 : FF;
3376 : FF;
3377 : FF;
3378 : FF;
3379 : FF;
3380 : FF;
3381 : FF;
3382 : FF;
3383 : FF;
3384 : FF;
3385 : FF;
3386 : FF;
3387 : FF;
3388 : FF;
3389 : FF;
3390 : FF;
3391 : FF;
3392 : FF;
3393 : FF;
3394 : FF;
3395 : FF;
3396 : FF;
3397 : FF;
3398 : FF;
3399 : FF;
3400 : FF;
3401 : FF;
3402 : FF;
3403 : FF;
3404 : FF;
3405 : FF;
3406 : FF;
3407 : FF;
3408 : FF;
3409 : FF;
3410 : FF;
3411 : D6;
3412 : 91;
3413 : 8D;
3414 : 69;
3415 : 8D;
3416 : 8D;
3417 : 69;
3418 : 48;
3419 : 44;
3420 : 44;
3421 : 44;
3422 : 44;
3423 : 24;
3424 : 24;
3425 : 24;
3426 : 24;
3427 : 44;
3428 : 69;
3429 : 69;
3430 : 68;
3431 : 48;
3432 : 48;
3433 : 69;
3434 : 8D;
3435 : 91;
3436 : B1;
3437 : B1;
3438 : B1;
3439 : B1;
3440 : B1;
3441 : B1;
3442 : AD;
3443 : AD;
3444 : AD;
3445 : 8D;
3446 : 8D;
3447 : AD;
3448 : AD;
3449 : AD;
3450 : AD;
3451 : AD;
3452 : AD;
3453 : AD;
3454 : AD;
3455 : AD;
3456 : B1;
3457 : B1;
3458 : D1;
3459 : D5;
3460 : D6;
3461 : F6;
3462 : F6;
3463 : F6;
3464 : F6;
3465 : D6;
3466 : D6;
3467 : D6;
3468 : F6;
3469 : F6;
3470 : F6;
3471 : F6;
3472 : F6;
3473 : F6;
3474 : F6;
3475 : F6;
3476 : F6;
3477 : F6;
3478 : D6;
3479 : D5;
3480 : D1;
3481 : D1;
3482 : D1;
3483 : D1;
3484 : D1;
3485 : D5;
3486 : D5;
3487 : D6;
3488 : F6;
3489 : F6;
3490 : FA;
3491 : FA;
3492 : FA;
3493 : FA;
3494 : FA;
3495 : FA;
3496 : FA;
3497 : FA;
3498 : FA;
3499 : FA;
3500 : FA;
3501 : FA;
3502 : D2;
3503 : 8D;
3504 : 69;
3505 : 69;
3506 : 68;
3507 : 68;
3508 : 68;
3509 : 68;
3510 : 69;
3511 : 69;
3512 : 8D;
3513 : D6;
3514 : FF;
3515 : FF;
3516 : FF;
3517 : FF;
3518 : FF;
3519 : FF;
3520 : FF;
3521 : FF;
3522 : FF;
3523 : FF;
3524 : FF;
3525 : FF;
3526 : FF;
3527 : FF;
3528 : FF;
3529 : FF;
3530 : FF;
3531 : FF;
3532 : FF;
3533 : FF;
3534 : FF;
3535 : FF;
3536 : FF;
3537 : FF;
3538 : FF;
3539 : FF;
3540 : FF;
3541 : FF;
3542 : FF;
3543 : FF;
3544 : FF;
3545 : FF;
3546 : FF;
3547 : FF;
3548 : FF;
3549 : FF;
3550 : FF;
3551 : FF;
3552 : FF;
3553 : FF;
3554 : FF;
3555 : FF;
3556 : FF;
3557 : FF;
3558 : FF;
3559 : FF;
3560 : FF;
3561 : FF;
3562 : FF;
3563 : FF;
3564 : FF;
3565 : FF;
3566 : FF;
3567 : FF;
3568 : FF;
3569 : FF;
3570 : FB;
3571 : B6;
3572 : 8D;
3573 : 8D;
3574 : 6D;
3575 : 6D;
3576 : 69;
3577 : 48;
3578 : 44;
3579 : 44;
3580 : 44;
3581 : 44;
3582 : 44;
3583 : 44;
3584 : 44;
3585 : 44;
3586 : 24;
3587 : 44;
3588 : 69;
3589 : 8D;
3590 : 69;
3591 : 48;
3592 : 68;
3593 : 6D;
3594 : 8D;
3595 : 91;
3596 : 91;
3597 : B1;
3598 : B1;
3599 : B1;
3600 : B1;
3601 : B1;
3602 : AD;
3603 : AD;
3604 : AD;
3605 : AD;
3606 : 8D;
3607 : AD;
3608 : AD;
3609 : AD;
3610 : AD;
3611 : AD;
3612 : AD;
3613 : AD;
3614 : AD;
3615 : AD;
3616 : AD;
3617 : B1;
3618 : B1;
3619 : D1;
3620 : D1;
3621 : D6;
3622 : F6;
3623 : F6;
3624 : F6;
3625 : F6;
3626 : F6;
3627 : D6;
3628 : F6;
3629 : F6;
3630 : F6;
3631 : F6;
3632 : F6;
3633 : F6;
3634 : F6;
3635 : F6;
3636 : F6;
3637 : F6;
3638 : F6;
3639 : D5;
3640 : D1;
3641 : D1;
3642 : D1;
3643 : D1;
3644 : D1;
3645 : D5;
3646 : D5;
3647 : D6;
3648 : F6;
3649 : F6;
3650 : FA;
3651 : FA;
3652 : FA;
3653 : FA;
3654 : FA;
3655 : FA;
3656 : FA;
3657 : FA;
3658 : FA;
3659 : FA;
3660 : FA;
3661 : FA;
3662 : D6;
3663 : 8D;
3664 : 69;
3665 : 69;
3666 : 69;
3667 : 69;
3668 : 69;
3669 : 68;
3670 : 48;
3671 : 48;
3672 : 69;
3673 : B6;
3674 : FF;
3675 : FF;
3676 : FF;
3677 : FF;
3678 : FF;
3679 : FF;
3680 : FF;
3681 : FF;
3682 : FF;
3683 : FF;
3684 : FF;
3685 : FF;
3686 : FF;
3687 : FF;
3688 : FF;
3689 : FF;
3690 : FF;
3691 : FF;
3692 : FF;
3693 : FF;
3694 : FF;
3695 : FF;
3696 : FF;
3697 : FF;
3698 : FF;
3699 : FF;
3700 : FF;
3701 : FF;
3702 : FF;
3703 : FF;
3704 : FF;
3705 : FF;
3706 : FF;
3707 : FF;
3708 : FF;
3709 : FF;
3710 : FF;
3711 : FF;
3712 : FF;
3713 : FF;
3714 : FF;
3715 : FF;
3716 : FF;
3717 : FF;
3718 : FF;
3719 : FF;
3720 : FF;
3721 : FF;
3722 : FF;
3723 : FF;
3724 : FF;
3725 : FF;
3726 : FF;
3727 : FF;
3728 : FF;
3729 : FF;
3730 : DB;
3731 : B2;
3732 : 8D;
3733 : 8D;
3734 : 8D;
3735 : 6D;
3736 : 48;
3737 : 44;
3738 : 24;
3739 : 24;
3740 : 24;
3741 : 24;
3742 : 24;
3743 : 44;
3744 : 44;
3745 : 44;
3746 : 24;
3747 : 44;
3748 : 69;
3749 : 8D;
3750 : 8D;
3751 : 69;
3752 : 69;
3753 : 6D;
3754 : 8D;
3755 : 91;
3756 : 91;
3757 : B1;
3758 : B1;
3759 : B1;
3760 : B1;
3761 : AD;
3762 : AD;
3763 : AD;
3764 : AD;
3765 : AD;
3766 : 8D;
3767 : AD;
3768 : AD;
3769 : AD;
3770 : AD;
3771 : AD;
3772 : AD;
3773 : AD;
3774 : 8D;
3775 : AD;
3776 : AD;
3777 : B1;
3778 : B1;
3779 : B1;
3780 : B1;
3781 : D5;
3782 : D6;
3783 : D6;
3784 : D6;
3785 : D6;
3786 : D6;
3787 : D6;
3788 : D6;
3789 : F6;
3790 : F6;
3791 : FA;
3792 : FA;
3793 : FA;
3794 : FA;
3795 : F6;
3796 : F6;
3797 : F6;
3798 : F6;
3799 : D6;
3800 : D1;
3801 : D1;
3802 : D1;
3803 : D1;
3804 : D1;
3805 : D5;
3806 : D6;
3807 : D6;
3808 : F6;
3809 : F6;
3810 : FA;
3811 : FA;
3812 : FA;
3813 : FA;
3814 : FA;
3815 : FA;
3816 : FA;
3817 : FA;
3818 : FA;
3819 : FA;
3820 : FA;
3821 : FA;
3822 : D6;
3823 : AD;
3824 : 89;
3825 : 69;
3826 : 69;
3827 : 69;
3828 : 69;
3829 : 68;
3830 : 44;
3831 : 48;
3832 : 69;
3833 : B2;
3834 : FB;
3835 : FF;
3836 : FF;
3837 : FF;
3838 : FF;
3839 : FF;
3840 : FF;
3841 : FF;
3842 : FF;
3843 : FF;
3844 : FF;
3845 : FF;
3846 : FF;
3847 : FF;
3848 : FF;
3849 : FF;
3850 : FF;
3851 : FF;
3852 : FF;
3853 : FF;
3854 : FF;
3855 : FF;
3856 : FF;
3857 : FF;
3858 : FF;
3859 : FF;
3860 : FF;
3861 : FF;
3862 : FF;
3863 : FF;
3864 : FF;
3865 : FF;
3866 : FF;
3867 : FF;
3868 : FF;
3869 : FF;
3870 : FF;
3871 : FF;
3872 : FF;
3873 : FF;
3874 : FF;
3875 : FF;
3876 : FF;
3877 : FF;
3878 : FF;
3879 : FF;
3880 : FF;
3881 : FF;
3882 : FF;
3883 : FF;
3884 : FF;
3885 : FF;
3886 : FF;
3887 : FF;
3888 : FF;
3889 : FF;
3890 : D6;
3891 : B2;
3892 : 8D;
3893 : 8D;
3894 : 8D;
3895 : 69;
3896 : 44;
3897 : 24;
3898 : 24;
3899 : 20;
3900 : 20;
3901 : 20;
3902 : 24;
3903 : 24;
3904 : 24;
3905 : 24;
3906 : 24;
3907 : 44;
3908 : 69;
3909 : 91;
3910 : 8D;
3911 : 6D;
3912 : 69;
3913 : 8D;
3914 : 91;
3915 : 91;
3916 : 91;
3917 : 8D;
3918 : 91;
3919 : B1;
3920 : B1;
3921 : AD;
3922 : AD;
3923 : 8D;
3924 : 8D;
3925 : 8D;
3926 : 8D;
3927 : 8D;
3928 : 8D;
3929 : 8D;
3930 : 8D;
3931 : 8D;
3932 : 8D;
3933 : AD;
3934 : AD;
3935 : AD;
3936 : AD;
3937 : AD;
3938 : B1;
3939 : B1;
3940 : B1;
3941 : D1;
3942 : D1;
3943 : D6;
3944 : D6;
3945 : D6;
3946 : D6;
3947 : D6;
3948 : D6;
3949 : F6;
3950 : F6;
3951 : FA;
3952 : FA;
3953 : FA;
3954 : FA;
3955 : FA;
3956 : F6;
3957 : F6;
3958 : F6;
3959 : F6;
3960 : D1;
3961 : D1;
3962 : D1;
3963 : D1;
3964 : D1;
3965 : D5;
3966 : D6;
3967 : D6;
3968 : F6;
3969 : D6;
3970 : F6;
3971 : FA;
3972 : FA;
3973 : FA;
3974 : FA;
3975 : FA;
3976 : FA;
3977 : FA;
3978 : FA;
3979 : FA;
3980 : FA;
3981 : FA;
3982 : D6;
3983 : B1;
3984 : 89;
3985 : 69;
3986 : 69;
3987 : 69;
3988 : 69;
3989 : 69;
3990 : 48;
3991 : 48;
3992 : 69;
3993 : 91;
3994 : DB;
3995 : FF;
3996 : FF;
3997 : FF;
3998 : FF;
3999 : FF;
4000 : FF;
4001 : FF;
4002 : FF;
4003 : FF;
4004 : FF;
4005 : FF;
4006 : FF;
4007 : FF;
4008 : FF;
4009 : FF;
4010 : FF;
4011 : FF;
4012 : FF;
4013 : FF;
4014 : FF;
4015 : FF;
4016 : FF;
4017 : FF;
4018 : FF;
4019 : FF;
4020 : FF;
4021 : FF;
4022 : FF;
4023 : FF;
4024 : FF;
4025 : FF;
4026 : FF;
4027 : FF;
4028 : FF;
4029 : FF;
4030 : FF;
4031 : FF;
4032 : FF;
4033 : FF;
4034 : FF;
4035 : FF;
4036 : FF;
4037 : FF;
4038 : FF;
4039 : FF;
4040 : FF;
4041 : FF;
4042 : FF;
4043 : FF;
4044 : FF;
4045 : FF;
4046 : FF;
4047 : FF;
4048 : FF;
4049 : DA;
4050 : B2;
4051 : 91;
4052 : 8D;
4053 : 8D;
4054 : 6D;
4055 : 69;
4056 : 44;
4057 : 24;
4058 : 24;
4059 : 20;
4060 : 20;
4061 : 20;
4062 : 20;
4063 : 20;
4064 : 24;
4065 : 24;
4066 : 24;
4067 : 48;
4068 : 6D;
4069 : 91;
4070 : 8D;
4071 : 6D;
4072 : 6D;
4073 : 8D;
4074 : 91;
4075 : 91;
4076 : 8D;
4077 : 8D;
4078 : 8D;
4079 : 8D;
4080 : AD;
4081 : AD;
4082 : 8D;
4083 : 8D;
4084 : 8D;
4085 : 8D;
4086 : 8D;
4087 : 8D;
4088 : 8D;
4089 : 8C;
4090 : 8D;
4091 : 8D;
4092 : AD;
4093 : AD;
4094 : AD;
4095 : AD;
4096 : AD;
4097 : B1;
4098 : B1;
4099 : B1;
4100 : B1;
4101 : B1;
4102 : D1;
4103 : D5;
4104 : D6;
4105 : D6;
4106 : D6;
4107 : D1;
4108 : D6;
4109 : F6;
4110 : F6;
4111 : F6;
4112 : FA;
4113 : FA;
4114 : FA;
4115 : FA;
4116 : FA;
4117 : F6;
4118 : F6;
4119 : F6;
4120 : D1;
4121 : D1;
4122 : D1;
4123 : D1;
4124 : D1;
4125 : D5;
4126 : D6;
4127 : D6;
4128 : D6;
4129 : D6;
4130 : D6;
4131 : FA;
4132 : FA;
4133 : FA;
4134 : FA;
4135 : FA;
4136 : FA;
4137 : FA;
4138 : FA;
4139 : FA;
4140 : FA;
4141 : FA;
4142 : D6;
4143 : B2;
4144 : 8D;
4145 : 69;
4146 : 69;
4147 : 69;
4148 : 69;
4149 : 69;
4150 : 69;
4151 : 68;
4152 : 69;
4153 : 8D;
4154 : D6;
4155 : FF;
4156 : FF;
4157 : FF;
4158 : FF;
4159 : FF;
4160 : FF;
4161 : FF;
4162 : FF;
4163 : FF;
4164 : FF;
4165 : FF;
4166 : FF;
4167 : FF;
4168 : FF;
4169 : FF;
4170 : FF;
4171 : FF;
4172 : FF;
4173 : FF;
4174 : FF;
4175 : FF;
4176 : FF;
4177 : FF;
4178 : FF;
4179 : FF;
4180 : FF;
4181 : FF;
4182 : FF;
4183 : FF;
4184 : FF;
4185 : FF;
4186 : FF;
4187 : FF;
4188 : FF;
4189 : FF;
4190 : FF;
4191 : FF;
4192 : FF;
4193 : FF;
4194 : FF;
4195 : FF;
4196 : FF;
4197 : FF;
4198 : FF;
4199 : FF;
4200 : FF;
4201 : FF;
4202 : FF;
4203 : FF;
4204 : FF;
4205 : FF;
4206 : FF;
4207 : FF;
4208 : DB;
4209 : B6;
4210 : 8D;
4211 : 8D;
4212 : 8D;
4213 : 8D;
4214 : B1;
4215 : 8D;
4216 : 44;
4217 : 24;
4218 : 20;
4219 : 24;
4220 : 24;
4221 : 24;
4222 : 24;
4223 : 24;
4224 : 24;
4225 : 44;
4226 : 44;
4227 : 69;
4228 : 6D;
4229 : 8D;
4230 : 8D;
4231 : 6D;
4232 : 6D;
4233 : 8D;
4234 : 91;
4235 : 91;
4236 : 8D;
4237 : 8D;
4238 : 8D;
4239 : 8D;
4240 : AD;
4241 : AD;
4242 : 8D;
4243 : 8D;
4244 : 8D;
4245 : 8D;
4246 : 8D;
4247 : 8D;
4248 : 8D;
4249 : 8D;
4250 : 8D;
4251 : 8D;
4252 : AD;
4253 : AD;
4254 : 8D;
4255 : AD;
4256 : AD;
4257 : AD;
4258 : B1;
4259 : B1;
4260 : B1;
4261 : B1;
4262 : D1;
4263 : D1;
4264 : D6;
4265 : D6;
4266 : D6;
4267 : D5;
4268 : D6;
4269 : F6;
4270 : F6;
4271 : F6;
4272 : FA;
4273 : FA;
4274 : FA;
4275 : FA;
4276 : FA;
4277 : FA;
4278 : F6;
4279 : F6;
4280 : D6;
4281 : D1;
4282 : D1;
4283 : D1;
4284 : D1;
4285 : D6;
4286 : D6;
4287 : D6;
4288 : D6;
4289 : D6;
4290 : D6;
4291 : FA;
4292 : FA;
4293 : FA;
4294 : FA;
4295 : FA;
4296 : FA;
4297 : FA;
4298 : FA;
4299 : FA;
4300 : FA;
4301 : FA;
4302 : D6;
4303 : B2;
4304 : 8D;
4305 : 69;
4306 : 69;
4307 : 69;
4308 : 69;
4309 : 68;
4310 : 68;
4311 : 48;
4312 : 68;
4313 : 6D;
4314 : D6;
4315 : FF;
4316 : FF;
4317 : FF;
4318 : FF;
4319 : FF;
4320 : FF;
4321 : FF;
4322 : FF;
4323 : FF;
4324 : FF;
4325 : FF;
4326 : FF;
4327 : FF;
4328 : FF;
4329 : FF;
4330 : FF;
4331 : FF;
4332 : FF;
4333 : FF;
4334 : FF;
4335 : FF;
4336 : FF;
4337 : FF;
4338 : FF;
4339 : FF;
4340 : FF;
4341 : FF;
4342 : FF;
4343 : FF;
4344 : FF;
4345 : FF;
4346 : FF;
4347 : FF;
4348 : FF;
4349 : FF;
4350 : FF;
4351 : FF;
4352 : FF;
4353 : FF;
4354 : FF;
4355 : FF;
4356 : FF;
4357 : FF;
4358 : FF;
4359 : FF;
4360 : FF;
4361 : FF;
4362 : FF;
4363 : FF;
4364 : FF;
4365 : FF;
4366 : FF;
4367 : FF;
4368 : D6;
4369 : 91;
4370 : 8D;
4371 : 8D;
4372 : 8D;
4373 : B2;
4374 : D6;
4375 : D6;
4376 : 8D;
4377 : 44;
4378 : 24;
4379 : 24;
4380 : 44;
4381 : 48;
4382 : 48;
4383 : 48;
4384 : 48;
4385 : 48;
4386 : 68;
4387 : 69;
4388 : 69;
4389 : 6D;
4390 : 6D;
4391 : 6D;
4392 : 6D;
4393 : 8D;
4394 : 91;
4395 : 91;
4396 : 8D;
4397 : 8D;
4398 : AD;
4399 : AD;
4400 : AD;
4401 : AD;
4402 : 8D;
4403 : 8D;
4404 : 8D;
4405 : 8D;
4406 : 8D;
4407 : 8D;
4408 : 8D;
4409 : 8D;
4410 : 8D;
4411 : 8D;
4412 : 8D;
4413 : 8D;
4414 : 8D;
4415 : 8D;
4416 : 8D;
4417 : 8D;
4418 : AD;
4419 : B1;
4420 : B1;
4421 : B1;
4422 : D1;
4423 : D5;
4424 : D6;
4425 : D6;
4426 : D6;
4427 : D6;
4428 : D6;
4429 : FA;
4430 : FA;
4431 : F6;
4432 : FA;
4433 : FA;
4434 : FA;
4435 : FA;
4436 : FA;
4437 : FA;
4438 : FA;
4439 : F6;
4440 : D6;
4441 : D1;
4442 : D1;
4443 : D1;
4444 : D6;
4445 : D6;
4446 : D6;
4447 : D6;
4448 : D6;
4449 : D6;
4450 : D6;
4451 : F6;
4452 : FA;
4453 : FA;
4454 : FA;
4455 : FB;
4456 : FB;
4457 : FB;
4458 : FB;
4459 : FB;
4460 : FA;
4461 : FA;
4462 : D6;
4463 : B2;
4464 : 8D;
4465 : 69;
4466 : 69;
4467 : 69;
4468 : 68;
4469 : 68;
4470 : 68;
4471 : 48;
4472 : 48;
4473 : 6D;
4474 : D6;
4475 : FF;
4476 : FF;
4477 : FF;
4478 : FF;
4479 : FF;
4480 : FF;
4481 : FF;
4482 : FF;
4483 : FF;
4484 : FF;
4485 : FF;
4486 : FF;
4487 : FF;
4488 : FF;
4489 : FF;
4490 : FF;
4491 : FF;
4492 : FF;
4493 : FF;
4494 : FF;
4495 : FF;
4496 : FF;
4497 : FF;
4498 : FF;
4499 : FF;
4500 : FF;
4501 : FF;
4502 : FF;
4503 : FF;
4504 : FF;
4505 : FF;
4506 : FF;
4507 : FF;
4508 : FF;
4509 : FF;
4510 : FF;
4511 : FF;
4512 : FF;
4513 : FF;
4514 : FF;
4515 : FF;
4516 : FF;
4517 : FF;
4518 : FF;
4519 : FF;
4520 : FF;
4521 : FF;
4522 : FF;
4523 : FF;
4524 : FF;
4525 : FF;
4526 : FF;
4527 : FF;
4528 : B6;
4529 : 8D;
4530 : 8D;
4531 : 8D;
4532 : 8D;
4533 : B6;
4534 : FB;
4535 : FF;
4536 : DA;
4537 : 8D;
4538 : 48;
4539 : 49;
4540 : 49;
4541 : 48;
4542 : 48;
4543 : 48;
4544 : 69;
4545 : 69;
4546 : 69;
4547 : 69;
4548 : 69;
4549 : 48;
4550 : 48;
4551 : 69;
4552 : 6D;
4553 : 8D;
4554 : 8D;
4555 : 8D;
4556 : 8D;
4557 : 8D;
4558 : AD;
4559 : AD;
4560 : AD;
4561 : 8D;
4562 : 8D;
4563 : 8D;
4564 : 8D;
4565 : 8D;
4566 : 8D;
4567 : 8D;
4568 : 8D;
4569 : 8D;
4570 : 8D;
4571 : 8C;
4572 : 8C;
4573 : 8C;
4574 : 8D;
4575 : 8D;
4576 : 8D;
4577 : 8D;
4578 : 8D;
4579 : AD;
4580 : B1;
4581 : B1;
4582 : B1;
4583 : D6;
4584 : D6;
4585 : D6;
4586 : D6;
4587 : D6;
4588 : D6;
4589 : FA;
4590 : FA;
4591 : FA;
4592 : FA;
4593 : FA;
4594 : FA;
4595 : FA;
4596 : FA;
4597 : FA;
4598 : FA;
4599 : F6;
4600 : D6;
4601 : D6;
4602 : D1;
4603 : D1;
4604 : D6;
4605 : D6;
4606 : D6;
4607 : D6;
4608 : D6;
4609 : D6;
4610 : F6;
4611 : F6;
4612 : FA;
4613 : FA;
4614 : FA;
4615 : FB;
4616 : FB;
4617 : FB;
4618 : FB;
4619 : FB;
4620 : FB;
4621 : FA;
4622 : D6;
4623 : B2;
4624 : 8D;
4625 : 69;
4626 : 69;
4627 : 69;
4628 : 68;
4629 : 68;
4630 : 48;
4631 : 48;
4632 : 48;
4633 : 6D;
4634 : B6;
4635 : FF;
4636 : FF;
4637 : FF;
4638 : FF;
4639 : FF;
4640 : FF;
4641 : FF;
4642 : FF;
4643 : FF;
4644 : FF;
4645 : FF;
4646 : FF;
4647 : FF;
4648 : FF;
4649 : FF;
4650 : FF;
4651 : FF;
4652 : FF;
4653 : FF;
4654 : FF;
4655 : FF;
4656 : FF;
4657 : FF;
4658 : FF;
4659 : FF;
4660 : FF;
4661 : FF;
4662 : FF;
4663 : FF;
4664 : FF;
4665 : FF;
4666 : FF;
4667 : FF;
4668 : FF;
4669 : FF;
4670 : FF;
4671 : FF;
4672 : FF;
4673 : FF;
4674 : FF;
4675 : FF;
4676 : FF;
4677 : FF;
4678 : FF;
4679 : FF;
4680 : FF;
4681 : FF;
4682 : FF;
4683 : FF;
4684 : FF;
4685 : FF;
4686 : FF;
4687 : FB;
4688 : B2;
4689 : 8D;
4690 : 8D;
4691 : 8D;
4692 : 8D;
4693 : D6;
4694 : FF;
4695 : FF;
4696 : FF;
4697 : DA;
4698 : 91;
4699 : 6D;
4700 : 49;
4701 : 48;
4702 : 48;
4703 : 48;
4704 : 69;
4705 : 69;
4706 : 6D;
4707 : 6D;
4708 : 69;
4709 : 48;
4710 : 44;
4711 : 69;
4712 : 8D;
4713 : 8D;
4714 : 8D;
4715 : 8D;
4716 : 8D;
4717 : AD;
4718 : AD;
4719 : AD;
4720 : 8D;
4721 : 8D;
4722 : 8D;
4723 : 8D;
4724 : 8D;
4725 : 8D;
4726 : 8D;
4727 : 8D;
4728 : 8D;
4729 : 8D;
4730 : 8D;
4731 : 8D;
4732 : 8D;
4733 : 8D;
4734 : 8D;
4735 : 8D;
4736 : AD;
4737 : AD;
4738 : B1;
4739 : B1;
4740 : B1;
4741 : B1;
4742 : D1;
4743 : D6;
4744 : D6;
4745 : D6;
4746 : D6;
4747 : D6;
4748 : D6;
4749 : FA;
4750 : FA;
4751 : FA;
4752 : FA;
4753 : FA;
4754 : FA;
4755 : FA;
4756 : FA;
4757 : FA;
4758 : FA;
4759 : F6;
4760 : D6;
4761 : D6;
4762 : D1;
4763 : D1;
4764 : D5;
4765 : D5;
4766 : D6;
4767 : D6;
4768 : D6;
4769 : D6;
4770 : D6;
4771 : F6;
4772 : F6;
4773 : FA;
4774 : FA;
4775 : FA;
4776 : FB;
4777 : FF;
4778 : FF;
4779 : FB;
4780 : FB;
4781 : FA;
4782 : DA;
4783 : B6;
4784 : 8D;
4785 : 69;
4786 : 69;
4787 : 68;
4788 : 68;
4789 : 68;
4790 : 68;
4791 : 48;
4792 : 68;
4793 : 6D;
4794 : B6;
4795 : FF;
4796 : FF;
4797 : FF;
4798 : FF;
4799 : FF;
4800 : FF;
4801 : FF;
4802 : FF;
4803 : FF;
4804 : FF;
4805 : FF;
4806 : FF;
4807 : FF;
4808 : FF;
4809 : FF;
4810 : FF;
4811 : FF;
4812 : FF;
4813 : FF;
4814 : FF;
4815 : FF;
4816 : FF;
4817 : FF;
4818 : FF;
4819 : FF;
4820 : FF;
4821 : FF;
4822 : FF;
4823 : FF;
4824 : FF;
4825 : FF;
4826 : FF;
4827 : FF;
4828 : FF;
4829 : FF;
4830 : FF;
4831 : FF;
4832 : FF;
4833 : FF;
4834 : FF;
4835 : FF;
4836 : FF;
4837 : FF;
4838 : FF;
4839 : FF;
4840 : FF;
4841 : FF;
4842 : FF;
4843 : FF;
4844 : FF;
4845 : FF;
4846 : FF;
4847 : FB;
4848 : B2;
4849 : 8D;
4850 : 8D;
4851 : 8D;
4852 : 91;
4853 : DA;
4854 : FF;
4855 : FF;
4856 : FF;
4857 : FF;
4858 : DB;
4859 : B2;
4860 : 6D;
4861 : 69;
4862 : 69;
4863 : 69;
4864 : 6D;
4865 : 6D;
4866 : 6D;
4867 : 6D;
4868 : 69;
4869 : 48;
4870 : 48;
4871 : 69;
4872 : 8D;
4873 : 8D;
4874 : 8D;
4875 : 8D;
4876 : 8D;
4877 : AD;
4878 : AD;
4879 : AD;
4880 : AD;
4881 : 8D;
4882 : 8D;
4883 : 8D;
4884 : 8D;
4885 : 8D;
4886 : 8D;
4887 : 8D;
4888 : 8D;
4889 : 8D;
4890 : 8D;
4891 : 8D;
4892 : 8D;
4893 : 8D;
4894 : 8D;
4895 : 8D;
4896 : B1;
4897 : B1;
4898 : B1;
4899 : B1;
4900 : B1;
4901 : D6;
4902 : D6;
4903 : D6;
4904 : D6;
4905 : FA;
4906 : FA;
4907 : FA;
4908 : FA;
4909 : FA;
4910 : FA;
4911 : FA;
4912 : FA;
4913 : FA;
4914 : FA;
4915 : FA;
4916 : FA;
4917 : FA;
4918 : FA;
4919 : FA;
4920 : D6;
4921 : D6;
4922 : D5;
4923 : D1;
4924 : D5;
4925 : D5;
4926 : D6;
4927 : D6;
4928 : F6;
4929 : D6;
4930 : D6;
4931 : D6;
4932 : D6;
4933 : F6;
4934 : FA;
4935 : FA;
4936 : FA;
4937 : FA;
4938 : FB;
4939 : FB;
4940 : FA;
4941 : FA;
4942 : DA;
4943 : B2;
4944 : 8D;
4945 : 69;
4946 : 69;
4947 : 69;
4948 : 69;
4949 : 69;
4950 : 69;
4951 : 69;
4952 : 69;
4953 : 8D;
4954 : B6;
4955 : FF;
4956 : FF;
4957 : FF;
4958 : FF;
4959 : FF;
4960 : FF;
4961 : FF;
4962 : FF;
4963 : FF;
4964 : FF;
4965 : FF;
4966 : FF;
4967 : FF;
4968 : FF;
4969 : FF;
4970 : FF;
4971 : FF;
4972 : FF;
4973 : FF;
4974 : FF;
4975 : FF;
4976 : FF;
4977 : FF;
4978 : FF;
4979 : FF;
4980 : FF;
4981 : FF;
4982 : FF;
4983 : FF;
4984 : FF;
4985 : FF;
4986 : FF;
4987 : FF;
4988 : FF;
4989 : FF;
4990 : FF;
4991 : FF;
4992 : FF;
4993 : FF;
4994 : FF;
4995 : FF;
4996 : FF;
4997 : FF;
4998 : FF;
4999 : FF;
5000 : FF;
5001 : FF;
5002 : FF;
5003 : FF;
5004 : FF;
5005 : FF;
5006 : FF;
5007 : DB;
5008 : B2;
5009 : 6D;
5010 : 6D;
5011 : 6D;
5012 : B2;
5013 : FB;
5014 : FF;
5015 : FF;
5016 : FF;
5017 : FF;
5018 : FF;
5019 : DB;
5020 : B6;
5021 : 91;
5022 : 8D;
5023 : 8D;
5024 : 8D;
5025 : 8D;
5026 : 8D;
5027 : 6D;
5028 : 69;
5029 : 68;
5030 : 68;
5031 : 6D;
5032 : 8D;
5033 : 8D;
5034 : 8D;
5035 : 8D;
5036 : 8D;
5037 : AD;
5038 : AD;
5039 : 8D;
5040 : 8D;
5041 : 8D;
5042 : 8D;
5043 : 8D;
5044 : 8D;
5045 : 8D;
5046 : 8D;
5047 : 8D;
5048 : 8D;
5049 : 8D;
5050 : AD;
5051 : AD;
5052 : 8D;
5053 : 8D;
5054 : 8D;
5055 : 8D;
5056 : B1;
5057 : B1;
5058 : B2;
5059 : D6;
5060 : D6;
5061 : D6;
5062 : D6;
5063 : D6;
5064 : DA;
5065 : FA;
5066 : FA;
5067 : FA;
5068 : FA;
5069 : FA;
5070 : FA;
5071 : FA;
5072 : FA;
5073 : FA;
5074 : FA;
5075 : FA;
5076 : FA;
5077 : FA;
5078 : FA;
5079 : FA;
5080 : D6;
5081 : D5;
5082 : D1;
5083 : D1;
5084 : D1;
5085 : D5;
5086 : D6;
5087 : D6;
5088 : D6;
5089 : D6;
5090 : D6;
5091 : D6;
5092 : D6;
5093 : D6;
5094 : DA;
5095 : FA;
5096 : FA;
5097 : DA;
5098 : DA;
5099 : FA;
5100 : FA;
5101 : FA;
5102 : DA;
5103 : B2;
5104 : 8D;
5105 : 6D;
5106 : 6D;
5107 : 69;
5108 : 69;
5109 : 69;
5110 : 6D;
5111 : 6D;
5112 : 6D;
5113 : 8D;
5114 : B6;
5115 : FF;
5116 : FF;
5117 : FF;
5118 : FF;
5119 : FF;
5120 : FF;
5121 : FF;
5122 : FF;
5123 : FF;
5124 : FF;
5125 : FF;
5126 : FF;
5127 : FF;
5128 : FF;
5129 : FF;
5130 : FF;
5131 : FF;
5132 : FF;
5133 : FF;
5134 : FF;
5135 : FF;
5136 : FF;
5137 : FF;
5138 : FF;
5139 : FF;
5140 : FF;
5141 : FF;
5142 : FF;
5143 : FF;
5144 : FF;
5145 : FF;
5146 : FF;
5147 : FF;
5148 : FF;
5149 : FF;
5150 : FF;
5151 : FF;
5152 : FF;
5153 : FF;
5154 : FF;
5155 : FF;
5156 : FF;
5157 : FF;
5158 : FF;
5159 : FF;
5160 : FF;
5161 : FF;
5162 : FF;
5163 : FF;
5164 : FF;
5165 : FF;
5166 : FF;
5167 : DA;
5168 : 91;
5169 : 6D;
5170 : 6D;
5171 : 8D;
5172 : B2;
5173 : FB;
5174 : FF;
5175 : FF;
5176 : FF;
5177 : FF;
5178 : FF;
5179 : FF;
5180 : FF;
5181 : DB;
5182 : DA;
5183 : DA;
5184 : B6;
5185 : B6;
5186 : 91;
5187 : 6D;
5188 : 69;
5189 : 68;
5190 : 68;
5191 : 6D;
5192 : 8D;
5193 : 8D;
5194 : 8D;
5195 : 8D;
5196 : 8D;
5197 : 8D;
5198 : 8D;
5199 : 8D;
5200 : 8C;
5201 : 8C;
5202 : 8D;
5203 : 8D;
5204 : 8D;
5205 : 8D;
5206 : 8D;
5207 : 8D;
5208 : AD;
5209 : B1;
5210 : B1;
5211 : B1;
5212 : B1;
5213 : B1;
5214 : B1;
5215 : B1;
5216 : B1;
5217 : B2;
5218 : D6;
5219 : D6;
5220 : D6;
5221 : D6;
5222 : D6;
5223 : DA;
5224 : DA;
5225 : FA;
5226 : FA;
5227 : FB;
5228 : FB;
5229 : FB;
5230 : FA;
5231 : FA;
5232 : FA;
5233 : FA;
5234 : FA;
5235 : FA;
5236 : FA;
5237 : FA;
5238 : FA;
5239 : FA;
5240 : D6;
5241 : D1;
5242 : D1;
5243 : D1;
5244 : D1;
5245 : D5;
5246 : D6;
5247 : D6;
5248 : D6;
5249 : D6;
5250 : D6;
5251 : D6;
5252 : D6;
5253 : D6;
5254 : FA;
5255 : DA;
5256 : DA;
5257 : DA;
5258 : DA;
5259 : DA;
5260 : FA;
5261 : FA;
5262 : FA;
5263 : B6;
5264 : 8D;
5265 : 69;
5266 : 69;
5267 : 69;
5268 : 69;
5269 : 69;
5270 : 69;
5271 : 69;
5272 : 6D;
5273 : 8D;
5274 : B2;
5275 : FB;
5276 : FF;
5277 : FF;
5278 : FF;
5279 : FF;
5280 : FF;
5281 : FF;
5282 : FF;
5283 : FF;
5284 : FF;
5285 : FF;
5286 : FF;
5287 : FF;
5288 : FF;
5289 : FF;
5290 : FF;
5291 : FF;
5292 : FF;
5293 : FF;
5294 : FF;
5295 : FF;
5296 : FF;
5297 : FF;
5298 : FF;
5299 : FF;
5300 : FF;
5301 : FF;
5302 : FF;
5303 : FF;
5304 : FF;
5305 : FF;
5306 : FF;
5307 : FF;
5308 : FF;
5309 : FF;
5310 : FF;
5311 : FF;
5312 : FF;
5313 : FF;
5314 : FF;
5315 : FF;
5316 : FF;
5317 : FF;
5318 : FF;
5319 : FF;
5320 : FF;
5321 : FF;
5322 : FF;
5323 : FF;
5324 : FF;
5325 : FF;
5326 : FF;
5327 : D6;
5328 : 8D;
5329 : 6D;
5330 : 6D;
5331 : 8D;
5332 : B6;
5333 : FF;
5334 : FF;
5335 : FF;
5336 : FF;
5337 : FF;
5338 : FF;
5339 : FF;
5340 : FF;
5341 : FF;
5342 : FF;
5343 : FF;
5344 : FF;
5345 : FF;
5346 : DA;
5347 : B1;
5348 : 6D;
5349 : 68;
5350 : 68;
5351 : 6D;
5352 : 8D;
5353 : 8D;
5354 : 8D;
5355 : 8D;
5356 : 8D;
5357 : 8D;
5358 : 8D;
5359 : 8D;
5360 : 8C;
5361 : 88;
5362 : 88;
5363 : 8D;
5364 : 8D;
5365 : 8D;
5366 : B1;
5367 : B1;
5368 : B1;
5369 : B1;
5370 : B1;
5371 : D6;
5372 : D6;
5373 : D6;
5374 : D6;
5375 : D6;
5376 : D6;
5377 : D6;
5378 : D6;
5379 : D6;
5380 : D6;
5381 : DA;
5382 : DA;
5383 : DA;
5384 : DA;
5385 : FA;
5386 : FB;
5387 : FB;
5388 : FB;
5389 : FB;
5390 : FB;
5391 : FB;
5392 : FA;
5393 : FA;
5394 : FA;
5395 : FA;
5396 : FA;
5397 : FA;
5398 : FA;
5399 : FA;
5400 : D6;
5401 : D5;
5402 : D1;
5403 : D1;
5404 : D1;
5405 : D5;
5406 : D6;
5407 : D6;
5408 : D6;
5409 : D6;
5410 : D6;
5411 : D6;
5412 : D6;
5413 : D6;
5414 : FA;
5415 : DA;
5416 : DA;
5417 : DA;
5418 : DA;
5419 : DA;
5420 : FA;
5421 : FA;
5422 : FB;
5423 : B6;
5424 : 6D;
5425 : 69;
5426 : 69;
5427 : 69;
5428 : 48;
5429 : 68;
5430 : 69;
5431 : 68;
5432 : 69;
5433 : 69;
5434 : 8D;
5435 : DA;
5436 : FF;
5437 : FF;
5438 : FF;
5439 : FF;
5440 : FF;
5441 : FF;
5442 : FF;
5443 : FF;
5444 : FF;
5445 : FF;
5446 : FF;
5447 : FF;
5448 : FF;
5449 : FF;
5450 : FF;
5451 : FF;
5452 : FF;
5453 : FF;
5454 : FF;
5455 : FF;
5456 : FF;
5457 : FF;
5458 : FF;
5459 : FF;
5460 : FF;
5461 : FF;
5462 : FF;
5463 : FF;
5464 : FF;
5465 : FF;
5466 : FF;
5467 : FF;
5468 : FF;
5469 : FF;
5470 : FF;
5471 : FF;
5472 : FF;
5473 : FF;
5474 : FF;
5475 : FF;
5476 : FF;
5477 : FF;
5478 : FF;
5479 : FF;
5480 : FF;
5481 : FF;
5482 : FF;
5483 : FF;
5484 : FF;
5485 : FF;
5486 : FF;
5487 : B6;
5488 : 8D;
5489 : 8D;
5490 : 8D;
5491 : 8D;
5492 : B6;
5493 : FB;
5494 : FF;
5495 : FF;
5496 : FF;
5497 : FF;
5498 : FF;
5499 : FF;
5500 : FF;
5501 : FF;
5502 : FF;
5503 : FF;
5504 : FF;
5505 : FF;
5506 : FB;
5507 : D6;
5508 : B1;
5509 : 8D;
5510 : 6D;
5511 : 8D;
5512 : 8D;
5513 : 8D;
5514 : 8D;
5515 : 8D;
5516 : 8D;
5517 : 8D;
5518 : 8D;
5519 : 8D;
5520 : 8D;
5521 : 8D;
5522 : 8D;
5523 : 8D;
5524 : AD;
5525 : B1;
5526 : B1;
5527 : B2;
5528 : D6;
5529 : D6;
5530 : D6;
5531 : FA;
5532 : FA;
5533 : FA;
5534 : FA;
5535 : FA;
5536 : FA;
5537 : DA;
5538 : DA;
5539 : DA;
5540 : DA;
5541 : DA;
5542 : DA;
5543 : DA;
5544 : DA;
5545 : DA;
5546 : FA;
5547 : FB;
5548 : FF;
5549 : FF;
5550 : FF;
5551 : FF;
5552 : FB;
5553 : FA;
5554 : FA;
5555 : FA;
5556 : FA;
5557 : FA;
5558 : FA;
5559 : D6;
5560 : D6;
5561 : D6;
5562 : D1;
5563 : D1;
5564 : D1;
5565 : D5;
5566 : D5;
5567 : D6;
5568 : D5;
5569 : B1;
5570 : B2;
5571 : D6;
5572 : D6;
5573 : D6;
5574 : FA;
5575 : DA;
5576 : FA;
5577 : DA;
5578 : DA;
5579 : DA;
5580 : DA;
5581 : FB;
5582 : FB;
5583 : D6;
5584 : 8D;
5585 : 69;
5586 : 69;
5587 : 69;
5588 : 69;
5589 : 69;
5590 : 69;
5591 : 69;
5592 : 69;
5593 : 69;
5594 : 8D;
5595 : D6;
5596 : FF;
5597 : FF;
5598 : FF;
5599 : FF;
5600 : FF;
5601 : FF;
5602 : FF;
5603 : FF;
5604 : FF;
5605 : FF;
5606 : FF;
5607 : FF;
5608 : FF;
5609 : FF;
5610 : FF;
5611 : FF;
5612 : FF;
5613 : FF;
5614 : FF;
5615 : FF;
5616 : FF;
5617 : FF;
5618 : FF;
5619 : FF;
5620 : FF;
5621 : FF;
5622 : FF;
5623 : FF;
5624 : FF;
5625 : FF;
5626 : FF;
5627 : FF;
5628 : FF;
5629 : FF;
5630 : FF;
5631 : FF;
5632 : FF;
5633 : FF;
5634 : FF;
5635 : FF;
5636 : FF;
5637 : FF;
5638 : FF;
5639 : FF;
5640 : FF;
5641 : FF;
5642 : FF;
5643 : FF;
5644 : FF;
5645 : FF;
5646 : DB;
5647 : 91;
5648 : 8D;
5649 : 8D;
5650 : 91;
5651 : 8D;
5652 : B6;
5653 : FF;
5654 : FF;
5655 : FF;
5656 : FF;
5657 : FF;
5658 : FF;
5659 : FF;
5660 : FF;
5661 : FF;
5662 : FF;
5663 : FF;
5664 : FF;
5665 : DA;
5666 : B6;
5667 : B2;
5668 : B2;
5669 : B1;
5670 : B1;
5671 : AD;
5672 : 8D;
5673 : 8D;
5674 : 8D;
5675 : 8D;
5676 : 8D;
5677 : 8D;
5678 : 8D;
5679 : 8D;
5680 : 8D;
5681 : 8D;
5682 : 8D;
5683 : B1;
5684 : B1;
5685 : D6;
5686 : D6;
5687 : FA;
5688 : FA;
5689 : FA;
5690 : FA;
5691 : FA;
5692 : FA;
5693 : FA;
5694 : FA;
5695 : FA;
5696 : FA;
5697 : DA;
5698 : DA;
5699 : FB;
5700 : FA;
5701 : DA;
5702 : D6;
5703 : D6;
5704 : DA;
5705 : D6;
5706 : DA;
5707 : DA;
5708 : FB;
5709 : FF;
5710 : FF;
5711 : FF;
5712 : FB;
5713 : FA;
5714 : FA;
5715 : FA;
5716 : FA;
5717 : FA;
5718 : D6;
5719 : D6;
5720 : D6;
5721 : D6;
5722 : B1;
5723 : D1;
5724 : D5;
5725 : D5;
5726 : D1;
5727 : D1;
5728 : B1;
5729 : B1;
5730 : B6;
5731 : D6;
5732 : D6;
5733 : D6;
5734 : D6;
5735 : DA;
5736 : FA;
5737 : DA;
5738 : DA;
5739 : DA;
5740 : DA;
5741 : FB;
5742 : FB;
5743 : FB;
5744 : D6;
5745 : 8D;
5746 : 69;
5747 : 69;
5748 : 69;
5749 : 69;
5750 : 69;
5751 : 69;
5752 : 69;
5753 : 69;
5754 : 8D;
5755 : D6;
5756 : FF;
5757 : FF;
5758 : FF;
5759 : FF;
5760 : FF;
5761 : FF;
5762 : FF;
5763 : FF;
5764 : FF;
5765 : FF;
5766 : FF;
5767 : FF;
5768 : FF;
5769 : FF;
5770 : FF;
5771 : FF;
5772 : FF;
5773 : FF;
5774 : FF;
5775 : FF;
5776 : FF;
5777 : FF;
5778 : FF;
5779 : FF;
5780 : FF;
5781 : FF;
5782 : FF;
5783 : FF;
5784 : FF;
5785 : FF;
5786 : FF;
5787 : FF;
5788 : FF;
5789 : FF;
5790 : FF;
5791 : FF;
5792 : FF;
5793 : FF;
5794 : FF;
5795 : FF;
5796 : FF;
5797 : FF;
5798 : FF;
5799 : FF;
5800 : FF;
5801 : FF;
5802 : FF;
5803 : FF;
5804 : FF;
5805 : FF;
5806 : D6;
5807 : 8D;
5808 : 8D;
5809 : 91;
5810 : 91;
5811 : 8D;
5812 : B2;
5813 : FF;
5814 : FF;
5815 : FF;
5816 : FF;
5817 : FF;
5818 : FF;
5819 : FF;
5820 : FF;
5821 : FF;
5822 : FB;
5823 : DA;
5824 : B6;
5825 : B1;
5826 : B1;
5827 : B1;
5828 : B1;
5829 : B1;
5830 : D1;
5831 : D1;
5832 : B1;
5833 : AD;
5834 : 8D;
5835 : 8D;
5836 : 8D;
5837 : 8D;
5838 : 8D;
5839 : 8D;
5840 : 8D;
5841 : 8D;
5842 : B1;
5843 : B1;
5844 : D6;
5845 : D6;
5846 : FA;
5847 : FA;
5848 : FA;
5849 : FA;
5850 : DA;
5851 : DA;
5852 : DA;
5853 : DA;
5854 : DA;
5855 : D6;
5856 : D6;
5857 : B6;
5858 : B6;
5859 : D6;
5860 : DA;
5861 : D6;
5862 : B6;
5863 : B6;
5864 : D6;
5865 : D6;
5866 : D6;
5867 : DA;
5868 : FB;
5869 : FF;
5870 : FF;
5871 : FF;
5872 : FF;
5873 : FB;
5874 : FA;
5875 : FA;
5876 : FA;
5877 : FA;
5878 : DA;
5879 : D6;
5880 : D6;
5881 : B1;
5882 : B1;
5883 : D1;
5884 : D5;
5885 : D1;
5886 : B1;
5887 : B1;
5888 : B1;
5889 : B1;
5890 : B2;
5891 : B6;
5892 : D6;
5893 : D6;
5894 : D6;
5895 : DA;
5896 : FA;
5897 : FA;
5898 : DA;
5899 : DA;
5900 : FB;
5901 : FB;
5902 : FF;
5903 : FB;
5904 : FB;
5905 : D6;
5906 : 8D;
5907 : 69;
5908 : 69;
5909 : 68;
5910 : 68;
5911 : 68;
5912 : 68;
5913 : 69;
5914 : 8D;
5915 : D6;
5916 : FF;
5917 : FF;
5918 : FF;
5919 : FF;
5920 : FF;
5921 : FF;
5922 : FF;
5923 : FF;
5924 : FF;
5925 : FF;
5926 : FF;
5927 : FF;
5928 : FF;
5929 : FF;
5930 : FF;
5931 : FF;
5932 : FF;
5933 : FF;
5934 : FF;
5935 : FF;
5936 : FF;
5937 : FF;
5938 : FF;
5939 : FF;
5940 : FF;
5941 : FF;
5942 : FF;
5943 : FF;
5944 : FF;
5945 : FF;
5946 : FF;
5947 : FF;
5948 : FF;
5949 : FF;
5950 : FF;
5951 : FF;
5952 : FF;
5953 : FF;
5954 : FF;
5955 : FF;
5956 : FF;
5957 : FF;
5958 : FF;
5959 : FF;
5960 : FF;
5961 : FF;
5962 : FF;
5963 : FF;
5964 : FF;
5965 : DB;
5966 : 92;
5967 : 6D;
5968 : 8D;
5969 : 91;
5970 : 8D;
5971 : 8D;
5972 : B1;
5973 : FB;
5974 : FF;
5975 : FF;
5976 : FF;
5977 : FF;
5978 : FF;
5979 : FB;
5980 : D6;
5981 : D6;
5982 : B6;
5983 : B2;
5984 : 91;
5985 : 8D;
5986 : B1;
5987 : B1;
5988 : B1;
5989 : B1;
5990 : B1;
5991 : D1;
5992 : B1;
5993 : AD;
5994 : 8D;
5995 : 8D;
5996 : 8D;
5997 : 8D;
5998 : 8D;
5999 : 8D;
6000 : 8D;
6001 : B1;
6002 : B1;
6003 : D6;
6004 : D6;
6005 : D6;
6006 : D6;
6007 : D6;
6008 : D6;
6009 : B6;
6010 : B2;
6011 : B2;
6012 : B2;
6013 : B6;
6014 : B2;
6015 : B2;
6016 : B1;
6017 : B1;
6018 : 91;
6019 : B2;
6020 : B6;
6021 : D6;
6022 : B6;
6023 : B2;
6024 : B6;
6025 : B6;
6026 : D6;
6027 : DA;
6028 : FB;
6029 : FF;
6030 : FF;
6031 : FF;
6032 : FF;
6033 : FB;
6034 : FA;
6035 : FA;
6036 : FA;
6037 : FA;
6038 : FA;
6039 : DA;
6040 : D6;
6041 : B1;
6042 : B1;
6043 : B1;
6044 : D1;
6045 : B1;
6046 : B1;
6047 : B1;
6048 : B1;
6049 : B1;
6050 : B1;
6051 : B6;
6052 : D6;
6053 : D6;
6054 : DA;
6055 : DA;
6056 : DA;
6057 : DA;
6058 : DA;
6059 : DA;
6060 : DB;
6061 : FB;
6062 : FB;
6063 : FB;
6064 : FB;
6065 : FB;
6066 : D6;
6067 : 6D;
6068 : 68;
6069 : 68;
6070 : 68;
6071 : 68;
6072 : 68;
6073 : 68;
6074 : 6D;
6075 : D6;
6076 : FF;
6077 : FF;
6078 : FF;
6079 : FF;
6080 : FF;
6081 : FF;
6082 : FF;
6083 : FF;
6084 : FF;
6085 : FF;
6086 : FF;
6087 : FF;
6088 : FF;
6089 : FF;
6090 : FF;
6091 : FF;
6092 : FF;
6093 : FF;
6094 : FF;
6095 : FF;
6096 : FF;
6097 : FF;
6098 : FF;
6099 : FF;
6100 : FF;
6101 : FF;
6102 : FF;
6103 : FF;
6104 : FF;
6105 : FF;
6106 : FF;
6107 : FF;
6108 : FF;
6109 : FF;
6110 : FF;
6111 : FF;
6112 : FF;
6113 : FF;
6114 : FF;
6115 : FF;
6116 : FF;
6117 : FF;
6118 : FF;
6119 : FF;
6120 : FF;
6121 : FF;
6122 : FF;
6123 : FF;
6124 : FF;
6125 : D6;
6126 : 6D;
6127 : 6D;
6128 : 8D;
6129 : 8D;
6130 : 8D;
6131 : 6D;
6132 : 91;
6133 : FA;
6134 : FF;
6135 : FF;
6136 : FF;
6137 : FB;
6138 : DA;
6139 : D6;
6140 : B2;
6141 : B1;
6142 : B1;
6143 : 8D;
6144 : 8D;
6145 : 8D;
6146 : B1;
6147 : B1;
6148 : B1;
6149 : B1;
6150 : B1;
6151 : B1;
6152 : B1;
6153 : B1;
6154 : AD;
6155 : 8D;
6156 : 8D;
6157 : 8D;
6158 : B1;
6159 : B1;
6160 : B1;
6161 : B1;
6162 : B2;
6163 : D6;
6164 : D6;
6165 : D6;
6166 : D6;
6167 : B6;
6168 : B2;
6169 : 91;
6170 : 8D;
6171 : 6D;
6172 : 6D;
6173 : 8D;
6174 : 8D;
6175 : 6D;
6176 : 6D;
6177 : 6D;
6178 : 6D;
6179 : 6D;
6180 : 91;
6181 : B2;
6182 : B6;
6183 : B6;
6184 : B2;
6185 : B6;
6186 : B6;
6187 : DA;
6188 : FB;
6189 : FF;
6190 : FF;
6191 : FF;
6192 : FF;
6193 : FB;
6194 : FA;
6195 : FA;
6196 : FA;
6197 : DA;
6198 : DA;
6199 : DA;
6200 : D6;
6201 : B1;
6202 : B1;
6203 : B1;
6204 : B1;
6205 : B1;
6206 : B1;
6207 : B1;
6208 : B1;
6209 : B1;
6210 : B2;
6211 : D6;
6212 : D6;
6213 : DA;
6214 : DA;
6215 : DA;
6216 : D6;
6217 : B6;
6218 : B6;
6219 : B2;
6220 : B2;
6221 : B6;
6222 : B6;
6223 : B6;
6224 : D6;
6225 : FB;
6226 : DA;
6227 : 8D;
6228 : 48;
6229 : 48;
6230 : 48;
6231 : 68;
6232 : 68;
6233 : 69;
6234 : 6D;
6235 : B6;
6236 : FF;
6237 : FF;
6238 : FF;
6239 : FF;
6240 : FF;
6241 : FF;
6242 : FF;
6243 : FF;
6244 : FF;
6245 : FF;
6246 : FF;
6247 : FF;
6248 : FF;
6249 : FF;
6250 : FF;
6251 : FF;
6252 : FF;
6253 : FF;
6254 : FF;
6255 : FF;
6256 : FF;
6257 : FF;
6258 : FF;
6259 : FF;
6260 : FF;
6261 : FF;
6262 : FF;
6263 : FF;
6264 : FF;
6265 : FF;
6266 : FF;
6267 : FF;
6268 : FF;
6269 : FF;
6270 : FF;
6271 : FF;
6272 : FF;
6273 : FF;
6274 : FF;
6275 : FF;
6276 : FF;
6277 : FF;
6278 : FF;
6279 : FF;
6280 : FF;
6281 : FF;
6282 : FF;
6283 : FF;
6284 : FB;
6285 : B6;
6286 : 6D;
6287 : 6D;
6288 : 8D;
6289 : 8D;
6290 : 8D;
6291 : 6D;
6292 : 8D;
6293 : FA;
6294 : FF;
6295 : FB;
6296 : FA;
6297 : D6;
6298 : B6;
6299 : B2;
6300 : B2;
6301 : B1;
6302 : 8D;
6303 : 8D;
6304 : 8D;
6305 : 8D;
6306 : 8D;
6307 : B1;
6308 : B1;
6309 : B1;
6310 : D1;
6311 : B1;
6312 : B1;
6313 : B1;
6314 : AD;
6315 : 8D;
6316 : B1;
6317 : B1;
6318 : B1;
6319 : B1;
6320 : B1;
6321 : B2;
6322 : D6;
6323 : D6;
6324 : B6;
6325 : B2;
6326 : B2;
6327 : 91;
6328 : 8D;
6329 : 8D;
6330 : 91;
6331 : 8D;
6332 : 6D;
6333 : 6D;
6334 : 8D;
6335 : 8D;
6336 : 6D;
6337 : 6D;
6338 : 6D;
6339 : 69;
6340 : 6D;
6341 : 8D;
6342 : 92;
6343 : B2;
6344 : B2;
6345 : B6;
6346 : B6;
6347 : DA;
6348 : FB;
6349 : FB;
6350 : FF;
6351 : FF;
6352 : FF;
6353 : FB;
6354 : FA;
6355 : FA;
6356 : FA;
6357 : FA;
6358 : DA;
6359 : D6;
6360 : D6;
6361 : B1;
6362 : B1;
6363 : D1;
6364 : B1;
6365 : B1;
6366 : B1;
6367 : B1;
6368 : B1;
6369 : B1;
6370 : B6;
6371 : D6;
6372 : DA;
6373 : FA;
6374 : FA;
6375 : D6;
6376 : 91;
6377 : 6D;
6378 : 6D;
6379 : 6D;
6380 : 6D;
6381 : 8D;
6382 : 6D;
6383 : 8D;
6384 : 91;
6385 : B6;
6386 : D6;
6387 : 91;
6388 : 69;
6389 : 48;
6390 : 48;
6391 : 48;
6392 : 68;
6393 : 69;
6394 : 6D;
6395 : D6;
6396 : FF;
6397 : FF;
6398 : FF;
6399 : FF;
6400 : FF;
6401 : FF;
6402 : FF;
6403 : FF;
6404 : FF;
6405 : FF;
6406 : FF;
6407 : FF;
6408 : FF;
6409 : FF;
6410 : FF;
6411 : FF;
6412 : FF;
6413 : FF;
6414 : FF;
6415 : FF;
6416 : FF;
6417 : FF;
6418 : FF;
6419 : FF;
6420 : FF;
6421 : FF;
6422 : FF;
6423 : FF;
6424 : FF;
6425 : FF;
6426 : FF;
6427 : FF;
6428 : FF;
6429 : FF;
6430 : FF;
6431 : FF;
6432 : FF;
6433 : FF;
6434 : FF;
6435 : FF;
6436 : FF;
6437 : FF;
6438 : FF;
6439 : FF;
6440 : FF;
6441 : FF;
6442 : FF;
6443 : FF;
6444 : FB;
6445 : D6;
6446 : 8D;
6447 : 6D;
6448 : 8D;
6449 : 8D;
6450 : 69;
6451 : 69;
6452 : B1;
6453 : DA;
6454 : D6;
6455 : D6;
6456 : B6;
6457 : B1;
6458 : B1;
6459 : B2;
6460 : B1;
6461 : B1;
6462 : 8D;
6463 : 8D;
6464 : 8D;
6465 : 8D;
6466 : 8D;
6467 : B1;
6468 : B1;
6469 : D1;
6470 : D1;
6471 : B1;
6472 : B1;
6473 : B1;
6474 : B1;
6475 : 8D;
6476 : 91;
6477 : B1;
6478 : B1;
6479 : B2;
6480 : B6;
6481 : B6;
6482 : B1;
6483 : B1;
6484 : 91;
6485 : 8D;
6486 : 8D;
6487 : 8D;
6488 : 91;
6489 : 8D;
6490 : 6D;
6491 : 48;
6492 : 44;
6493 : 24;
6494 : 44;
6495 : 44;
6496 : 48;
6497 : 49;
6498 : 6D;
6499 : 49;
6500 : 48;
6501 : 48;
6502 : 69;
6503 : 91;
6504 : B2;
6505 : B6;
6506 : B6;
6507 : DA;
6508 : DB;
6509 : FB;
6510 : FB;
6511 : FF;
6512 : FF;
6513 : FB;
6514 : FA;
6515 : FA;
6516 : FA;
6517 : FA;
6518 : DA;
6519 : D6;
6520 : D6;
6521 : B1;
6522 : B1;
6523 : B1;
6524 : D1;
6525 : B1;
6526 : B1;
6527 : B1;
6528 : B1;
6529 : B1;
6530 : D6;
6531 : D6;
6532 : DA;
6533 : FA;
6534 : DA;
6535 : B2;
6536 : 69;
6537 : 48;
6538 : 48;
6539 : 69;
6540 : 69;
6541 : 49;
6542 : 49;
6543 : 48;
6544 : 49;
6545 : 6D;
6546 : B6;
6547 : B2;
6548 : 69;
6549 : 48;
6550 : 48;
6551 : 69;
6552 : 68;
6553 : 69;
6554 : 8D;
6555 : D6;
6556 : FF;
6557 : FF;
6558 : FF;
6559 : FF;
6560 : FF;
6561 : FF;
6562 : FF;
6563 : FF;
6564 : FF;
6565 : FF;
6566 : FF;
6567 : FF;
6568 : FF;
6569 : FF;
6570 : FF;
6571 : FF;
6572 : FF;
6573 : FF;
6574 : FF;
6575 : FF;
6576 : FF;
6577 : FF;
6578 : FF;
6579 : FF;
6580 : FF;
6581 : FF;
6582 : FF;
6583 : FF;
6584 : FF;
6585 : FF;
6586 : FF;
6587 : FF;
6588 : FF;
6589 : FF;
6590 : FF;
6591 : FF;
6592 : FF;
6593 : FF;
6594 : FF;
6595 : FF;
6596 : FF;
6597 : FF;
6598 : FF;
6599 : FF;
6600 : FF;
6601 : FF;
6602 : FF;
6603 : FF;
6604 : FF;
6605 : DB;
6606 : B2;
6607 : 8D;
6608 : 6D;
6609 : 6D;
6610 : 8D;
6611 : 8D;
6612 : D2;
6613 : D6;
6614 : D1;
6615 : B1;
6616 : B1;
6617 : B1;
6618 : B1;
6619 : D1;
6620 : B1;
6621 : AD;
6622 : 8D;
6623 : 8D;
6624 : 8D;
6625 : 8D;
6626 : 8D;
6627 : B1;
6628 : B1;
6629 : D1;
6630 : D1;
6631 : B1;
6632 : B1;
6633 : B1;
6634 : B1;
6635 : 91;
6636 : 91;
6637 : B1;
6638 : B1;
6639 : D6;
6640 : D6;
6641 : B2;
6642 : 8D;
6643 : 6D;
6644 : 69;
6645 : 69;
6646 : 6D;
6647 : 6D;
6648 : 48;
6649 : 24;
6650 : 24;
6651 : 24;
6652 : 24;
6653 : 20;
6654 : 20;
6655 : 20;
6656 : 20;
6657 : 24;
6658 : 24;
6659 : 48;
6660 : 44;
6661 : 44;
6662 : 48;
6663 : 6D;
6664 : 8D;
6665 : 92;
6666 : B6;
6667 : B6;
6668 : DA;
6669 : FB;
6670 : FB;
6671 : FB;
6672 : FB;
6673 : FB;
6674 : FA;
6675 : FA;
6676 : FA;
6677 : FA;
6678 : FA;
6679 : D6;
6680 : D6;
6681 : B1;
6682 : B1;
6683 : B1;
6684 : B1;
6685 : B1;
6686 : B1;
6687 : B1;
6688 : B1;
6689 : B2;
6690 : D6;
6691 : D6;
6692 : FA;
6693 : FA;
6694 : B6;
6695 : 6D;
6696 : 48;
6697 : 48;
6698 : 49;
6699 : 6D;
6700 : 8D;
6701 : 92;
6702 : 8D;
6703 : 69;
6704 : 48;
6705 : 49;
6706 : 92;
6707 : B2;
6708 : 6D;
6709 : 48;
6710 : 49;
6711 : 49;
6712 : 69;
6713 : 8D;
6714 : B6;
6715 : FB;
6716 : FF;
6717 : FF;
6718 : FF;
6719 : FF;
6720 : FF;
6721 : FF;
6722 : FF;
6723 : FF;
6724 : FF;
6725 : FF;
6726 : FF;
6727 : FF;
6728 : FF;
6729 : FF;
6730 : FF;
6731 : FF;
6732 : FF;
6733 : FF;
6734 : FF;
6735 : FF;
6736 : FF;
6737 : FF;
6738 : FF;
6739 : FF;
6740 : FF;
6741 : FF;
6742 : FF;
6743 : FF;
6744 : FF;
6745 : FF;
6746 : FF;
6747 : FF;
6748 : FF;
6749 : FF;
6750 : FF;
6751 : FF;
6752 : FF;
6753 : DB;
6754 : FF;
6755 : FF;
6756 : FF;
6757 : FF;
6758 : FF;
6759 : FF;
6760 : FF;
6761 : FF;
6762 : FF;
6763 : FF;
6764 : FF;
6765 : FB;
6766 : DB;
6767 : B6;
6768 : B1;
6769 : B1;
6770 : B1;
6771 : B1;
6772 : D1;
6773 : B1;
6774 : B1;
6775 : B1;
6776 : B1;
6777 : D1;
6778 : D1;
6779 : D1;
6780 : B1;
6781 : 8D;
6782 : 8D;
6783 : 8C;
6784 : 8D;
6785 : 8D;
6786 : 8D;
6787 : B1;
6788 : B1;
6789 : B1;
6790 : D5;
6791 : B1;
6792 : B1;
6793 : B1;
6794 : B1;
6795 : 91;
6796 : B1;
6797 : B1;
6798 : B6;
6799 : D6;
6800 : D6;
6801 : B6;
6802 : 8D;
6803 : 69;
6804 : 48;
6805 : 69;
6806 : 69;
6807 : 48;
6808 : 49;
6809 : 6D;
6810 : 49;
6811 : 24;
6812 : 24;
6813 : 24;
6814 : 20;
6815 : 24;
6816 : 24;
6817 : 24;
6818 : 24;
6819 : 24;
6820 : 44;
6821 : 44;
6822 : 44;
6823 : 48;
6824 : 6D;
6825 : 8D;
6826 : 92;
6827 : B6;
6828 : DA;
6829 : FB;
6830 : FB;
6831 : FB;
6832 : FB;
6833 : FA;
6834 : FA;
6835 : FA;
6836 : FA;
6837 : FA;
6838 : FA;
6839 : D6;
6840 : D6;
6841 : B1;
6842 : B1;
6843 : B1;
6844 : B1;
6845 : B1;
6846 : B6;
6847 : B1;
6848 : B1;
6849 : B2;
6850 : D6;
6851 : D6;
6852 : DA;
6853 : D6;
6854 : B2;
6855 : 69;
6856 : 49;
6857 : 49;
6858 : 49;
6859 : 6D;
6860 : B2;
6861 : DB;
6862 : DB;
6863 : 92;
6864 : 6D;
6865 : 8D;
6866 : B6;
6867 : B2;
6868 : 8D;
6869 : 6D;
6870 : 8D;
6871 : 91;
6872 : B2;
6873 : DA;
6874 : FF;
6875 : FF;
6876 : FF;
6877 : FF;
6878 : FF;
6879 : FF;
6880 : FF;
6881 : FF;
6882 : FF;
6883 : FF;
6884 : FF;
6885 : FF;
6886 : FF;
6887 : FF;
6888 : FF;
6889 : FF;
6890 : FF;
6891 : FF;
6892 : FF;
6893 : FF;
6894 : FF;
6895 : FF;
6896 : FF;
6897 : FF;
6898 : FF;
6899 : FF;
6900 : FF;
6901 : FF;
6902 : FF;
6903 : FF;
6904 : FF;
6905 : FF;
6906 : FF;
6907 : FF;
6908 : FF;
6909 : FF;
6910 : FF;
6911 : FF;
6912 : DB;
6913 : DB;
6914 : DB;
6915 : DB;
6916 : DB;
6917 : FF;
6918 : FF;
6919 : FF;
6920 : FF;
6921 : FF;
6922 : FF;
6923 : FF;
6924 : FF;
6925 : FF;
6926 : FF;
6927 : FB;
6928 : FA;
6929 : D6;
6930 : D6;
6931 : D1;
6932 : B1;
6933 : B1;
6934 : B1;
6935 : B1;
6936 : D1;
6937 : D1;
6938 : D1;
6939 : D1;
6940 : B1;
6941 : 8D;
6942 : 8C;
6943 : 8C;
6944 : 8D;
6945 : 8D;
6946 : 8D;
6947 : 8D;
6948 : B1;
6949 : B1;
6950 : B1;
6951 : B1;
6952 : B1;
6953 : B1;
6954 : B1;
6955 : B1;
6956 : B1;
6957 : B6;
6958 : D6;
6959 : D6;
6960 : D6;
6961 : D6;
6962 : B6;
6963 : 8D;
6964 : 49;
6965 : 49;
6966 : 48;
6967 : 24;
6968 : 6D;
6969 : 6D;
6970 : 24;
6971 : 24;
6972 : 24;
6973 : 24;
6974 : 24;
6975 : 24;
6976 : 44;
6977 : 6D;
6978 : 8D;
6979 : 49;
6980 : 48;
6981 : 48;
6982 : 48;
6983 : 44;
6984 : 49;
6985 : 6D;
6986 : B2;
6987 : B6;
6988 : DA;
6989 : DA;
6990 : FB;
6991 : FB;
6992 : FA;
6993 : FA;
6994 : FA;
6995 : FA;
6996 : FA;
6997 : FA;
6998 : FA;
6999 : DA;
7000 : B6;
7001 : B1;
7002 : B1;
7003 : B1;
7004 : B1;
7005 : B2;
7006 : D6;
7007 : B1;
7008 : B1;
7009 : B2;
7010 : D6;
7011 : D6;
7012 : D6;
7013 : D6;
7014 : 91;
7015 : 69;
7016 : 49;
7017 : 49;
7018 : 49;
7019 : 49;
7020 : 92;
7021 : B6;
7022 : D6;
7023 : B2;
7024 : 92;
7025 : B6;
7026 : DB;
7027 : DB;
7028 : DA;
7029 : DB;
7030 : DB;
7031 : FB;
7032 : FF;
7033 : FF;
7034 : FF;
7035 : FF;
7036 : FF;
7037 : FF;
7038 : FF;
7039 : FF;
7040 : FF;
7041 : FF;
7042 : FF;
7043 : FF;
7044 : FF;
7045 : FF;
7046 : FF;
7047 : FF;
7048 : FF;
7049 : FF;
7050 : FF;
7051 : FF;
7052 : FF;
7053 : FF;
7054 : FF;
7055 : FF;
7056 : FF;
7057 : FF;
7058 : FF;
7059 : FF;
7060 : FF;
7061 : FF;
7062 : FF;
7063 : FF;
7064 : FF;
7065 : FF;
7066 : FF;
7067 : FF;
7068 : DB;
7069 : FF;
7070 : FF;
7071 : FF;
7072 : DB;
7073 : DB;
7074 : DB;
7075 : DB;
7076 : FF;
7077 : FF;
7078 : FF;
7079 : FF;
7080 : FF;
7081 : FF;
7082 : FF;
7083 : FF;
7084 : FF;
7085 : FF;
7086 : FF;
7087 : FB;
7088 : FA;
7089 : D6;
7090 : D1;
7091 : D1;
7092 : B1;
7093 : B1;
7094 : B1;
7095 : B1;
7096 : D1;
7097 : D5;
7098 : D5;
7099 : B1;
7100 : AD;
7101 : 8C;
7102 : 8C;
7103 : 8C;
7104 : 8D;
7105 : 8D;
7106 : 8D;
7107 : 8D;
7108 : 91;
7109 : B1;
7110 : B1;
7111 : B1;
7112 : B1;
7113 : B1;
7114 : B1;
7115 : B1;
7116 : B2;
7117 : B6;
7118 : D6;
7119 : D6;
7120 : DA;
7121 : DA;
7122 : D6;
7123 : 92;
7124 : 69;
7125 : 49;
7126 : 24;
7127 : 24;
7128 : 24;
7129 : 24;
7130 : 24;
7131 : 24;
7132 : 24;
7133 : 24;
7134 : 20;
7135 : 24;
7136 : 44;
7137 : 6D;
7138 : 92;
7139 : 6D;
7140 : 49;
7141 : 48;
7142 : 44;
7143 : 44;
7144 : 48;
7145 : 69;
7146 : 8D;
7147 : B2;
7148 : D6;
7149 : DA;
7150 : DA;
7151 : FA;
7152 : FA;
7153 : FA;
7154 : FA;
7155 : FA;
7156 : FA;
7157 : FA;
7158 : FA;
7159 : DA;
7160 : D6;
7161 : B1;
7162 : B2;
7163 : D6;
7164 : D6;
7165 : D6;
7166 : D6;
7167 : B2;
7168 : B2;
7169 : B6;
7170 : D6;
7171 : D6;
7172 : B6;
7173 : B2;
7174 : 8D;
7175 : 69;
7176 : 48;
7177 : 24;
7178 : 24;
7179 : 49;
7180 : 6D;
7181 : B2;
7182 : B2;
7183 : 92;
7184 : 92;
7185 : D6;
7186 : FF;
7187 : FF;
7188 : FF;
7189 : FF;
7190 : FF;
7191 : FF;
7192 : FF;
7193 : FF;
7194 : FF;
7195 : FF;
7196 : FF;
7197 : FF;
7198 : FF;
7199 : FF;
7200 : FF;
7201 : FF;
7202 : FF;
7203 : FF;
7204 : FF;
7205 : FF;
7206 : FF;
7207 : FF;
7208 : FF;
7209 : FF;
7210 : FF;
7211 : FF;
7212 : FF;
7213 : FF;
7214 : FF;
7215 : FF;
7216 : FF;
7217 : FF;
7218 : FF;
7219 : FF;
7220 : FF;
7221 : FF;
7222 : FF;
7223 : FF;
7224 : DB;
7225 : DB;
7226 : DB;
7227 : DB;
7228 : DB;
7229 : DB;
7230 : FF;
7231 : FF;
7232 : DB;
7233 : DB;
7234 : FF;
7235 : FF;
7236 : FF;
7237 : FF;
7238 : FF;
7239 : FF;
7240 : FF;
7241 : FF;
7242 : FF;
7243 : FF;
7244 : FF;
7245 : FF;
7246 : FF;
7247 : FA;
7248 : B6;
7249 : B1;
7250 : B1;
7251 : B1;
7252 : B1;
7253 : B1;
7254 : B1;
7255 : B1;
7256 : D5;
7257 : D5;
7258 : D1;
7259 : B1;
7260 : AD;
7261 : 8D;
7262 : 8C;
7263 : 8C;
7264 : 8D;
7265 : 8D;
7266 : 8D;
7267 : 8D;
7268 : 8D;
7269 : B1;
7270 : B1;
7271 : B1;
7272 : B1;
7273 : B1;
7274 : B1;
7275 : B1;
7276 : B6;
7277 : B6;
7278 : D6;
7279 : D6;
7280 : D6;
7281 : DA;
7282 : D6;
7283 : B6;
7284 : 6D;
7285 : 48;
7286 : 24;
7287 : 24;
7288 : 24;
7289 : 24;
7290 : 24;
7291 : 24;
7292 : 24;
7293 : 24;
7294 : 20;
7295 : 20;
7296 : 24;
7297 : 49;
7298 : 69;
7299 : 69;
7300 : 49;
7301 : 44;
7302 : 44;
7303 : 48;
7304 : 44;
7305 : 44;
7306 : 69;
7307 : 8D;
7308 : B2;
7309 : B6;
7310 : DA;
7311 : FA;
7312 : FA;
7313 : FA;
7314 : FA;
7315 : FA;
7316 : FA;
7317 : FA;
7318 : FA;
7319 : DA;
7320 : B6;
7321 : B2;
7322 : D6;
7323 : D6;
7324 : D6;
7325 : D6;
7326 : D6;
7327 : B2;
7328 : B2;
7329 : B6;
7330 : D6;
7331 : B6;
7332 : 91;
7333 : 8D;
7334 : 69;
7335 : 49;
7336 : 44;
7337 : 24;
7338 : 24;
7339 : 24;
7340 : 48;
7341 : 69;
7342 : 6D;
7343 : 6D;
7344 : 91;
7345 : B6;
7346 : FF;
7347 : FF;
7348 : FF;
7349 : FF;
7350 : FF;
7351 : FF;
7352 : FF;
7353 : FF;
7354 : FF;
7355 : FF;
7356 : FF;
7357 : FF;
7358 : FF;
7359 : FF;
7360 : FF;
7361 : FF;
7362 : FF;
7363 : FF;
7364 : FF;
7365 : FF;
7366 : FF;
7367 : FF;
7368 : FF;
7369 : FF;
7370 : FF;
7371 : FF;
7372 : FF;
7373 : FF;
7374 : FF;
7375 : FF;
7376 : FF;
7377 : FF;
7378 : FF;
7379 : FF;
7380 : FF;
7381 : FF;
7382 : FF;
7383 : DB;
7384 : DB;
7385 : DB;
7386 : DB;
7387 : DB;
7388 : DB;
7389 : DB;
7390 : DB;
7391 : DB;
7392 : DB;
7393 : FF;
7394 : FF;
7395 : FF;
7396 : FF;
7397 : FF;
7398 : FF;
7399 : FF;
7400 : FF;
7401 : FF;
7402 : FF;
7403 : FF;
7404 : FF;
7405 : FF;
7406 : FB;
7407 : D6;
7408 : B1;
7409 : B1;
7410 : D1;
7411 : B1;
7412 : B1;
7413 : B1;
7414 : B1;
7415 : D1;
7416 : D1;
7417 : D1;
7418 : D1;
7419 : B1;
7420 : AD;
7421 : 8D;
7422 : 8C;
7423 : 8C;
7424 : 8C;
7425 : 8D;
7426 : 8D;
7427 : 8D;
7428 : 8D;
7429 : 91;
7430 : B1;
7431 : B1;
7432 : B1;
7433 : B5;
7434 : B1;
7435 : B1;
7436 : B2;
7437 : B6;
7438 : D6;
7439 : D6;
7440 : D6;
7441 : DA;
7442 : DA;
7443 : B6;
7444 : 91;
7445 : 49;
7446 : 24;
7447 : 24;
7448 : 48;
7449 : 6D;
7450 : 49;
7451 : 24;
7452 : 24;
7453 : 24;
7454 : 24;
7455 : 24;
7456 : 24;
7457 : 24;
7458 : 24;
7459 : 44;
7460 : 69;
7461 : 44;
7462 : 44;
7463 : 49;
7464 : 44;
7465 : 44;
7466 : 48;
7467 : 6D;
7468 : 91;
7469 : B2;
7470 : D6;
7471 : DA;
7472 : DA;
7473 : DA;
7474 : DA;
7475 : FA;
7476 : FA;
7477 : FA;
7478 : FA;
7479 : FA;
7480 : D6;
7481 : B2;
7482 : D6;
7483 : D6;
7484 : D6;
7485 : D6;
7486 : D6;
7487 : B2;
7488 : B6;
7489 : B6;
7490 : B6;
7491 : B1;
7492 : 8D;
7493 : 69;
7494 : 69;
7495 : 49;
7496 : 48;
7497 : 44;
7498 : 44;
7499 : 24;
7500 : 44;
7501 : 49;
7502 : 6D;
7503 : 8D;
7504 : 92;
7505 : B6;
7506 : FF;
7507 : FF;
7508 : FF;
7509 : FF;
7510 : FF;
7511 : FF;
7512 : FF;
7513 : FF;
7514 : FF;
7515 : FF;
7516 : FF;
7517 : FF;
7518 : FF;
7519 : FF;
7520 : FF;
7521 : FF;
7522 : FF;
7523 : FF;
7524 : FF;
7525 : FF;
7526 : FF;
7527 : FF;
7528 : FF;
7529 : FF;
7530 : FF;
7531 : FF;
7532 : FF;
7533 : FF;
7534 : FF;
7535 : FF;
7536 : FF;
7537 : FF;
7538 : FF;
7539 : FF;
7540 : FF;
7541 : FF;
7542 : FF;
7543 : DB;
7544 : DB;
7545 : DB;
7546 : DB;
7547 : DB;
7548 : DB;
7549 : DB;
7550 : DB;
7551 : DB;
7552 : DB;
7553 : FF;
7554 : FF;
7555 : FF;
7556 : FF;
7557 : FF;
7558 : FF;
7559 : FF;
7560 : FF;
7561 : FF;
7562 : FF;
7563 : FF;
7564 : FF;
7565 : FB;
7566 : D6;
7567 : B2;
7568 : B1;
7569 : D1;
7570 : D1;
7571 : B1;
7572 : B1;
7573 : B1;
7574 : B1;
7575 : D1;
7576 : D1;
7577 : D1;
7578 : B1;
7579 : AD;
7580 : 8D;
7581 : 8C;
7582 : 8C;
7583 : 68;
7584 : 88;
7585 : 8C;
7586 : 8D;
7587 : 8D;
7588 : 8D;
7589 : 8D;
7590 : 8D;
7591 : B1;
7592 : B1;
7593 : B6;
7594 : D6;
7595 : B6;
7596 : B6;
7597 : B6;
7598 : B6;
7599 : D6;
7600 : D6;
7601 : DA;
7602 : DA;
7603 : B6;
7604 : 92;
7605 : 6D;
7606 : 48;
7607 : 24;
7608 : 24;
7609 : 6D;
7610 : 49;
7611 : 49;
7612 : 48;
7613 : 24;
7614 : 24;
7615 : 24;
7616 : 44;
7617 : 44;
7618 : 44;
7619 : 6D;
7620 : 8D;
7621 : 49;
7622 : 44;
7623 : 44;
7624 : 44;
7625 : 44;
7626 : 44;
7627 : 69;
7628 : 8D;
7629 : B1;
7630 : D6;
7631 : DA;
7632 : D6;
7633 : DA;
7634 : DA;
7635 : DA;
7636 : FA;
7637 : FA;
7638 : FB;
7639 : FA;
7640 : D6;
7641 : B6;
7642 : D6;
7643 : D6;
7644 : D6;
7645 : D6;
7646 : D6;
7647 : D6;
7648 : D6;
7649 : D6;
7650 : B2;
7651 : 8D;
7652 : 6D;
7653 : 69;
7654 : 69;
7655 : 49;
7656 : 49;
7657 : 69;
7658 : 69;
7659 : 49;
7660 : 69;
7661 : 6D;
7662 : 8D;
7663 : 92;
7664 : B2;
7665 : DB;
7666 : FF;
7667 : FF;
7668 : FF;
7669 : FF;
7670 : FF;
7671 : FF;
7672 : FF;
7673 : FF;
7674 : FF;
7675 : FF;
7676 : FF;
7677 : FF;
7678 : FF;
7679 : FF;
7680 : FF;
7681 : FF;
7682 : FF;
7683 : FF;
7684 : FF;
7685 : FF;
7686 : FF;
7687 : FF;
7688 : FF;
7689 : FF;
7690 : FF;
7691 : FF;
7692 : FF;
7693 : FF;
7694 : FF;
7695 : FF;
7696 : FF;
7697 : FF;
7698 : FF;
7699 : FF;
7700 : FF;
7701 : FF;
7702 : DB;
7703 : DB;
7704 : DB;
7705 : DB;
7706 : DB;
7707 : DB;
7708 : DB;
7709 : DB;
7710 : DB;
7711 : DB;
7712 : DB;
7713 : FF;
7714 : FF;
7715 : FF;
7716 : FF;
7717 : FF;
7718 : FF;
7719 : FF;
7720 : FF;
7721 : FF;
7722 : FF;
7723 : FF;
7724 : FF;
7725 : DA;
7726 : B2;
7727 : B1;
7728 : B1;
7729 : D5;
7730 : D1;
7731 : B1;
7732 : B1;
7733 : B1;
7734 : B1;
7735 : D1;
7736 : D1;
7737 : D1;
7738 : B1;
7739 : AD;
7740 : 8D;
7741 : 8C;
7742 : 8C;
7743 : 68;
7744 : 68;
7745 : 68;
7746 : 8C;
7747 : 8C;
7748 : 8C;
7749 : 8D;
7750 : 8D;
7751 : 8D;
7752 : B1;
7753 : B6;
7754 : D6;
7755 : D6;
7756 : D6;
7757 : D6;
7758 : D6;
7759 : D6;
7760 : D6;
7761 : D6;
7762 : DA;
7763 : DA;
7764 : B6;
7765 : 71;
7766 : 49;
7767 : 24;
7768 : 24;
7769 : 24;
7770 : 48;
7771 : 49;
7772 : 49;
7773 : 48;
7774 : 48;
7775 : 44;
7776 : 44;
7777 : 49;
7778 : 8D;
7779 : B6;
7780 : B2;
7781 : 69;
7782 : 44;
7783 : 44;
7784 : 44;
7785 : 44;
7786 : 44;
7787 : 48;
7788 : 69;
7789 : 8D;
7790 : B6;
7791 : D6;
7792 : D6;
7793 : D6;
7794 : D6;
7795 : DA;
7796 : FA;
7797 : FB;
7798 : FB;
7799 : FA;
7800 : D6;
7801 : B6;
7802 : B2;
7803 : D6;
7804 : D6;
7805 : D6;
7806 : D6;
7807 : D6;
7808 : D6;
7809 : D6;
7810 : B6;
7811 : 91;
7812 : 8D;
7813 : 8D;
7814 : 8D;
7815 : 6D;
7816 : 69;
7817 : 69;
7818 : 69;
7819 : 6D;
7820 : 8D;
7821 : 8D;
7822 : 91;
7823 : B2;
7824 : D6;
7825 : FF;
7826 : FF;
7827 : FF;
7828 : FF;
7829 : FF;
7830 : FF;
7831 : FF;
7832 : FF;
7833 : FF;
7834 : FF;
7835 : FF;
7836 : FF;
7837 : FF;
7838 : FF;
7839 : FF;
7840 : FF;
7841 : FF;
7842 : FF;
7843 : FF;
7844 : FF;
7845 : FF;
7846 : FF;
7847 : FF;
7848 : FF;
7849 : FF;
7850 : FF;
7851 : FF;
7852 : FF;
7853 : FF;
7854 : FF;
7855 : FF;
7856 : FF;
7857 : FF;
7858 : FF;
7859 : FF;
7860 : FF;
7861 : FF;
7862 : DB;
7863 : DB;
7864 : DB;
7865 : DB;
7866 : DB;
7867 : DB;
7868 : DB;
7869 : DB;
7870 : DB;
7871 : DF;
7872 : DF;
7873 : DF;
7874 : FF;
7875 : FF;
7876 : FF;
7877 : FF;
7878 : FF;
7879 : FF;
7880 : FF;
7881 : FF;
7882 : FF;
7883 : FF;
7884 : FF;
7885 : B6;
7886 : 91;
7887 : B1;
7888 : B5;
7889 : D5;
7890 : B1;
7891 : B1;
7892 : B1;
7893 : B1;
7894 : B1;
7895 : D1;
7896 : D1;
7897 : B1;
7898 : B1;
7899 : AD;
7900 : 8D;
7901 : 8C;
7902 : 8C;
7903 : 88;
7904 : 68;
7905 : 68;
7906 : 68;
7907 : 68;
7908 : 68;
7909 : 6C;
7910 : 6C;
7911 : 8D;
7912 : 8D;
7913 : B1;
7914 : D6;
7915 : D6;
7916 : D6;
7917 : D6;
7918 : D6;
7919 : D6;
7920 : D6;
7921 : D6;
7922 : DA;
7923 : DA;
7924 : B6;
7925 : 92;
7926 : 6D;
7927 : 49;
7928 : 48;
7929 : 24;
7930 : 24;
7931 : 24;
7932 : 24;
7933 : 48;
7934 : 49;
7935 : 69;
7936 : 6D;
7937 : 92;
7938 : B6;
7939 : B6;
7940 : 8D;
7941 : 48;
7942 : 24;
7943 : 24;
7944 : 44;
7945 : 44;
7946 : 49;
7947 : 6D;
7948 : 8D;
7949 : 8D;
7950 : B2;
7951 : D6;
7952 : D6;
7953 : D6;
7954 : D6;
7955 : D6;
7956 : FA;
7957 : FB;
7958 : FB;
7959 : FA;
7960 : D6;
7961 : D6;
7962 : B6;
7963 : D6;
7964 : D6;
7965 : D6;
7966 : D6;
7967 : D6;
7968 : D6;
7969 : D6;
7970 : B6;
7971 : B2;
7972 : B2;
7973 : B2;
7974 : 92;
7975 : 92;
7976 : 8D;
7977 : 8D;
7978 : 6D;
7979 : 91;
7980 : 91;
7981 : 92;
7982 : 92;
7983 : B6;
7984 : FB;
7985 : FF;
7986 : FF;
7987 : FF;
7988 : FF;
7989 : FF;
7990 : FF;
7991 : FF;
7992 : FF;
7993 : FF;
7994 : FF;
7995 : FF;
7996 : FF;
7997 : FF;
7998 : FF;
7999 : FF;
8000 : FF;
8001 : FF;
8002 : FF;
8003 : FF;
8004 : FF;
8005 : FF;
8006 : FF;
8007 : FF;
8008 : FF;
8009 : FF;
8010 : FF;
8011 : FF;
8012 : FF;
8013 : FF;
8014 : FF;
8015 : FF;
8016 : FF;
8017 : FF;
8018 : FF;
8019 : FF;
8020 : DB;
8021 : DB;
8022 : DB;
8023 : DB;
8024 : DB;
8025 : DB;
8026 : DB;
8027 : DB;
8028 : DB;
8029 : DB;
8030 : DB;
8031 : DF;
8032 : DB;
8033 : DB;
8034 : DF;
8035 : DF;
8036 : FF;
8037 : FF;
8038 : FF;
8039 : FF;
8040 : FF;
8041 : FF;
8042 : FF;
8043 : FF;
8044 : DB;
8045 : B2;
8046 : 91;
8047 : B1;
8048 : D6;
8049 : D5;
8050 : B1;
8051 : B1;
8052 : B1;
8053 : B1;
8054 : B1;
8055 : D1;
8056 : D1;
8057 : B1;
8058 : AD;
8059 : AD;
8060 : 8D;
8061 : 8C;
8062 : 8C;
8063 : 8C;
8064 : 68;
8065 : 68;
8066 : 68;
8067 : 68;
8068 : 68;
8069 : 68;
8070 : 68;
8071 : 6C;
8072 : 8D;
8073 : 8D;
8074 : B5;
8075 : D6;
8076 : D6;
8077 : D6;
8078 : D6;
8079 : D6;
8080 : D6;
8081 : D6;
8082 : D6;
8083 : DA;
8084 : DA;
8085 : B6;
8086 : 92;
8087 : 6D;
8088 : 69;
8089 : 49;
8090 : 48;
8091 : 24;
8092 : 24;
8093 : 24;
8094 : 48;
8095 : 6D;
8096 : 92;
8097 : B2;
8098 : 92;
8099 : 6D;
8100 : 44;
8101 : 24;
8102 : 24;
8103 : 24;
8104 : 44;
8105 : 49;
8106 : 69;
8107 : 8D;
8108 : 91;
8109 : 91;
8110 : B2;
8111 : B2;
8112 : B2;
8113 : D6;
8114 : D6;
8115 : DA;
8116 : FA;
8117 : FB;
8118 : FB;
8119 : FB;
8120 : D6;
8121 : D6;
8122 : B6;
8123 : D6;
8124 : D6;
8125 : D6;
8126 : D6;
8127 : DA;
8128 : D6;
8129 : D6;
8130 : B6;
8131 : B2;
8132 : B6;
8133 : B2;
8134 : 8D;
8135 : 8D;
8136 : 8D;
8137 : 92;
8138 : B2;
8139 : B2;
8140 : 92;
8141 : 92;
8142 : B6;
8143 : DB;
8144 : FF;
8145 : FF;
8146 : FF;
8147 : FF;
8148 : FF;
8149 : FF;
8150 : FF;
8151 : FF;
8152 : FF;
8153 : FF;
8154 : FF;
8155 : FF;
8156 : FF;
8157 : FF;
8158 : FF;
8159 : FF;
8160 : FF;
8161 : FF;
8162 : FF;
8163 : FF;
8164 : FF;
8165 : FF;
8166 : FF;
8167 : FF;
8168 : FF;
8169 : FF;
8170 : FF;
8171 : FF;
8172 : FF;
8173 : FF;
8174 : FF;
8175 : FF;
8176 : FF;
8177 : FF;
8178 : DB;
8179 : DB;
8180 : DB;
8181 : DB;
8182 : DB;
8183 : DB;
8184 : DB;
8185 : DB;
8186 : DB;
8187 : DA;
8188 : B6;
8189 : DB;
8190 : DB;
8191 : DB;
8192 : DB;
8193 : DB;
8194 : DB;
8195 : DF;
8196 : DF;
8197 : FF;
8198 : FF;
8199 : FF;
8200 : FF;
8201 : DB;
8202 : DB;
8203 : DB;
8204 : DA;
8205 : B6;
8206 : B6;
8207 : B6;
8208 : D6;
8209 : B1;
8210 : B1;
8211 : B1;
8212 : B1;
8213 : B1;
8214 : B1;
8215 : D1;
8216 : D1;
8217 : B1;
8218 : AD;
8219 : AD;
8220 : 8D;
8221 : 8D;
8222 : 8C;
8223 : 8C;
8224 : 68;
8225 : 68;
8226 : 68;
8227 : 68;
8228 : 68;
8229 : 68;
8230 : 6C;
8231 : 8C;
8232 : 8C;
8233 : 8D;
8234 : B1;
8235 : D6;
8236 : D6;
8237 : D6;
8238 : D6;
8239 : D6;
8240 : D6;
8241 : D6;
8242 : D6;
8243 : DA;
8244 : DA;
8245 : DA;
8246 : B6;
8247 : B2;
8248 : 6D;
8249 : 69;
8250 : 49;
8251 : 48;
8252 : 24;
8253 : 24;
8254 : 24;
8255 : 48;
8256 : 48;
8257 : 44;
8258 : 24;
8259 : 24;
8260 : 24;
8261 : 24;
8262 : 24;
8263 : 44;
8264 : 48;
8265 : 69;
8266 : 6D;
8267 : 8D;
8268 : 8D;
8269 : 91;
8270 : B2;
8271 : B2;
8272 : B2;
8273 : D6;
8274 : D6;
8275 : DA;
8276 : FA;
8277 : FA;
8278 : FB;
8279 : FB;
8280 : D6;
8281 : D6;
8282 : B6;
8283 : B6;
8284 : D6;
8285 : D6;
8286 : D6;
8287 : D6;
8288 : D6;
8289 : D6;
8290 : D6;
8291 : D6;
8292 : B6;
8293 : 92;
8294 : 8D;
8295 : 6D;
8296 : 6D;
8297 : 8D;
8298 : 8D;
8299 : 8D;
8300 : 92;
8301 : B6;
8302 : DB;
8303 : FF;
8304 : FF;
8305 : FF;
8306 : FF;
8307 : FF;
8308 : FF;
8309 : FF;
8310 : FF;
8311 : FF;
8312 : FF;
8313 : FF;
8314 : FF;
8315 : FF;
8316 : FF;
8317 : FF;
8318 : FF;
8319 : FF;
8320 : FF;
8321 : FF;
8322 : FF;
8323 : FF;
8324 : FF;
8325 : FF;
8326 : FF;
8327 : FF;
8328 : FF;
8329 : FF;
8330 : FF;
8331 : FF;
8332 : FF;
8333 : FF;
8334 : FF;
8335 : FF;
8336 : FF;
8337 : DB;
8338 : DB;
8339 : DB;
8340 : DB;
8341 : DB;
8342 : DB;
8343 : DB;
8344 : DB;
8345 : DB;
8346 : DB;
8347 : B6;
8348 : B6;
8349 : B6;
8350 : DB;
8351 : DB;
8352 : DB;
8353 : DB;
8354 : DB;
8355 : DB;
8356 : DB;
8357 : DB;
8358 : DB;
8359 : DB;
8360 : FF;
8361 : DB;
8362 : DB;
8363 : DB;
8364 : DA;
8365 : B6;
8366 : D6;
8367 : D6;
8368 : D6;
8369 : B5;
8370 : B1;
8371 : B1;
8372 : AD;
8373 : B1;
8374 : B1;
8375 : D1;
8376 : B1;
8377 : B1;
8378 : AD;
8379 : AD;
8380 : 8D;
8381 : 8D;
8382 : 8D;
8383 : 8C;
8384 : 68;
8385 : 68;
8386 : 68;
8387 : 68;
8388 : 68;
8389 : 68;
8390 : 8D;
8391 : 8D;
8392 : 8D;
8393 : 8D;
8394 : 8D;
8395 : B1;
8396 : D6;
8397 : D6;
8398 : DA;
8399 : DA;
8400 : D6;
8401 : D6;
8402 : D6;
8403 : D6;
8404 : DA;
8405 : DA;
8406 : DA;
8407 : B6;
8408 : 92;
8409 : 6D;
8410 : 6D;
8411 : 69;
8412 : 48;
8413 : 48;
8414 : 48;
8415 : 48;
8416 : 44;
8417 : 24;
8418 : 24;
8419 : 44;
8420 : 44;
8421 : 44;
8422 : 44;
8423 : 48;
8424 : 48;
8425 : 69;
8426 : 69;
8427 : 8D;
8428 : 8D;
8429 : 8D;
8430 : 91;
8431 : B2;
8432 : B6;
8433 : D6;
8434 : D6;
8435 : D6;
8436 : DA;
8437 : FA;
8438 : FA;
8439 : FA;
8440 : D6;
8441 : D6;
8442 : B6;
8443 : B6;
8444 : D6;
8445 : D6;
8446 : D6;
8447 : D6;
8448 : D6;
8449 : D6;
8450 : DA;
8451 : D6;
8452 : B6;
8453 : 91;
8454 : 8D;
8455 : 6D;
8456 : 69;
8457 : 6D;
8458 : 8D;
8459 : B2;
8460 : DB;
8461 : FB;
8462 : FF;
8463 : FF;
8464 : FF;
8465 : FF;
8466 : FF;
8467 : FF;
8468 : FF;
8469 : FF;
8470 : FF;
8471 : FF;
8472 : FF;
8473 : FF;
8474 : FF;
8475 : FF;
8476 : FF;
8477 : FF;
8478 : FF;
8479 : FF;
8480 : FF;
8481 : FF;
8482 : FF;
8483 : FF;
8484 : FF;
8485 : FF;
8486 : FF;
8487 : FF;
8488 : FF;
8489 : FF;
8490 : FF;
8491 : FF;
8492 : FF;
8493 : FF;
8494 : FF;
8495 : FF;
8496 : FF;
8497 : DB;
8498 : DB;
8499 : DB;
8500 : DB;
8501 : DB;
8502 : DB;
8503 : DB;
8504 : DB;
8505 : DB;
8506 : DB;
8507 : DB;
8508 : DB;
8509 : DB;
8510 : DB;
8511 : FF;
8512 : FF;
8513 : FF;
8514 : FF;
8515 : DB;
8516 : DB;
8517 : DB;
8518 : DB;
8519 : DB;
8520 : DB;
8521 : DB;
8522 : DF;
8523 : FF;
8524 : FB;
8525 : DB;
8526 : DA;
8527 : DA;
8528 : D6;
8529 : D6;
8530 : B1;
8531 : AD;
8532 : AD;
8533 : B1;
8534 : B1;
8535 : B1;
8536 : B1;
8537 : AD;
8538 : 8D;
8539 : 8D;
8540 : AD;
8541 : 8D;
8542 : 8D;
8543 : 8C;
8544 : 68;
8545 : 68;
8546 : 68;
8547 : 68;
8548 : 88;
8549 : 8C;
8550 : 8D;
8551 : 8D;
8552 : 8D;
8553 : 8D;
8554 : 8D;
8555 : 8D;
8556 : B1;
8557 : D6;
8558 : D6;
8559 : DA;
8560 : DA;
8561 : D6;
8562 : D6;
8563 : B6;
8564 : B6;
8565 : D6;
8566 : DA;
8567 : D6;
8568 : B6;
8569 : 92;
8570 : 91;
8571 : 8D;
8572 : 6D;
8573 : 69;
8574 : 49;
8575 : 49;
8576 : 49;
8577 : 49;
8578 : 49;
8579 : 49;
8580 : 49;
8581 : 49;
8582 : 49;
8583 : 69;
8584 : 69;
8585 : 69;
8586 : 69;
8587 : 6D;
8588 : 8D;
8589 : 8D;
8590 : 8D;
8591 : 91;
8592 : B2;
8593 : D6;
8594 : D6;
8595 : D6;
8596 : D6;
8597 : DA;
8598 : FA;
8599 : FA;
8600 : D6;
8601 : D6;
8602 : B2;
8603 : B2;
8604 : B6;
8605 : D6;
8606 : D6;
8607 : D6;
8608 : D6;
8609 : DA;
8610 : FB;
8611 : DA;
8612 : D6;
8613 : B2;
8614 : B2;
8615 : 92;
8616 : 92;
8617 : B6;
8618 : DA;
8619 : FB;
8620 : FF;
8621 : FF;
8622 : FF;
8623 : FF;
8624 : FF;
8625 : FF;
8626 : FF;
8627 : FF;
8628 : FF;
8629 : FF;
8630 : FF;
8631 : FF;
8632 : FF;
8633 : FF;
8634 : FF;
8635 : FF;
8636 : FF;
8637 : FF;
8638 : FF;
8639 : FF;
8640 : FF;
8641 : FF;
8642 : FF;
8643 : FF;
8644 : FF;
8645 : FF;
8646 : FF;
8647 : FF;
8648 : FF;
8649 : FF;
8650 : FF;
8651 : FF;
8652 : FF;
8653 : FF;
8654 : FF;
8655 : FF;
8656 : FF;
8657 : DB;
8658 : DB;
8659 : DB;
8660 : DB;
8661 : DB;
8662 : DB;
8663 : DB;
8664 : DB;
8665 : DA;
8666 : DA;
8667 : DB;
8668 : DB;
8669 : DB;
8670 : FF;
8671 : FF;
8672 : FF;
8673 : FF;
8674 : DF;
8675 : DB;
8676 : DB;
8677 : DB;
8678 : DB;
8679 : DB;
8680 : DB;
8681 : DB;
8682 : FF;
8683 : FF;
8684 : FF;
8685 : FF;
8686 : FB;
8687 : DA;
8688 : DA;
8689 : B6;
8690 : 8D;
8691 : 8D;
8692 : AD;
8693 : B1;
8694 : B1;
8695 : B1;
8696 : B1;
8697 : AD;
8698 : 8D;
8699 : 8D;
8700 : 8D;
8701 : 8D;
8702 : 8C;
8703 : 88;
8704 : 68;
8705 : 68;
8706 : 68;
8707 : 68;
8708 : 88;
8709 : 8D;
8710 : 8D;
8711 : 8D;
8712 : 8D;
8713 : 8D;
8714 : 8D;
8715 : 8D;
8716 : 8D;
8717 : B1;
8718 : D6;
8719 : D6;
8720 : DA;
8721 : D6;
8722 : B6;
8723 : B6;
8724 : B6;
8725 : B6;
8726 : B6;
8727 : D6;
8728 : D6;
8729 : B6;
8730 : B6;
8731 : 92;
8732 : 91;
8733 : 8D;
8734 : 8D;
8735 : 6D;
8736 : 6D;
8737 : 6D;
8738 : 6D;
8739 : 6D;
8740 : 6D;
8741 : 69;
8742 : 6D;
8743 : 6D;
8744 : 6D;
8745 : 6D;
8746 : 6D;
8747 : 6D;
8748 : 8D;
8749 : 8D;
8750 : 8D;
8751 : 8D;
8752 : B2;
8753 : D6;
8754 : D6;
8755 : D6;
8756 : D6;
8757 : DA;
8758 : FA;
8759 : FA;
8760 : DA;
8761 : D6;
8762 : B2;
8763 : B2;
8764 : B2;
8765 : B6;
8766 : D6;
8767 : D6;
8768 : D6;
8769 : DA;
8770 : FB;
8771 : FB;
8772 : D6;
8773 : D6;
8774 : D6;
8775 : D6;
8776 : DB;
8777 : FF;
8778 : FF;
8779 : FF;
8780 : FF;
8781 : FF;
8782 : FF;
8783 : FF;
8784 : FF;
8785 : FF;
8786 : FF;
8787 : FF;
8788 : FF;
8789 : FF;
8790 : FF;
8791 : FF;
8792 : FF;
8793 : FF;
8794 : FF;
8795 : FF;
8796 : FF;
8797 : FF;
8798 : FF;
8799 : FF;
8800 : FF;
8801 : FF;
8802 : FF;
8803 : FF;
8804 : FF;
8805 : FF;
8806 : FF;
8807 : FF;
8808 : FF;
8809 : FF;
8810 : FF;
8811 : FF;
8812 : FF;
8813 : FF;
8814 : FF;
8815 : FF;
8816 : DB;
8817 : DB;
8818 : DB;
8819 : DB;
8820 : DB;
8821 : DB;
8822 : DB;
8823 : DB;
8824 : DB;
8825 : B6;
8826 : BA;
8827 : DB;
8828 : DB;
8829 : DB;
8830 : DF;
8831 : FF;
8832 : FF;
8833 : FF;
8834 : DB;
8835 : DB;
8836 : DB;
8837 : DB;
8838 : DB;
8839 : DB;
8840 : DB;
8841 : DB;
8842 : DB;
8843 : FF;
8844 : FF;
8845 : FF;
8846 : FF;
8847 : FB;
8848 : DA;
8849 : B2;
8850 : 8D;
8851 : 8D;
8852 : 8D;
8853 : AD;
8854 : B1;
8855 : B1;
8856 : B1;
8857 : AD;
8858 : 8D;
8859 : 8D;
8860 : 8D;
8861 : 8D;
8862 : 88;
8863 : 68;
8864 : 68;
8865 : 68;
8866 : 68;
8867 : 68;
8868 : 8D;
8869 : 8D;
8870 : 8D;
8871 : 8D;
8872 : 8D;
8873 : 8D;
8874 : 8D;
8875 : 8D;
8876 : 8D;
8877 : B1;
8878 : B6;
8879 : D6;
8880 : D6;
8881 : DA;
8882 : D6;
8883 : B6;
8884 : B6;
8885 : B6;
8886 : B6;
8887 : B6;
8888 : D6;
8889 : B6;
8890 : B6;
8891 : B6;
8892 : B2;
8893 : B2;
8894 : 92;
8895 : 92;
8896 : 91;
8897 : 8D;
8898 : 6D;
8899 : 6D;
8900 : 8D;
8901 : 8D;
8902 : 8D;
8903 : 8D;
8904 : 8D;
8905 : 8D;
8906 : 8D;
8907 : 8D;
8908 : 8D;
8909 : 8D;
8910 : 91;
8911 : 91;
8912 : B2;
8913 : B6;
8914 : D6;
8915 : D6;
8916 : D6;
8917 : DA;
8918 : FA;
8919 : FA;
8920 : D6;
8921 : D6;
8922 : B2;
8923 : B2;
8924 : B2;
8925 : B6;
8926 : D6;
8927 : D6;
8928 : DA;
8929 : FB;
8930 : FB;
8931 : FB;
8932 : FB;
8933 : DB;
8934 : DB;
8935 : FB;
8936 : FF;
8937 : FF;
8938 : FF;
8939 : FF;
8940 : FF;
8941 : FF;
8942 : FF;
8943 : FF;
8944 : FF;
8945 : FF;
8946 : FF;
8947 : FF;
8948 : FF;
8949 : FF;
8950 : FF;
8951 : FF;
8952 : FF;
8953 : FF;
8954 : FF;
8955 : FF;
8956 : FF;
8957 : FF;
8958 : FF;
8959 : FF;
8960 : FF;
8961 : FF;
8962 : FF;
8963 : FF;
8964 : FF;
8965 : FF;
8966 : FF;
8967 : FF;
8968 : FF;
8969 : FF;
8970 : FF;
8971 : FF;
8972 : FF;
8973 : FF;
8974 : FF;
8975 : FF;
8976 : DB;
8977 : DB;
8978 : DB;
8979 : DB;
8980 : DB;
8981 : DB;
8982 : DB;
8983 : DB;
8984 : BA;
8985 : B6;
8986 : B6;
8987 : DB;
8988 : DB;
8989 : DB;
8990 : DF;
8991 : FF;
8992 : FF;
8993 : DB;
8994 : DB;
8995 : DB;
8996 : DB;
8997 : DB;
8998 : DB;
8999 : DB;
9000 : DB;
9001 : DB;
9002 : DB;
9003 : FF;
9004 : FF;
9005 : FF;
9006 : FF;
9007 : FB;
9008 : DA;
9009 : B2;
9010 : 8D;
9011 : 8D;
9012 : 8D;
9013 : AD;
9014 : B1;
9015 : B1;
9016 : B1;
9017 : AD;
9018 : 8D;
9019 : 8D;
9020 : 8D;
9021 : 8D;
9022 : 8D;
9023 : 68;
9024 : 68;
9025 : 68;
9026 : 68;
9027 : 68;
9028 : 8D;
9029 : 8D;
9030 : 8D;
9031 : B1;
9032 : B1;
9033 : B1;
9034 : 91;
9035 : 8D;
9036 : 8D;
9037 : B1;
9038 : B6;
9039 : B6;
9040 : D6;
9041 : DA;
9042 : DA;
9043 : DA;
9044 : B6;
9045 : B6;
9046 : B2;
9047 : B6;
9048 : B6;
9049 : B6;
9050 : B6;
9051 : B6;
9052 : B6;
9053 : B2;
9054 : 92;
9055 : 92;
9056 : 91;
9057 : 91;
9058 : 8D;
9059 : 8D;
9060 : 8D;
9061 : 8D;
9062 : 8D;
9063 : 8D;
9064 : 8D;
9065 : 8D;
9066 : 8D;
9067 : 8D;
9068 : 91;
9069 : B2;
9070 : B6;
9071 : B6;
9072 : B6;
9073 : B6;
9074 : B6;
9075 : B6;
9076 : D6;
9077 : DA;
9078 : FA;
9079 : FA;
9080 : D6;
9081 : D6;
9082 : B2;
9083 : B2;
9084 : B6;
9085 : D6;
9086 : D6;
9087 : DA;
9088 : FA;
9089 : FB;
9090 : FB;
9091 : FB;
9092 : FB;
9093 : FB;
9094 : FF;
9095 : FF;
9096 : FF;
9097 : FF;
9098 : FF;
9099 : FF;
9100 : FF;
9101 : FF;
9102 : FF;
9103 : FF;
9104 : FF;
9105 : FF;
9106 : FF;
9107 : FF;
9108 : FF;
9109 : FF;
9110 : FF;
9111 : FF;
9112 : FF;
9113 : FF;
9114 : FF;
9115 : FF;
9116 : FF;
9117 : FF;
9118 : FF;
9119 : FF;
9120 : FF;
9121 : FF;
9122 : FF;
9123 : FF;
9124 : FF;
9125 : FF;
9126 : FF;
9127 : FF;
9128 : FF;
9129 : FF;
9130 : FF;
9131 : FF;
9132 : FF;
9133 : FF;
9134 : FF;
9135 : FF;
9136 : DB;
9137 : DB;
9138 : DB;
9139 : DB;
9140 : DB;
9141 : DB;
9142 : DB;
9143 : DA;
9144 : B6;
9145 : B6;
9146 : B6;
9147 : DB;
9148 : DB;
9149 : DB;
9150 : FF;
9151 : FF;
9152 : DF;
9153 : DB;
9154 : DB;
9155 : DB;
9156 : DB;
9157 : DF;
9158 : DF;
9159 : DB;
9160 : DB;
9161 : DB;
9162 : DB;
9163 : DB;
9164 : FF;
9165 : FF;
9166 : FF;
9167 : FF;
9168 : FA;
9169 : B2;
9170 : 8D;
9171 : 8D;
9172 : 8D;
9173 : B1;
9174 : B1;
9175 : B1;
9176 : 8D;
9177 : 8D;
9178 : 8D;
9179 : 8D;
9180 : 8D;
9181 : 8D;
9182 : 8D;
9183 : 8D;
9184 : 68;
9185 : 68;
9186 : 68;
9187 : 69;
9188 : 69;
9189 : 8D;
9190 : 8D;
9191 : B1;
9192 : B1;
9193 : B1;
9194 : B1;
9195 : 8D;
9196 : 91;
9197 : B1;
9198 : D6;
9199 : D6;
9200 : D6;
9201 : DA;
9202 : DA;
9203 : DB;
9204 : DA;
9205 : B6;
9206 : B6;
9207 : B6;
9208 : B6;
9209 : B6;
9210 : B6;
9211 : B6;
9212 : B6;
9213 : B2;
9214 : B2;
9215 : B2;
9216 : B2;
9217 : 92;
9218 : 91;
9219 : 91;
9220 : 91;
9221 : 91;
9222 : 91;
9223 : 91;
9224 : 91;
9225 : 91;
9226 : 91;
9227 : B2;
9228 : B2;
9229 : B6;
9230 : B6;
9231 : B6;
9232 : B6;
9233 : B6;
9234 : B6;
9235 : D6;
9236 : D6;
9237 : D6;
9238 : DA;
9239 : FA;
9240 : DA;
9241 : D6;
9242 : B6;
9243 : B6;
9244 : D6;
9245 : D6;
9246 : D6;
9247 : DA;
9248 : DA;
9249 : FB;
9250 : FB;
9251 : FB;
9252 : FB;
9253 : FF;
9254 : FF;
9255 : FF;
9256 : FF;
9257 : FF;
9258 : FF;
9259 : FF;
9260 : FF;
9261 : FF;
9262 : FF;
9263 : FF;
9264 : FF;
9265 : FF;
9266 : FF;
9267 : FF;
9268 : FF;
9269 : FF;
9270 : FF;
9271 : FF;
9272 : FF;
9273 : FF;
9274 : FF;
9275 : FF;
9276 : FF;
9277 : FF;
9278 : FF;
9279 : FF;
9280 : FF;
9281 : FF;
9282 : FF;
9283 : FF;
9284 : FF;
9285 : FF;
9286 : FF;
9287 : FF;
9288 : FF;
9289 : FF;
9290 : FF;
9291 : FF;
9292 : FF;
9293 : FF;
9294 : FF;
9295 : FF;
9296 : DB;
9297 : DB;
9298 : DB;
9299 : DB;
9300 : DB;
9301 : DB;
9302 : DB;
9303 : DA;
9304 : B6;
9305 : B6;
9306 : B6;
9307 : DB;
9308 : DB;
9309 : DB;
9310 : DB;
9311 : DB;
9312 : DB;
9313 : DB;
9314 : DB;
9315 : DB;
9316 : DB;
9317 : DF;
9318 : DF;
9319 : DB;
9320 : DB;
9321 : DB;
9322 : DB;
9323 : DB;
9324 : DF;
9325 : FF;
9326 : FF;
9327 : FF;
9328 : FA;
9329 : B2;
9330 : 8D;
9331 : 8D;
9332 : B1;
9333 : B1;
9334 : B1;
9335 : B1;
9336 : 8D;
9337 : 8D;
9338 : 8D;
9339 : 8D;
9340 : AD;
9341 : AD;
9342 : 8D;
9343 : 8D;
9344 : 8D;
9345 : 8D;
9346 : 8D;
9347 : 8D;
9348 : 8D;
9349 : 8D;
9350 : B1;
9351 : B1;
9352 : B5;
9353 : B1;
9354 : B1;
9355 : 91;
9356 : B1;
9357 : D6;
9358 : D6;
9359 : DA;
9360 : DA;
9361 : DA;
9362 : DA;
9363 : DB;
9364 : DA;
9365 : DA;
9366 : B6;
9367 : B6;
9368 : B6;
9369 : B6;
9370 : B6;
9371 : B6;
9372 : B6;
9373 : B6;
9374 : B2;
9375 : B2;
9376 : B2;
9377 : 92;
9378 : 91;
9379 : 91;
9380 : 91;
9381 : 91;
9382 : 91;
9383 : 91;
9384 : 91;
9385 : 91;
9386 : 91;
9387 : B1;
9388 : B2;
9389 : B6;
9390 : B6;
9391 : B6;
9392 : B6;
9393 : B6;
9394 : B6;
9395 : B6;
9396 : D6;
9397 : D6;
9398 : DA;
9399 : FA;
9400 : D6;
9401 : D6;
9402 : D6;
9403 : D6;
9404 : D6;
9405 : D6;
9406 : DA;
9407 : FB;
9408 : FB;
9409 : FB;
9410 : FB;
9411 : FB;
9412 : FB;
9413 : FF;
9414 : FF;
9415 : FF;
9416 : FF;
9417 : FF;
9418 : FF;
9419 : FF;
9420 : FF;
9421 : FF;
9422 : FF;
9423 : FF;
9424 : FF;
9425 : FF;
9426 : FF;
9427 : FF;
9428 : FF;
9429 : FF;
9430 : FF;
9431 : FF;
9432 : FF;
9433 : FF;
9434 : FF;
9435 : FF;
9436 : FF;
9437 : FF;
9438 : FF;
9439 : FF;
9440 : FF;
9441 : FF;
9442 : FF;
9443 : FF;
9444 : FF;
9445 : FF;
9446 : FF;
9447 : FF;
9448 : FF;
9449 : FF;
9450 : FF;
9451 : FF;
9452 : FF;
9453 : FF;
9454 : FF;
9455 : FF;
9456 : DB;
9457 : DB;
9458 : DB;
9459 : DB;
9460 : DB;
9461 : DB;
9462 : DB;
9463 : B6;
9464 : B6;
9465 : B6;
9466 : B6;
9467 : DB;
9468 : DB;
9469 : DB;
9470 : DB;
9471 : DB;
9472 : DB;
9473 : DB;
9474 : DB;
9475 : DB;
9476 : DB;
9477 : FF;
9478 : DF;
9479 : DB;
9480 : DB;
9481 : DB;
9482 : DB;
9483 : DB;
9484 : DB;
9485 : FF;
9486 : FF;
9487 : FF;
9488 : DA;
9489 : B6;
9490 : 8D;
9491 : 91;
9492 : B1;
9493 : B2;
9494 : B1;
9495 : B1;
9496 : 8D;
9497 : 8D;
9498 : 8D;
9499 : 8D;
9500 : 8D;
9501 : 8D;
9502 : 8D;
9503 : 8D;
9504 : 8D;
9505 : 8D;
9506 : 8D;
9507 : B1;
9508 : B1;
9509 : B2;
9510 : B6;
9511 : D6;
9512 : B6;
9513 : B1;
9514 : B1;
9515 : B1;
9516 : B2;
9517 : D6;
9518 : DA;
9519 : DA;
9520 : DA;
9521 : DA;
9522 : DB;
9523 : FB;
9524 : DB;
9525 : DB;
9526 : DA;
9527 : B6;
9528 : B6;
9529 : B6;
9530 : B6;
9531 : B6;
9532 : B6;
9533 : B6;
9534 : B6;
9535 : B6;
9536 : B2;
9537 : 92;
9538 : 91;
9539 : 91;
9540 : 91;
9541 : 91;
9542 : 91;
9543 : 91;
9544 : 8D;
9545 : 8D;
9546 : 8D;
9547 : 91;
9548 : 91;
9549 : B2;
9550 : B6;
9551 : B6;
9552 : B6;
9553 : B6;
9554 : B6;
9555 : B6;
9556 : D6;
9557 : D6;
9558 : DA;
9559 : DA;
9560 : D6;
9561 : D6;
9562 : D6;
9563 : D6;
9564 : D6;
9565 : DA;
9566 : FB;
9567 : FB;
9568 : FB;
9569 : FB;
9570 : FB;
9571 : FB;
9572 : FF;
9573 : FF;
9574 : FF;
9575 : FF;
9576 : FF;
9577 : FF;
9578 : FF;
9579 : FF;
9580 : FF;
9581 : FF;
9582 : FF;
9583 : FF;
9584 : FF;
9585 : FF;
9586 : FF;
9587 : FF;
9588 : FF;
9589 : FF;
9590 : FF;
9591 : FF;
9592 : FF;
9593 : FF;
9594 : FF;
9595 : FF;
9596 : FF;
9597 : FF;
9598 : FF;
9599 : FF;
9600 : FF;
9601 : FF;
9602 : FF;
9603 : FF;
9604 : FF;
9605 : FF;
9606 : FF;
9607 : FF;
9608 : FF;
9609 : FF;
9610 : FF;
9611 : FF;
9612 : FF;
9613 : FF;
9614 : FF;
9615 : FF;
9616 : DB;
9617 : DB;
9618 : DB;
9619 : DB;
9620 : DB;
9621 : DB;
9622 : DB;
9623 : B6;
9624 : B6;
9625 : B6;
9626 : B6;
9627 : DB;
9628 : DB;
9629 : DB;
9630 : DB;
9631 : DB;
9632 : DB;
9633 : DB;
9634 : DA;
9635 : DB;
9636 : DB;
9637 : FF;
9638 : FF;
9639 : DB;
9640 : DB;
9641 : DB;
9642 : DB;
9643 : DB;
9644 : DB;
9645 : FF;
9646 : FF;
9647 : FF;
9648 : DB;
9649 : B6;
9650 : 91;
9651 : B2;
9652 : D6;
9653 : D6;
9654 : B6;
9655 : B1;
9656 : 8D;
9657 : 8D;
9658 : 8D;
9659 : 6D;
9660 : 68;
9661 : 6D;
9662 : 8D;
9663 : 8D;
9664 : 91;
9665 : B1;
9666 : B2;
9667 : B6;
9668 : B6;
9669 : B6;
9670 : D6;
9671 : DA;
9672 : D6;
9673 : B6;
9674 : B2;
9675 : B6;
9676 : B6;
9677 : D6;
9678 : DA;
9679 : DA;
9680 : DA;
9681 : DA;
9682 : DB;
9683 : DB;
9684 : DB;
9685 : DB;
9686 : DA;
9687 : BA;
9688 : B6;
9689 : B6;
9690 : B6;
9691 : B6;
9692 : B6;
9693 : B6;
9694 : B6;
9695 : B6;
9696 : B6;
9697 : B6;
9698 : B2;
9699 : 92;
9700 : 91;
9701 : 91;
9702 : 91;
9703 : 91;
9704 : 8D;
9705 : 8D;
9706 : 8D;
9707 : 91;
9708 : 91;
9709 : 91;
9710 : B2;
9711 : B6;
9712 : B6;
9713 : B6;
9714 : B6;
9715 : D6;
9716 : D6;
9717 : D6;
9718 : D6;
9719 : D6;
9720 : DA;
9721 : D6;
9722 : D6;
9723 : D6;
9724 : D6;
9725 : DA;
9726 : FB;
9727 : FB;
9728 : FB;
9729 : FB;
9730 : FB;
9731 : FB;
9732 : FF;
9733 : FF;
9734 : FF;
9735 : FF;
9736 : FF;
9737 : FF;
9738 : FF;
9739 : FF;
9740 : FF;
9741 : FF;
9742 : FF;
9743 : FF;
9744 : FF;
9745 : FF;
9746 : FF;
9747 : FF;
9748 : FF;
9749 : FF;
9750 : FF;
9751 : FF;
9752 : FF;
9753 : FF;
9754 : FF;
9755 : FF;
9756 : FF;
9757 : FF;
9758 : FF;
9759 : FF;
9760 : FF;
9761 : FF;
9762 : FF;
9763 : FF;
9764 : FF;
9765 : FF;
9766 : FF;
9767 : FF;
9768 : FF;
9769 : FF;
9770 : FF;
9771 : FF;
9772 : FF;
9773 : FF;
9774 : FF;
9775 : FF;
9776 : DB;
9777 : DB;
9778 : DB;
9779 : DB;
9780 : DB;
9781 : DB;
9782 : DB;
9783 : B6;
9784 : B6;
9785 : B6;
9786 : B6;
9787 : DB;
9788 : DB;
9789 : DB;
9790 : DB;
9791 : DB;
9792 : DB;
9793 : DB;
9794 : DB;
9795 : DB;
9796 : DF;
9797 : FF;
9798 : FF;
9799 : FF;
9800 : DB;
9801 : DB;
9802 : DB;
9803 : DB;
9804 : DB;
9805 : DF;
9806 : FF;
9807 : FF;
9808 : DB;
9809 : B6;
9810 : B6;
9811 : D6;
9812 : DA;
9813 : D6;
9814 : D6;
9815 : B2;
9816 : B1;
9817 : B1;
9818 : 91;
9819 : 8D;
9820 : 6D;
9821 : 6D;
9822 : 91;
9823 : 91;
9824 : B1;
9825 : B2;
9826 : B6;
9827 : B6;
9828 : B6;
9829 : B6;
9830 : B6;
9831 : D6;
9832 : D6;
9833 : D6;
9834 : B6;
9835 : D6;
9836 : DA;
9837 : DA;
9838 : DA;
9839 : DA;
9840 : DA;
9841 : DB;
9842 : DB;
9843 : DB;
9844 : DB;
9845 : DB;
9846 : DB;
9847 : BA;
9848 : B6;
9849 : B6;
9850 : B6;
9851 : B6;
9852 : D6;
9853 : D6;
9854 : B6;
9855 : B6;
9856 : B6;
9857 : B6;
9858 : B6;
9859 : 92;
9860 : 91;
9861 : 8D;
9862 : 8D;
9863 : 8D;
9864 : 91;
9865 : 91;
9866 : 91;
9867 : 91;
9868 : 91;
9869 : 91;
9870 : B2;
9871 : B6;
9872 : B2;
9873 : B2;
9874 : B6;
9875 : B6;
9876 : D6;
9877 : D6;
9878 : D6;
9879 : D6;
9880 : DA;
9881 : DA;
9882 : D6;
9883 : D6;
9884 : DA;
9885 : DA;
9886 : DA;
9887 : FB;
9888 : FB;
9889 : FB;
9890 : FB;
9891 : FF;
9892 : FF;
9893 : FF;
9894 : FF;
9895 : FF;
9896 : FF;
9897 : FF;
9898 : FF;
9899 : FF;
9900 : FF;
9901 : FF;
9902 : FF;
9903 : FF;
9904 : FF;
9905 : FF;
9906 : FF;
9907 : FF;
9908 : FF;
9909 : FF;
9910 : FF;
9911 : FF;
9912 : FF;
9913 : FF;
9914 : FF;
9915 : FF;
9916 : FF;
9917 : FF;
9918 : FF;
9919 : FF;
9920 : FF;
9921 : FF;
9922 : FF;
9923 : FF;
9924 : FF;
9925 : FF;
9926 : FF;
9927 : FF;
9928 : FF;
9929 : FF;
9930 : FF;
9931 : FF;
9932 : FF;
9933 : FF;
9934 : FF;
9935 : FF;
9936 : DB;
9937 : DB;
9938 : DB;
9939 : DB;
9940 : DB;
9941 : DB;
9942 : DB;
9943 : B6;
9944 : B6;
9945 : B6;
9946 : B6;
9947 : DB;
9948 : DB;
9949 : DB;
9950 : DB;
9951 : DB;
9952 : DB;
9953 : DF;
9954 : FF;
9955 : FF;
9956 : FF;
9957 : FF;
9958 : FF;
9959 : FF;
9960 : FF;
9961 : DB;
9962 : DB;
9963 : DB;
9964 : DB;
9965 : DB;
9966 : DF;
9967 : FF;
9968 : DB;
9969 : B6;
9970 : B6;
9971 : DA;
9972 : DA;
9973 : DA;
9974 : D6;
9975 : B6;
9976 : B6;
9977 : B2;
9978 : B2;
9979 : B1;
9980 : 91;
9981 : B2;
9982 : B6;
9983 : B2;
9984 : B1;
9985 : B6;
9986 : D6;
9987 : D6;
9988 : B6;
9989 : B6;
9990 : B6;
9991 : D6;
9992 : D6;
9993 : D6;
9994 : DA;
9995 : DA;
9996 : DA;
9997 : DA;
9998 : DA;
9999 : DA;
10000 : DA;
10001 : DB;
10002 : DB;
10003 : DB;
10004 : DB;
10005 : DB;
10006 : DB;
10007 : DA;
10008 : BA;
10009 : B6;
10010 : B6;
10011 : DA;
10012 : DA;
10013 : DA;
10014 : D6;
10015 : B6;
10016 : B6;
10017 : B6;
10018 : B2;
10019 : 92;
10020 : 91;
10021 : 91;
10022 : 91;
10023 : 91;
10024 : 91;
10025 : 91;
10026 : 91;
10027 : 91;
10028 : 91;
10029 : B2;
10030 : B2;
10031 : B2;
10032 : B1;
10033 : B2;
10034 : B2;
10035 : B6;
10036 : B6;
10037 : D6;
10038 : D6;
10039 : D6;
10040 : DA;
10041 : DA;
10042 : D6;
10043 : D6;
10044 : DA;
10045 : DA;
10046 : DA;
10047 : FB;
10048 : FB;
10049 : FB;
10050 : FB;
10051 : FF;
10052 : FF;
10053 : FF;
10054 : FF;
10055 : FF;
10056 : FF;
10057 : FF;
10058 : FF;
10059 : FF;
10060 : FF;
10061 : FF;
10062 : FF;
10063 : FF;
10064 : FF;
10065 : FF;
10066 : FF;
10067 : FF;
10068 : FF;
10069 : FF;
10070 : FF;
10071 : FF;
10072 : FF;
10073 : FF;
10074 : FF;
10075 : FF;
10076 : FF;
10077 : FF;
10078 : FF;
10079 : FF;
10080 : FF;
10081 : FF;
10082 : FF;
10083 : FF;
10084 : FF;
10085 : FF;
10086 : FF;
10087 : FF;
10088 : FF;
10089 : FF;
10090 : FF;
10091 : FF;
10092 : FF;
10093 : FF;
10094 : FF;
10095 : FF;
10096 : DB;
10097 : DB;
10098 : DB;
10099 : DB;
10100 : DB;
10101 : DB;
10102 : DB;
10103 : B6;
10104 : B6;
10105 : B6;
10106 : DA;
10107 : DB;
10108 : DB;
10109 : DB;
10110 : DB;
10111 : FF;
10112 : FF;
10113 : FF;
10114 : FF;
10115 : FF;
10116 : FF;
10117 : FF;
10118 : FF;
10119 : FF;
10120 : FF;
10121 : FF;
10122 : DB;
10123 : DB;
10124 : DB;
10125 : DB;
10126 : DB;
10127 : DF;
10128 : DB;
10129 : DA;
10130 : B6;
10131 : DA;
10132 : DB;
10133 : DA;
10134 : DA;
10135 : D6;
10136 : D6;
10137 : D6;
10138 : B6;
10139 : B6;
10140 : B2;
10141 : B6;
10142 : B6;
10143 : B6;
10144 : B6;
10145 : B6;
10146 : D6;
10147 : D6;
10148 : B6;
10149 : B6;
10150 : B6;
10151 : B6;
10152 : D6;
10153 : D6;
10154 : DA;
10155 : DA;
10156 : DB;
10157 : DB;
10158 : DB;
10159 : DB;
10160 : DB;
10161 : DB;
10162 : DB;
10163 : DB;
10164 : DB;
10165 : DB;
10166 : DB;
10167 : DB;
10168 : DA;
10169 : BA;
10170 : B6;
10171 : B6;
10172 : B6;
10173 : B6;
10174 : B6;
10175 : B6;
10176 : B6;
10177 : B6;
10178 : 92;
10179 : 92;
10180 : 91;
10181 : 91;
10182 : 91;
10183 : 91;
10184 : 91;
10185 : 91;
10186 : 91;
10187 : 91;
10188 : 91;
10189 : 91;
10190 : B1;
10191 : B1;
10192 : 91;
10193 : 91;
10194 : B6;
10195 : D6;
10196 : B6;
10197 : B6;
10198 : D6;
10199 : D6;
10200 : DA;
10201 : DA;
10202 : D6;
10203 : D6;
10204 : DA;
10205 : DA;
10206 : DA;
10207 : FB;
10208 : FB;
10209 : FB;
10210 : FB;
10211 : FF;
10212 : FF;
10213 : FF;
10214 : FF;
10215 : FF;
10216 : FF;
10217 : FF;
10218 : FF;
10219 : FF;
10220 : FF;
10221 : FF;
10222 : FF;
10223 : FF;
10224 : FF;
10225 : FF;
10226 : FF;
10227 : FF;
10228 : FF;
10229 : FF;
10230 : FF;
10231 : FF;
10232 : FF;
10233 : FF;
10234 : FF;
10235 : FF;
10236 : FF;
10237 : FF;
10238 : FF;
10239 : FF;
10240 : FF;
10241 : FF;
10242 : FF;
10243 : FF;
10244 : FF;
10245 : FF;
10246 : FF;
10247 : FF;
10248 : FF;
10249 : FF;
10250 : FF;
10251 : FF;
10252 : FF;
10253 : FF;
10254 : FF;
10255 : FF;
10256 : DB;
10257 : DB;
10258 : DB;
10259 : DB;
10260 : DB;
10261 : DB;
10262 : DB;
10263 : B6;
10264 : B6;
10265 : B6;
10266 : DA;
10267 : DB;
10268 : DB;
10269 : DB;
10270 : FF;
10271 : FF;
10272 : FF;
10273 : FF;
10274 : FF;
10275 : FF;
10276 : FF;
10277 : FF;
10278 : FF;
10279 : FF;
10280 : FF;
10281 : FF;
10282 : DB;
10283 : DB;
10284 : DB;
10285 : DB;
10286 : DB;
10287 : DB;
10288 : DB;
10289 : DB;
10290 : DB;
10291 : DB;
10292 : DB;
10293 : DA;
10294 : DA;
10295 : DA;
10296 : D6;
10297 : D6;
10298 : D6;
10299 : B6;
10300 : B6;
10301 : B6;
10302 : B6;
10303 : B6;
10304 : B6;
10305 : B6;
10306 : B6;
10307 : B6;
10308 : B6;
10309 : B6;
10310 : B6;
10311 : B6;
10312 : B6;
10313 : B6;
10314 : DA;
10315 : DB;
10316 : DB;
10317 : DB;
10318 : DB;
10319 : DB;
10320 : DB;
10321 : DB;
10322 : DB;
10323 : DB;
10324 : DB;
10325 : DB;
10326 : DB;
10327 : DB;
10328 : DB;
10329 : BA;
10330 : B6;
10331 : B6;
10332 : B6;
10333 : B6;
10334 : B6;
10335 : B6;
10336 : B6;
10337 : B6;
10338 : 92;
10339 : 92;
10340 : 91;
10341 : 91;
10342 : 92;
10343 : B2;
10344 : 92;
10345 : 91;
10346 : 91;
10347 : 91;
10348 : 91;
10349 : 91;
10350 : 91;
10351 : 91;
10352 : 91;
10353 : B1;
10354 : B6;
10355 : D6;
10356 : D6;
10357 : D6;
10358 : D6;
10359 : D6;
10360 : D6;
10361 : DA;
10362 : D6;
10363 : DA;
10364 : DA;
10365 : DA;
10366 : DA;
10367 : FB;
10368 : FB;
10369 : FB;
10370 : FB;
10371 : FF;
10372 : FF;
10373 : FF;
10374 : FF;
10375 : FF;
10376 : FF;
10377 : FF;
10378 : FF;
10379 : FF;
10380 : FF;
10381 : FF;
10382 : FF;
10383 : FF;
10384 : FF;
10385 : FF;
10386 : FF;
10387 : FF;
10388 : FF;
10389 : FF;
10390 : FF;
10391 : FF;
10392 : FF;
10393 : FF;
10394 : FF;
10395 : FF;
10396 : FF;
10397 : FF;
10398 : FF;
10399 : FF;
10400 : FF;
10401 : FF;
10402 : FF;
10403 : FF;
10404 : FF;
10405 : FF;
10406 : FF;
10407 : FF;
10408 : FF;
10409 : FF;
10410 : FF;
10411 : FF;
10412 : FF;
10413 : FF;
10414 : FF;
10415 : FF;
10416 : DB;
10417 : DB;
10418 : DB;
10419 : DB;
10420 : DB;
10421 : DB;
10422 : DB;
10423 : B6;
10424 : B6;
10425 : B6;
10426 : DA;
10427 : DB;
10428 : FF;
10429 : FF;
10430 : FF;
10431 : FF;
10432 : FF;
10433 : FF;
10434 : FF;
10435 : FF;
10436 : FF;
10437 : FF;
10438 : FF;
10439 : FF;
10440 : FF;
10441 : FF;
10442 : FF;
10443 : DB;
10444 : DB;
10445 : DB;
10446 : DB;
10447 : DB;
10448 : DB;
10449 : DB;
10450 : DB;
10451 : DB;
10452 : DB;
10453 : DA;
10454 : DA;
10455 : DA;
10456 : DA;
10457 : D6;
10458 : B6;
10459 : B6;
10460 : B6;
10461 : B6;
10462 : B6;
10463 : D6;
10464 : D6;
10465 : B6;
10466 : B2;
10467 : B6;
10468 : B6;
10469 : B6;
10470 : B6;
10471 : B6;
10472 : B6;
10473 : B6;
10474 : B6;
10475 : DA;
10476 : DB;
10477 : DB;
10478 : DB;
10479 : DB;
10480 : DB;
10481 : DB;
10482 : DB;
10483 : DB;
10484 : DB;
10485 : DB;
10486 : DB;
10487 : DB;
10488 : DB;
10489 : BA;
10490 : B6;
10491 : B6;
10492 : B6;
10493 : B6;
10494 : B6;
10495 : B6;
10496 : B6;
10497 : B6;
10498 : 92;
10499 : 92;
10500 : 92;
10501 : 92;
10502 : 92;
10503 : B6;
10504 : B2;
10505 : B2;
10506 : 92;
10507 : 91;
10508 : 8D;
10509 : 8D;
10510 : 8D;
10511 : 91;
10512 : B2;
10513 : B6;
10514 : B6;
10515 : D6;
10516 : D6;
10517 : D6;
10518 : B6;
10519 : B6;
10520 : D6;
10521 : D6;
10522 : D6;
10523 : D6;
10524 : DA;
10525 : DA;
10526 : DA;
10527 : FB;
10528 : FB;
10529 : FB;
10530 : FB;
10531 : FF;
10532 : FF;
10533 : FF;
10534 : FF;
10535 : FF;
10536 : FF;
10537 : FF;
10538 : FF;
10539 : FF;
10540 : FF;
10541 : FF;
10542 : FF;
10543 : FF;
10544 : FF;
10545 : FF;
10546 : FF;
10547 : FF;
10548 : FF;
10549 : FF;
10550 : FF;
10551 : FF;
10552 : FF;
10553 : FF;
10554 : FF;
10555 : FF;
10556 : FF;
10557 : FF;
10558 : FF;
10559 : FF;
10560 : FF;
10561 : FF;
10562 : FF;
10563 : FF;
10564 : FF;
10565 : FF;
10566 : FF;
10567 : FF;
10568 : FF;
10569 : FF;
10570 : FF;
10571 : FF;
10572 : FF;
10573 : FF;
10574 : FF;
10575 : FF;
10576 : DB;
10577 : DB;
10578 : DB;
10579 : DB;
10580 : DB;
10581 : DB;
10582 : DB;
10583 : DA;
10584 : DA;
10585 : B6;
10586 : DB;
10587 : DB;
10588 : FF;
10589 : FF;
10590 : FF;
10591 : FF;
10592 : FF;
10593 : FF;
10594 : FF;
10595 : FF;
10596 : FF;
10597 : FF;
10598 : FF;
10599 : FF;
10600 : FF;
10601 : FF;
10602 : FF;
10603 : FF;
10604 : DB;
10605 : DB;
10606 : DB;
10607 : DB;
10608 : DB;
10609 : DB;
10610 : DB;
10611 : DB;
10612 : DB;
10613 : DB;
10614 : DA;
10615 : DA;
10616 : DA;
10617 : D6;
10618 : D6;
10619 : D6;
10620 : D6;
10621 : DA;
10622 : D6;
10623 : D6;
10624 : B6;
10625 : B2;
10626 : B2;
10627 : B2;
10628 : B2;
10629 : B2;
10630 : B6;
10631 : B6;
10632 : B6;
10633 : B6;
10634 : B6;
10635 : B6;
10636 : DA;
10637 : DB;
10638 : DB;
10639 : DB;
10640 : DB;
10641 : DB;
10642 : DB;
10643 : DB;
10644 : DB;
10645 : DB;
10646 : DB;
10647 : DB;
10648 : DB;
10649 : DB;
10650 : BA;
10651 : B6;
10652 : B6;
10653 : B6;
10654 : B6;
10655 : B6;
10656 : B6;
10657 : 92;
10658 : 92;
10659 : 92;
10660 : 92;
10661 : 92;
10662 : 92;
10663 : 92;
10664 : 92;
10665 : 91;
10666 : 91;
10667 : 8D;
10668 : 6D;
10669 : 8D;
10670 : 91;
10671 : 91;
10672 : B2;
10673 : B6;
10674 : B6;
10675 : B6;
10676 : B6;
10677 : B6;
10678 : B6;
10679 : B2;
10680 : B6;
10681 : D6;
10682 : D6;
10683 : D6;
10684 : DA;
10685 : DA;
10686 : DA;
10687 : FA;
10688 : FB;
10689 : FB;
10690 : FB;
10691 : FF;
10692 : FF;
10693 : FF;
10694 : FF;
10695 : FF;
10696 : FF;
10697 : FF;
10698 : FF;
10699 : FF;
10700 : FF;
10701 : FF;
10702 : FF;
10703 : FF;
10704 : FF;
10705 : FF;
10706 : FF;
10707 : FF;
10708 : FF;
10709 : FF;
10710 : FF;
10711 : FF;
10712 : FF;
10713 : FF;
10714 : FF;
10715 : FF;
10716 : FF;
10717 : FF;
10718 : FF;
10719 : FF;
10720 : FF;
10721 : FF;
10722 : FF;
10723 : FF;
10724 : FF;
10725 : FF;
10726 : FF;
10727 : FF;
10728 : FF;
10729 : FF;
10730 : FF;
10731 : FF;
10732 : FF;
10733 : FF;
10734 : FF;
10735 : FF;
10736 : FF;
10737 : DB;
10738 : DB;
10739 : DB;
10740 : DB;
10741 : DB;
10742 : DB;
10743 : DB;
10744 : DB;
10745 : DB;
10746 : DB;
10747 : FF;
10748 : FF;
10749 : FF;
10750 : FF;
10751 : FF;
10752 : FF;
10753 : FF;
10754 : FF;
10755 : FF;
10756 : FF;
10757 : FF;
10758 : FF;
10759 : FF;
10760 : FF;
10761 : FF;
10762 : FF;
10763 : FF;
10764 : DB;
10765 : DB;
10766 : DB;
10767 : DB;
10768 : DB;
10769 : DB;
10770 : DB;
10771 : DB;
10772 : DB;
10773 : DB;
10774 : DA;
10775 : DA;
10776 : DA;
10777 : DA;
10778 : DA;
10779 : D6;
10780 : D6;
10781 : D6;
10782 : D6;
10783 : B6;
10784 : B6;
10785 : B6;
10786 : B6;
10787 : B2;
10788 : B2;
10789 : B6;
10790 : B6;
10791 : B6;
10792 : B6;
10793 : 92;
10794 : 92;
10795 : B6;
10796 : B6;
10797 : DA;
10798 : DB;
10799 : DB;
10800 : DB;
10801 : DB;
10802 : DB;
10803 : DB;
10804 : DB;
10805 : DB;
10806 : DB;
10807 : DB;
10808 : DB;
10809 : DB;
10810 : DA;
10811 : B6;
10812 : B6;
10813 : B6;
10814 : B6;
10815 : B6;
10816 : B6;
10817 : B6;
10818 : 96;
10819 : 96;
10820 : 92;
10821 : 92;
10822 : B2;
10823 : B2;
10824 : 92;
10825 : 92;
10826 : 91;
10827 : 6D;
10828 : 6D;
10829 : 8D;
10830 : 91;
10831 : 91;
10832 : 91;
10833 : B2;
10834 : B2;
10835 : B6;
10836 : B6;
10837 : B6;
10838 : B2;
10839 : B2;
10840 : B2;
10841 : D6;
10842 : D6;
10843 : D6;
10844 : DA;
10845 : DA;
10846 : DA;
10847 : DA;
10848 : DA;
10849 : DB;
10850 : FB;
10851 : FF;
10852 : FF;
10853 : FF;
10854 : FF;
10855 : FF;
10856 : FF;
10857 : FF;
10858 : FF;
10859 : FF;
10860 : FF;
10861 : FF;
10862 : FF;
10863 : FF;
10864 : FF;
10865 : FF;
10866 : FF;
10867 : FF;
10868 : FF;
10869 : FF;
10870 : FF;
10871 : FF;
10872 : FF;
10873 : FF;
10874 : FF;
10875 : FF;
10876 : FF;
10877 : FF;
10878 : FF;
10879 : FF;
10880 : FF;
10881 : FF;
10882 : FF;
10883 : FF;
10884 : FF;
10885 : FF;
10886 : FF;
10887 : FF;
10888 : FF;
10889 : FF;
10890 : FF;
10891 : FF;
10892 : FF;
10893 : FF;
10894 : FF;
10895 : FF;
10896 : FF;
10897 : DB;
10898 : DB;
10899 : DB;
10900 : DB;
10901 : DB;
10902 : DB;
10903 : DB;
10904 : DB;
10905 : DB;
10906 : FF;
10907 : FF;
10908 : FF;
10909 : FF;
10910 : FF;
10911 : FF;
10912 : FF;
10913 : FF;
10914 : FF;
10915 : FF;
10916 : FF;
10917 : FF;
10918 : FF;
10919 : FF;
10920 : FF;
10921 : FF;
10922 : FF;
10923 : FF;
10924 : DB;
10925 : DB;
10926 : DB;
10927 : DB;
10928 : DB;
10929 : DB;
10930 : DB;
10931 : DB;
10932 : DB;
10933 : DB;
10934 : DB;
10935 : DB;
10936 : DB;
10937 : DA;
10938 : DA;
10939 : D6;
10940 : B6;
10941 : B6;
10942 : B6;
10943 : B6;
10944 : B6;
10945 : B6;
10946 : B6;
10947 : B6;
10948 : B6;
10949 : B6;
10950 : B6;
10951 : B6;
10952 : B6;
10953 : B6;
10954 : B6;
10955 : B6;
10956 : B2;
10957 : B6;
10958 : B6;
10959 : DA;
10960 : DB;
10961 : DB;
10962 : DB;
10963 : DB;
10964 : DB;
10965 : DB;
10966 : DB;
10967 : DB;
10968 : DB;
10969 : DB;
10970 : DA;
10971 : B6;
10972 : B6;
10973 : B6;
10974 : B6;
10975 : B6;
10976 : B6;
10977 : B6;
10978 : B6;
10979 : B6;
10980 : B6;
10981 : B6;
10982 : B6;
10983 : B6;
10984 : B2;
10985 : 92;
10986 : 91;
10987 : 8D;
10988 : 91;
10989 : 91;
10990 : 91;
10991 : 91;
10992 : 91;
10993 : 91;
10994 : B2;
10995 : B6;
10996 : D6;
10997 : B6;
10998 : B2;
10999 : B1;
11000 : B2;
11001 : B6;
11002 : D6;
11003 : D6;
11004 : DA;
11005 : DA;
11006 : DA;
11007 : DA;
11008 : DA;
11009 : DA;
11010 : FB;
11011 : FF;
11012 : FF;
11013 : FF;
11014 : FF;
11015 : FF;
11016 : FF;
11017 : FF;
11018 : FF;
11019 : FF;
11020 : FF;
11021 : FF;
11022 : FF;
11023 : FF;
11024 : FF;
11025 : FF;
11026 : FF;
11027 : FF;
11028 : FF;
11029 : FF;
11030 : FF;
11031 : FF;
11032 : FF;
11033 : FF;
11034 : FF;
11035 : FF;
11036 : FF;
11037 : FF;
11038 : FF;
11039 : FF;
11040 : FF;
11041 : FF;
11042 : FF;
11043 : FF;
11044 : FF;
11045 : FF;
11046 : FF;
11047 : FF;
11048 : FF;
11049 : FF;
11050 : FF;
11051 : FF;
11052 : FF;
11053 : FF;
11054 : FF;
11055 : FF;
11056 : FF;
11057 : DB;
11058 : DB;
11059 : DB;
11060 : DB;
11061 : DB;
11062 : DB;
11063 : DB;
11064 : DB;
11065 : FF;
11066 : FF;
11067 : FF;
11068 : FF;
11069 : FF;
11070 : FF;
11071 : FF;
11072 : FF;
11073 : FF;
11074 : FF;
11075 : FF;
11076 : FF;
11077 : FF;
11078 : FF;
11079 : FF;
11080 : FF;
11081 : FF;
11082 : FF;
11083 : FF;
11084 : DB;
11085 : DB;
11086 : DB;
11087 : DB;
11088 : DB;
11089 : DB;
11090 : DB;
11091 : DB;
11092 : DB;
11093 : DB;
11094 : DB;
11095 : DB;
11096 : DB;
11097 : DA;
11098 : DA;
11099 : B6;
11100 : B6;
11101 : B6;
11102 : B6;
11103 : B6;
11104 : D6;
11105 : D6;
11106 : D6;
11107 : D6;
11108 : D6;
11109 : B6;
11110 : B6;
11111 : B6;
11112 : B6;
11113 : B6;
11114 : B6;
11115 : B6;
11116 : B2;
11117 : B2;
11118 : B6;
11119 : B6;
11120 : DA;
11121 : DB;
11122 : DB;
11123 : DB;
11124 : DB;
11125 : DB;
11126 : DB;
11127 : DB;
11128 : DB;
11129 : DB;
11130 : DA;
11131 : B6;
11132 : B6;
11133 : B6;
11134 : B6;
11135 : B6;
11136 : B6;
11137 : B6;
11138 : B6;
11139 : B6;
11140 : B6;
11141 : B6;
11142 : B6;
11143 : B6;
11144 : B6;
11145 : B2;
11146 : 92;
11147 : 91;
11148 : 91;
11149 : 91;
11150 : 91;
11151 : 91;
11152 : 8D;
11153 : 91;
11154 : B1;
11155 : B6;
11156 : D6;
11157 : B6;
11158 : B2;
11159 : B1;
11160 : B1;
11161 : B2;
11162 : D6;
11163 : D6;
11164 : DA;
11165 : DA;
11166 : DA;
11167 : DA;
11168 : DA;
11169 : DA;
11170 : FB;
11171 : FF;
11172 : FF;
11173 : FF;
11174 : FF;
11175 : FF;
11176 : FF;
11177 : FF;
11178 : FF;
11179 : FF;
11180 : FF;
11181 : FF;
11182 : FF;
11183 : FF;
11184 : FF;
11185 : FF;
11186 : FF;
11187 : FF;
11188 : FF;
11189 : FF;
11190 : FF;
11191 : FF;
11192 : FF;
11193 : FF;
11194 : FF;
11195 : FF;
11196 : FF;
11197 : FF;
11198 : FF;
11199 : FF;
11200 : FF;
11201 : FF;
11202 : FF;
11203 : FF;
11204 : FF;
11205 : FF;
11206 : FF;
11207 : FF;
11208 : FF;
11209 : FF;
11210 : FF;
11211 : FF;
11212 : FF;
11213 : FF;
11214 : FF;
11215 : FF;
11216 : FF;
11217 : DB;
11218 : DB;
11219 : DB;
11220 : DB;
11221 : DB;
11222 : DB;
11223 : DB;
11224 : DB;
11225 : FF;
11226 : FF;
11227 : FF;
11228 : FF;
11229 : FF;
11230 : FF;
11231 : FF;
11232 : FF;
11233 : FF;
11234 : FF;
11235 : FF;
11236 : FF;
11237 : FF;
11238 : FF;
11239 : FF;
11240 : FF;
11241 : FF;
11242 : FF;
11243 : FF;
11244 : FF;
11245 : DB;
11246 : DB;
11247 : DB;
11248 : DB;
11249 : DB;
11250 : DB;
11251 : DB;
11252 : DB;
11253 : DB;
11254 : DA;
11255 : D6;
11256 : D6;
11257 : D6;
11258 : D6;
11259 : D6;
11260 : D6;
11261 : D6;
11262 : D6;
11263 : DA;
11264 : DA;
11265 : DA;
11266 : DA;
11267 : DA;
11268 : DA;
11269 : DA;
11270 : B6;
11271 : B6;
11272 : B6;
11273 : B6;
11274 : B6;
11275 : B6;
11276 : B6;
11277 : B2;
11278 : B6;
11279 : B6;
11280 : B6;
11281 : DA;
11282 : DB;
11283 : DB;
11284 : DB;
11285 : DB;
11286 : DB;
11287 : DB;
11288 : DB;
11289 : DB;
11290 : DB;
11291 : BA;
11292 : B6;
11293 : B6;
11294 : B6;
11295 : B6;
11296 : B6;
11297 : DA;
11298 : DA;
11299 : BA;
11300 : B6;
11301 : B6;
11302 : B6;
11303 : B6;
11304 : B6;
11305 : B6;
11306 : 92;
11307 : 92;
11308 : 92;
11309 : 91;
11310 : 91;
11311 : 8D;
11312 : 8D;
11313 : 91;
11314 : B1;
11315 : B6;
11316 : B6;
11317 : B6;
11318 : B6;
11319 : B2;
11320 : 91;
11321 : B1;
11322 : B2;
11323 : B6;
11324 : D6;
11325 : DA;
11326 : DA;
11327 : DA;
11328 : DA;
11329 : DA;
11330 : DB;
11331 : FF;
11332 : FF;
11333 : FF;
11334 : FF;
11335 : FF;
11336 : FF;
11337 : FF;
11338 : FF;
11339 : FF;
11340 : FF;
11341 : FF;
11342 : FF;
11343 : FF;
11344 : FF;
11345 : FF;
11346 : FF;
11347 : FF;
11348 : FF;
11349 : FF;
11350 : FF;
11351 : FF;
11352 : FF;
11353 : FF;
11354 : FF;
11355 : FF;
11356 : FF;
11357 : FF;
11358 : FF;
11359 : FF;
11360 : FF;
11361 : FF;
11362 : FF;
11363 : FF;
11364 : FF;
11365 : FF;
11366 : FF;
11367 : FF;
11368 : FF;
11369 : FF;
11370 : FF;
11371 : FF;
11372 : FF;
11373 : FF;
11374 : FF;
11375 : FF;
11376 : FF;
11377 : DB;
11378 : DB;
11379 : DB;
11380 : DB;
11381 : DB;
11382 : DB;
11383 : DB;
11384 : FF;
11385 : FF;
11386 : FF;
11387 : FF;
11388 : FF;
11389 : FF;
11390 : FF;
11391 : FF;
11392 : FF;
11393 : FF;
11394 : FF;
11395 : FF;
11396 : FF;
11397 : FF;
11398 : FF;
11399 : FF;
11400 : FF;
11401 : FF;
11402 : FF;
11403 : FF;
11404 : FF;
11405 : DB;
11406 : DB;
11407 : DB;
11408 : DB;
11409 : DB;
11410 : DA;
11411 : B6;
11412 : B6;
11413 : B6;
11414 : D6;
11415 : D6;
11416 : D6;
11417 : D6;
11418 : DA;
11419 : DA;
11420 : DA;
11421 : DA;
11422 : DA;
11423 : DA;
11424 : DA;
11425 : DA;
11426 : DA;
11427 : DA;
11428 : DA;
11429 : DA;
11430 : D6;
11431 : B6;
11432 : B6;
11433 : B6;
11434 : B6;
11435 : B6;
11436 : B6;
11437 : B6;
11438 : B6;
11439 : B6;
11440 : B6;
11441 : DA;
11442 : DB;
11443 : DB;
11444 : DB;
11445 : DB;
11446 : DF;
11447 : DF;
11448 : DF;
11449 : DB;
11450 : DB;
11451 : BA;
11452 : B6;
11453 : B6;
11454 : B6;
11455 : B6;
11456 : DA;
11457 : DA;
11458 : DA;
11459 : BA;
11460 : B6;
11461 : B6;
11462 : B6;
11463 : B6;
11464 : B6;
11465 : B6;
11466 : B6;
11467 : B2;
11468 : B2;
11469 : 92;
11470 : 91;
11471 : 8D;
11472 : 91;
11473 : 91;
11474 : B1;
11475 : B6;
11476 : B6;
11477 : B6;
11478 : B6;
11479 : B6;
11480 : B2;
11481 : B2;
11482 : B6;
11483 : B6;
11484 : D6;
11485 : DA;
11486 : DA;
11487 : DA;
11488 : DA;
11489 : DA;
11490 : DB;
11491 : FF;
11492 : FF;
11493 : FF;
11494 : FF;
11495 : FF;
11496 : FF;
11497 : FF;
11498 : FF;
11499 : FF;
11500 : FF;
11501 : FF;
11502 : FF;
11503 : FF;
11504 : FF;
11505 : FF;
11506 : FF;
11507 : FF;
11508 : FF;
11509 : FF;
11510 : FF;
11511 : FF;
11512 : FF;
11513 : FF;
11514 : FF;
11515 : FF;
11516 : FF;
11517 : FF;
11518 : FF;
11519 : FF;
11520 : FF;
11521 : FF;
11522 : FF;
11523 : FF;
11524 : FF;
11525 : FF;
11526 : FF;
11527 : FF;
11528 : FF;
11529 : FF;
11530 : FF;
11531 : FF;
11532 : FF;
11533 : FF;
11534 : FF;
11535 : FF;
11536 : FF;
11537 : DB;
11538 : DB;
11539 : DB;
11540 : DB;
11541 : DB;
11542 : DB;
11543 : DB;
11544 : FF;
11545 : FF;
11546 : FF;
11547 : FF;
11548 : FF;
11549 : FF;
11550 : FF;
11551 : FF;
11552 : FF;
11553 : FF;
11554 : FF;
11555 : FF;
11556 : FF;
11557 : FF;
11558 : FF;
11559 : FF;
11560 : FF;
11561 : FF;
11562 : FF;
11563 : FF;
11564 : FF;
11565 : DB;
11566 : DB;
11567 : DB;
11568 : DB;
11569 : DB;
11570 : DB;
11571 : DB;
11572 : DB;
11573 : DB;
11574 : DB;
11575 : DB;
11576 : DB;
11577 : DA;
11578 : DA;
11579 : DA;
11580 : DA;
11581 : DB;
11582 : DB;
11583 : DB;
11584 : DB;
11585 : DB;
11586 : DB;
11587 : DB;
11588 : DB;
11589 : DB;
11590 : D6;
11591 : B6;
11592 : B6;
11593 : B6;
11594 : B6;
11595 : B6;
11596 : B6;
11597 : B6;
11598 : B6;
11599 : B6;
11600 : B6;
11601 : D6;
11602 : DA;
11603 : DB;
11604 : DB;
11605 : DF;
11606 : FF;
11607 : FF;
11608 : FF;
11609 : FF;
11610 : DB;
11611 : DB;
11612 : B6;
11613 : B6;
11614 : B6;
11615 : B6;
11616 : DA;
11617 : DA;
11618 : DA;
11619 : BA;
11620 : B6;
11621 : B6;
11622 : B6;
11623 : BA;
11624 : BA;
11625 : B6;
11626 : B6;
11627 : B6;
11628 : B6;
11629 : B2;
11630 : B2;
11631 : 91;
11632 : 91;
11633 : 91;
11634 : 91;
11635 : B2;
11636 : B6;
11637 : B6;
11638 : B6;
11639 : B6;
11640 : B6;
11641 : D6;
11642 : D6;
11643 : B6;
11644 : D6;
11645 : D6;
11646 : DA;
11647 : DB;
11648 : DB;
11649 : DB;
11650 : DB;
11651 : FB;
11652 : FF;
11653 : FF;
11654 : FF;
11655 : FF;
11656 : FF;
11657 : FF;
11658 : FF;
11659 : FF;
11660 : FF;
11661 : FF;
11662 : FF;
11663 : FF;
11664 : FF;
11665 : FF;
11666 : FF;
11667 : FF;
11668 : FF;
11669 : FF;
11670 : FF;
11671 : FF;
11672 : FF;
11673 : FF;
11674 : FF;
11675 : FF;
11676 : FF;
11677 : FF;
11678 : FF;
11679 : FF;
11680 : FF;
11681 : FF;
11682 : FF;
11683 : FF;
11684 : FF;
11685 : FF;
11686 : FF;
11687 : FF;
11688 : FF;
11689 : FF;
11690 : FF;
11691 : FF;
11692 : FF;
11693 : FF;
11694 : FF;
11695 : FF;
11696 : FF;
11697 : DB;
11698 : DB;
11699 : DB;
11700 : DB;
11701 : DB;
11702 : DB;
11703 : FF;
11704 : FF;
11705 : FF;
11706 : FF;
11707 : FF;
11708 : FF;
11709 : FF;
11710 : FF;
11711 : FF;
11712 : FF;
11713 : FF;
11714 : FF;
11715 : FF;
11716 : FF;
11717 : FF;
11718 : FF;
11719 : FF;
11720 : FF;
11721 : FF;
11722 : FF;
11723 : FF;
11724 : FF;
11725 : DB;
11726 : DB;
11727 : DB;
11728 : DB;
11729 : DB;
11730 : DB;
11731 : DB;
11732 : DB;
11733 : DB;
11734 : DB;
11735 : DB;
11736 : DB;
11737 : DB;
11738 : DB;
11739 : DB;
11740 : DB;
11741 : DB;
11742 : DB;
11743 : DB;
11744 : DB;
11745 : DB;
11746 : DB;
11747 : DB;
11748 : DB;
11749 : DB;
11750 : DA;
11751 : D6;
11752 : D6;
11753 : D6;
11754 : DA;
11755 : DA;
11756 : D6;
11757 : D6;
11758 : D6;
11759 : B6;
11760 : B6;
11761 : DA;
11762 : DB;
11763 : DB;
11764 : DB;
11765 : DF;
11766 : FF;
11767 : FF;
11768 : FF;
11769 : FF;
11770 : FF;
11771 : DB;
11772 : DA;
11773 : B6;
11774 : B6;
11775 : B6;
11776 : DA;
11777 : DA;
11778 : DA;
11779 : DA;
11780 : BA;
11781 : BA;
11782 : BA;
11783 : BA;
11784 : DA;
11785 : BA;
11786 : B6;
11787 : B6;
11788 : B6;
11789 : B6;
11790 : B2;
11791 : 92;
11792 : 91;
11793 : 91;
11794 : B1;
11795 : B2;
11796 : B6;
11797 : B6;
11798 : D6;
11799 : D6;
11800 : D6;
11801 : D6;
11802 : D6;
11803 : D6;
11804 : D6;
11805 : D6;
11806 : D6;
11807 : DB;
11808 : DB;
11809 : DB;
11810 : DB;
11811 : FB;
11812 : FF;
11813 : FF;
11814 : FF;
11815 : FF;
11816 : FF;
11817 : FF;
11818 : FF;
11819 : FF;
11820 : FF;
11821 : FF;
11822 : FF;
11823 : FF;
11824 : FF;
11825 : FF;
11826 : FF;
11827 : FF;
11828 : FF;
11829 : FF;
11830 : FF;
11831 : FF;
11832 : FF;
11833 : FF;
11834 : FF;
11835 : FF;
11836 : FF;
11837 : FF;
11838 : FF;
11839 : FF;
11840 : FF;
11841 : FF;
11842 : FF;
11843 : FF;
11844 : FF;
11845 : FF;
11846 : FF;
11847 : FF;
11848 : FF;
11849 : FF;
11850 : FF;
11851 : FF;
11852 : FF;
11853 : FF;
11854 : FF;
11855 : FF;
11856 : FF;
11857 : DB;
11858 : DB;
11859 : DB;
11860 : DB;
11861 : DB;
11862 : DB;
11863 : FF;
11864 : FF;
11865 : FF;
11866 : FF;
11867 : FF;
11868 : FF;
11869 : FF;
11870 : FF;
11871 : FF;
11872 : FF;
11873 : FF;
11874 : FF;
11875 : FF;
11876 : FF;
11877 : FF;
11878 : FF;
11879 : FF;
11880 : FF;
11881 : FF;
11882 : FF;
11883 : FF;
11884 : FF;
11885 : DB;
11886 : DB;
11887 : DB;
11888 : DB;
11889 : DB;
11890 : DB;
11891 : DB;
11892 : DB;
11893 : DB;
11894 : DB;
11895 : DB;
11896 : DB;
11897 : DB;
11898 : DB;
11899 : DB;
11900 : DB;
11901 : DB;
11902 : DB;
11903 : DB;
11904 : DB;
11905 : DB;
11906 : DB;
11907 : DB;
11908 : DB;
11909 : DB;
11910 : DB;
11911 : DB;
11912 : DB;
11913 : DB;
11914 : DB;
11915 : DB;
11916 : DB;
11917 : DB;
11918 : DB;
11919 : DB;
11920 : DB;
11921 : DB;
11922 : DB;
11923 : DB;
11924 : DB;
11925 : FF;
11926 : FF;
11927 : FF;
11928 : FF;
11929 : FF;
11930 : FF;
11931 : DB;
11932 : DB;
11933 : BA;
11934 : B6;
11935 : B6;
11936 : DA;
11937 : DA;
11938 : DA;
11939 : BA;
11940 : BA;
11941 : BA;
11942 : BA;
11943 : BA;
11944 : DA;
11945 : DA;
11946 : B6;
11947 : B6;
11948 : B6;
11949 : B6;
11950 : B6;
11951 : B2;
11952 : B2;
11953 : B2;
11954 : B6;
11955 : B6;
11956 : B6;
11957 : B6;
11958 : B6;
11959 : D6;
11960 : D6;
11961 : D6;
11962 : D6;
11963 : D6;
11964 : D6;
11965 : B6;
11966 : D6;
11967 : DB;
11968 : DB;
11969 : DB;
11970 : DB;
11971 : DB;
11972 : FF;
11973 : FF;
11974 : FF;
11975 : FF;
11976 : FF;
11977 : FF;
11978 : FF;
11979 : FF;
11980 : FF;
11981 : FF;
11982 : FF;
11983 : FF;
11984 : FF;
11985 : FF;
11986 : FF;
11987 : FF;
11988 : FF;
11989 : FF;
11990 : FF;
11991 : FF;
11992 : FF;
11993 : FF;
11994 : FF;
11995 : FF;
11996 : FF;
11997 : FF;
11998 : FF;
11999 : FF;
12000 : FF;
12001 : FF;
12002 : FF;
12003 : FF;
12004 : FF;
12005 : FF;
12006 : FF;
12007 : FF;
12008 : FF;
12009 : FF;
12010 : FF;
12011 : FF;
12012 : FF;
12013 : FF;
12014 : FF;
12015 : FF;
12016 : FF;
12017 : DB;
12018 : DB;
12019 : DB;
12020 : DB;
12021 : DB;
12022 : DB;
12023 : FF;
12024 : FF;
12025 : FF;
12026 : FF;
12027 : FF;
12028 : FF;
12029 : FF;
12030 : FF;
12031 : FF;
12032 : FF;
12033 : FF;
12034 : FF;
12035 : FF;
12036 : FF;
12037 : FF;
12038 : FF;
12039 : FF;
12040 : FF;
12041 : FF;
12042 : FF;
12043 : FF;
12044 : FF;
12045 : DB;
12046 : DB;
12047 : DB;
12048 : DB;
12049 : DB;
12050 : DB;
12051 : DB;
12052 : DB;
12053 : DB;
12054 : DB;
12055 : DB;
12056 : DB;
12057 : DB;
12058 : DB;
12059 : DB;
12060 : DB;
12061 : DB;
12062 : DB;
12063 : DB;
12064 : DB;
12065 : DB;
12066 : DB;
12067 : DB;
12068 : DB;
12069 : DB;
12070 : DB;
12071 : DB;
12072 : DB;
12073 : DB;
12074 : DB;
12075 : DB;
12076 : DB;
12077 : DB;
12078 : DB;
12079 : DB;
12080 : DB;
12081 : DB;
12082 : DB;
12083 : DB;
12084 : FF;
12085 : FF;
12086 : FF;
12087 : FF;
12088 : FF;
12089 : FF;
12090 : FF;
12091 : FF;
12092 : DB;
12093 : DB;
12094 : B6;
12095 : B6;
12096 : DA;
12097 : DB;
12098 : DA;
12099 : BA;
12100 : BA;
12101 : BA;
12102 : BA;
12103 : BA;
12104 : BA;
12105 : B6;
12106 : B6;
12107 : B6;
12108 : B6;
12109 : B6;
12110 : B6;
12111 : B6;
12112 : B6;
12113 : B6;
12114 : B6;
12115 : B6;
12116 : B6;
12117 : B6;
12118 : B6;
12119 : B6;
12120 : B6;
12121 : B6;
12122 : D6;
12123 : D6;
12124 : D6;
12125 : B6;
12126 : B6;
12127 : DB;
12128 : DB;
12129 : FB;
12130 : FB;
12131 : FB;
12132 : FF;
12133 : FF;
12134 : FF;
12135 : FF;
12136 : FF;
12137 : FF;
12138 : FF;
12139 : FF;
12140 : FF;
12141 : FF;
12142 : FF;
12143 : FF;
12144 : FF;
12145 : FF;
12146 : FF;
12147 : FF;
12148 : FF;
12149 : FF;
12150 : FF;
12151 : FF;
12152 : FF;
12153 : FF;
12154 : FF;
12155 : FF;
12156 : FF;
12157 : FF;
12158 : FF;
12159 : FF;
12160 : FF;
12161 : FF;
12162 : FF;
12163 : FF;
12164 : FF;
12165 : FF;
12166 : FF;
12167 : FF;
12168 : FF;
12169 : FF;
12170 : FF;
12171 : FF;
12172 : FF;
12173 : FF;
12174 : FF;
12175 : FF;
12176 : FF;
12177 : FF;
12178 : DB;
12179 : DB;
12180 : DB;
12181 : DB;
12182 : DB;
12183 : FF;
12184 : FF;
12185 : FF;
12186 : FF;
12187 : FF;
12188 : FF;
12189 : FF;
12190 : FF;
12191 : FF;
12192 : FF;
12193 : FF;
12194 : FF;
12195 : FF;
12196 : FF;
12197 : FF;
12198 : FF;
12199 : FF;
12200 : FF;
12201 : FF;
12202 : FF;
12203 : FF;
12204 : FF;
12205 : DB;
12206 : DB;
12207 : B6;
12208 : B6;
12209 : DB;
12210 : DB;
12211 : DB;
12212 : DB;
12213 : DB;
12214 : DB;
12215 : DB;
12216 : DB;
12217 : DB;
12218 : DB;
12219 : DB;
12220 : DB;
12221 : DB;
12222 : DB;
12223 : DB;
12224 : DB;
12225 : DB;
12226 : DB;
12227 : DB;
12228 : DB;
12229 : DB;
12230 : DB;
12231 : DB;
12232 : DB;
12233 : DB;
12234 : DB;
12235 : DB;
12236 : DB;
12237 : DB;
12238 : DB;
12239 : DB;
12240 : DB;
12241 : DB;
12242 : DB;
12243 : DB;
12244 : FF;
12245 : FF;
12246 : FF;
12247 : FF;
12248 : FF;
12249 : FF;
12250 : FF;
12251 : FF;
12252 : DF;
12253 : DB;
12254 : DB;
12255 : DA;
12256 : DA;
12257 : DB;
12258 : DB;
12259 : DA;
12260 : DA;
12261 : BA;
12262 : BA;
12263 : BA;
12264 : B6;
12265 : B6;
12266 : B6;
12267 : B6;
12268 : B6;
12269 : B6;
12270 : B6;
12271 : B6;
12272 : B6;
12273 : B6;
12274 : B6;
12275 : B6;
12276 : B6;
12277 : B6;
12278 : B6;
12279 : B6;
12280 : B6;
12281 : B6;
12282 : B6;
12283 : B6;
12284 : B6;
12285 : B6;
12286 : D6;
12287 : DB;
12288 : DB;
12289 : FB;
12290 : FB;
12291 : FF;
12292 : FF;
12293 : FF;
12294 : FF;
12295 : FF;
12296 : FF;
12297 : FF;
12298 : FF;
12299 : FF;
12300 : FF;
12301 : FF;
12302 : FF;
12303 : FF;
12304 : FF;
12305 : FF;
12306 : FF;
12307 : FF;
12308 : FF;
12309 : FF;
12310 : FF;
12311 : FF;
12312 : FF;
12313 : FF;
12314 : FF;
12315 : FF;
12316 : FF;
12317 : FF;
12318 : FF;
12319 : FF;
12320 : FF;
12321 : FF;
12322 : FF;
12323 : FF;
12324 : FF;
12325 : FF;
12326 : FF;
12327 : FF;
12328 : FF;
12329 : FF;
12330 : FF;
12331 : FF;
12332 : FF;
12333 : FF;
12334 : FF;
12335 : FF;
12336 : FF;
12337 : FF;
12338 : DB;
12339 : DB;
12340 : DB;
12341 : DB;
12342 : DB;
12343 : FF;
12344 : FF;
12345 : FF;
12346 : FF;
12347 : FF;
12348 : FF;
12349 : FF;
12350 : FF;
12351 : FF;
12352 : FF;
12353 : FF;
12354 : FF;
12355 : FF;
12356 : FF;
12357 : FF;
12358 : FF;
12359 : FF;
12360 : FF;
12361 : FF;
12362 : FF;
12363 : FF;
12364 : FF;
12365 : DB;
12366 : B6;
12367 : B6;
12368 : B6;
12369 : B6;
12370 : DB;
12371 : DB;
12372 : DB;
12373 : DB;
12374 : DB;
12375 : DB;
12376 : DB;
12377 : DB;
12378 : DB;
12379 : DB;
12380 : DB;
12381 : DB;
12382 : DB;
12383 : DB;
12384 : DB;
12385 : DB;
12386 : DB;
12387 : DB;
12388 : DB;
12389 : DB;
12390 : DB;
12391 : DB;
12392 : DB;
12393 : DB;
12394 : DB;
12395 : DB;
12396 : DB;
12397 : DB;
12398 : DB;
12399 : DB;
12400 : DB;
12401 : DB;
12402 : DB;
12403 : DB;
12404 : DB;
12405 : FF;
12406 : DB;
12407 : DB;
12408 : DB;
12409 : FF;
12410 : FF;
12411 : FF;
12412 : FF;
12413 : DB;
12414 : DB;
12415 : DB;
12416 : DB;
12417 : DB;
12418 : DB;
12419 : DB;
12420 : DB;
12421 : DB;
12422 : BA;
12423 : BA;
12424 : B6;
12425 : B6;
12426 : B6;
12427 : B6;
12428 : B6;
12429 : B6;
12430 : B6;
12431 : B6;
12432 : B6;
12433 : B6;
12434 : B6;
12435 : B6;
12436 : B6;
12437 : B6;
12438 : B6;
12439 : B6;
12440 : B6;
12441 : B6;
12442 : B6;
12443 : B6;
12444 : B6;
12445 : B6;
12446 : B6;
12447 : DB;
12448 : DB;
12449 : FB;
12450 : FB;
12451 : FF;
12452 : FF;
12453 : FF;
12454 : FF;
12455 : FF;
12456 : FF;
12457 : FF;
12458 : FF;
12459 : FF;
12460 : FF;
12461 : FF;
12462 : FF;
12463 : FF;
12464 : FF;
12465 : FF;
12466 : FF;
12467 : FF;
12468 : FF;
12469 : FF;
12470 : FF;
12471 : FF;
12472 : FF;
12473 : FF;
12474 : FF;
12475 : FF;
12476 : FF;
12477 : FF;
12478 : FF;
12479 : FF;
12480 : FF;
12481 : FF;
12482 : FF;
12483 : FF;
12484 : FF;
12485 : FF;
12486 : FF;
12487 : FF;
12488 : FF;
12489 : FF;
12490 : FF;
12491 : FF;
12492 : FF;
12493 : FF;
12494 : FF;
12495 : FF;
12496 : FF;
12497 : FF;
12498 : DB;
12499 : DB;
12500 : DB;
12501 : DB;
12502 : FF;
12503 : FF;
12504 : FF;
12505 : FF;
12506 : FF;
12507 : FF;
12508 : FF;
12509 : FF;
12510 : FF;
12511 : FF;
12512 : FF;
12513 : FF;
12514 : FF;
12515 : FF;
12516 : FF;
12517 : FF;
12518 : FF;
12519 : FF;
12520 : FF;
12521 : FF;
12522 : FF;
12523 : FF;
12524 : FF;
12525 : DB;
12526 : B6;
12527 : B6;
12528 : B6;
12529 : B6;
12530 : DB;
12531 : DB;
12532 : DB;
12533 : DB;
12534 : DB;
12535 : DB;
12536 : DB;
12537 : FF;
12538 : FF;
12539 : FF;
12540 : DB;
12541 : DB;
12542 : DB;
12543 : DB;
12544 : DB;
12545 : DB;
12546 : DB;
12547 : DB;
12548 : DB;
12549 : DB;
12550 : DB;
12551 : DB;
12552 : DB;
12553 : DB;
12554 : DB;
12555 : DB;
12556 : DB;
12557 : DB;
12558 : DB;
12559 : DB;
12560 : DB;
12561 : DB;
12562 : DB;
12563 : DB;
12564 : DB;
12565 : DB;
12566 : DB;
12567 : DB;
12568 : DB;
12569 : DB;
12570 : DF;
12571 : FF;
12572 : FF;
12573 : FF;
12574 : DB;
12575 : DB;
12576 : DB;
12577 : DB;
12578 : DB;
12579 : DB;
12580 : DB;
12581 : DB;
12582 : DA;
12583 : BA;
12584 : BA;
12585 : B6;
12586 : B6;
12587 : B6;
12588 : D6;
12589 : D6;
12590 : B6;
12591 : B6;
12592 : B6;
12593 : B6;
12594 : B6;
12595 : B6;
12596 : B6;
12597 : B6;
12598 : B6;
12599 : B6;
12600 : B6;
12601 : B6;
12602 : B6;
12603 : B6;
12604 : B2;
12605 : B2;
12606 : B2;
12607 : B6;
12608 : DB;
12609 : FB;
12610 : FF;
12611 : FF;
12612 : FF;
12613 : FF;
12614 : FF;
12615 : FF;
12616 : FF;
12617 : FF;
12618 : FF;
12619 : FF;
12620 : FF;
12621 : FF;
12622 : FF;
12623 : FF;
12624 : FF;
12625 : FF;
12626 : FF;
12627 : FF;
12628 : FF;
12629 : FF;
12630 : FF;
12631 : FF;
12632 : FF;
12633 : FF;
12634 : FF;
12635 : FF;
12636 : FF;
12637 : FF;
12638 : FF;
12639 : FF;
12640 : FF;
12641 : FF;
12642 : FF;
12643 : FF;
12644 : FF;
12645 : FF;
12646 : FF;
12647 : FF;
12648 : FF;
12649 : FF;
12650 : FF;
12651 : FF;
12652 : FF;
12653 : FF;
12654 : FF;
12655 : FF;
12656 : FF;
12657 : FF;
12658 : DB;
12659 : DB;
12660 : DB;
12661 : DB;
12662 : FF;
12663 : FF;
12664 : FF;
12665 : FF;
12666 : FF;
12667 : FF;
12668 : FF;
12669 : FF;
12670 : FF;
12671 : FF;
12672 : FF;
12673 : FF;
12674 : FF;
12675 : FF;
12676 : FF;
12677 : FF;
12678 : FF;
12679 : FF;
12680 : FF;
12681 : FF;
12682 : FF;
12683 : FF;
12684 : FF;
12685 : DB;
12686 : B6;
12687 : B6;
12688 : B6;
12689 : B6;
12690 : DB;
12691 : DB;
12692 : DB;
12693 : DB;
12694 : DB;
12695 : DB;
12696 : DB;
12697 : FF;
12698 : FF;
12699 : FF;
12700 : FF;
12701 : FF;
12702 : FF;
12703 : FF;
12704 : FF;
12705 : FF;
12706 : FF;
12707 : FF;
12708 : FF;
12709 : FF;
12710 : FF;
12711 : FF;
12712 : FF;
12713 : FF;
12714 : FF;
12715 : FF;
12716 : FF;
12717 : FF;
12718 : FF;
12719 : FF;
12720 : FF;
12721 : DB;
12722 : DB;
12723 : DB;
12724 : DB;
12725 : DB;
12726 : DB;
12727 : DB;
12728 : DB;
12729 : DB;
12730 : DB;
12731 : FF;
12732 : FF;
12733 : FF;
12734 : FF;
12735 : DB;
12736 : DB;
12737 : DB;
12738 : DB;
12739 : DB;
12740 : DB;
12741 : DB;
12742 : DB;
12743 : B6;
12744 : B6;
12745 : B6;
12746 : B6;
12747 : B6;
12748 : D6;
12749 : D6;
12750 : D6;
12751 : D6;
12752 : DA;
12753 : DA;
12754 : DA;
12755 : DA;
12756 : B6;
12757 : B6;
12758 : B2;
12759 : B2;
12760 : B6;
12761 : B6;
12762 : B6;
12763 : B2;
12764 : 92;
12765 : 92;
12766 : 92;
12767 : B2;
12768 : D6;
12769 : DB;
12770 : FF;
12771 : FF;
12772 : FF;
12773 : FF;
12774 : FF;
12775 : FF;
12776 : FF;
12777 : FF;
12778 : FF;
12779 : FF;
12780 : FF;
12781 : FF;
12782 : FF;
12783 : FF;
12784 : FF;
12785 : FF;
12786 : FF;
12787 : FF;
12788 : FF;
12789 : FF;
12790 : FF;
12791 : FF;
12792 : FF;
12793 : FF;
12794 : FF;
12795 : FF;
12796 : FF;
12797 : FF;
12798 : FF;
12799 : FF;
12800 : FF;
12801 : FF;
12802 : FF;
12803 : FF;
12804 : FF;
12805 : FF;
12806 : FF;
12807 : FF;
12808 : FF;
12809 : FF;
12810 : FF;
12811 : FF;
12812 : FF;
12813 : FF;
12814 : FF;
12815 : FF;
12816 : FF;
12817 : FF;
12818 : DB;
12819 : DB;
12820 : DB;
12821 : DB;
12822 : FF;
12823 : FF;
12824 : FF;
12825 : FF;
12826 : FF;
12827 : FF;
12828 : FF;
12829 : FF;
12830 : FF;
12831 : FF;
12832 : FF;
12833 : FF;
12834 : FF;
12835 : FF;
12836 : FF;
12837 : FF;
12838 : FF;
12839 : FF;
12840 : FF;
12841 : FF;
12842 : FF;
12843 : FF;
12844 : FF;
12845 : DB;
12846 : B6;
12847 : B6;
12848 : B6;
12849 : B6;
12850 : B6;
12851 : DB;
12852 : DB;
12853 : DB;
12854 : FF;
12855 : FF;
12856 : FF;
12857 : FF;
12858 : FF;
12859 : FF;
12860 : FF;
12861 : FF;
12862 : FF;
12863 : FF;
12864 : FF;
12865 : FF;
12866 : FF;
12867 : FF;
12868 : FF;
12869 : FF;
12870 : FF;
12871 : FF;
12872 : FF;
12873 : FF;
12874 : FF;
12875 : FF;
12876 : FF;
12877 : FF;
12878 : FF;
12879 : FF;
12880 : FF;
12881 : DB;
12882 : DB;
12883 : DB;
12884 : DB;
12885 : DB;
12886 : DB;
12887 : DB;
12888 : DB;
12889 : DB;
12890 : FF;
12891 : FF;
12892 : FF;
12893 : FF;
12894 : FF;
12895 : FF;
12896 : DB;
12897 : DB;
12898 : DB;
12899 : DB;
12900 : DB;
12901 : DB;
12902 : BA;
12903 : BA;
12904 : B6;
12905 : B6;
12906 : B6;
12907 : B6;
12908 : B6;
12909 : B6;
12910 : B6;
12911 : D6;
12912 : DA;
12913 : DB;
12914 : DB;
12915 : DB;
12916 : B6;
12917 : 92;
12918 : 92;
12919 : 92;
12920 : B6;
12921 : B6;
12922 : B6;
12923 : B2;
12924 : 92;
12925 : 91;
12926 : 92;
12927 : 92;
12928 : B6;
12929 : DB;
12930 : FF;
12931 : FF;
12932 : FF;
12933 : FF;
12934 : FF;
12935 : FF;
12936 : FF;
12937 : FF;
12938 : FF;
12939 : FF;
12940 : FF;
12941 : FF;
12942 : FF;
12943 : FF;
12944 : FF;
12945 : FF;
12946 : FF;
12947 : FF;
12948 : FF;
12949 : FF;
12950 : FF;
12951 : FF;
12952 : FF;
12953 : FF;
12954 : FF;
12955 : FF;
12956 : FF;
12957 : FF;
12958 : FF;
12959 : FF;
12960 : FF;
12961 : FF;
12962 : FF;
12963 : FF;
12964 : FF;
12965 : FF;
12966 : FF;
12967 : FF;
12968 : FF;
12969 : FF;
12970 : FF;
12971 : FF;
12972 : FF;
12973 : FF;
12974 : FF;
12975 : FF;
12976 : FF;
12977 : FF;
12978 : DB;
12979 : DB;
12980 : DB;
12981 : DB;
12982 : FF;
12983 : FF;
12984 : FF;
12985 : FF;
12986 : FF;
12987 : FF;
12988 : FF;
12989 : FF;
12990 : FF;
12991 : FF;
12992 : FF;
12993 : FF;
12994 : FF;
12995 : FF;
12996 : FF;
12997 : FF;
12998 : FF;
12999 : FF;
13000 : FF;
13001 : FF;
13002 : FF;
13003 : FF;
13004 : FF;
13005 : DB;
13006 : DB;
13007 : B6;
13008 : B6;
13009 : B6;
13010 : DB;
13011 : DB;
13012 : DB;
13013 : FF;
13014 : FF;
13015 : FF;
13016 : FF;
13017 : FF;
13018 : FF;
13019 : FF;
13020 : FF;
13021 : FF;
13022 : FF;
13023 : FF;
13024 : FF;
13025 : FF;
13026 : FF;
13027 : FF;
13028 : FF;
13029 : FF;
13030 : FF;
13031 : FF;
13032 : FF;
13033 : FF;
13034 : FF;
13035 : FF;
13036 : FF;
13037 : FF;
13038 : FF;
13039 : FF;
13040 : FF;
13041 : DB;
13042 : DB;
13043 : DB;
13044 : DB;
13045 : DB;
13046 : DB;
13047 : DA;
13048 : DB;
13049 : DB;
13050 : FF;
13051 : FF;
13052 : FF;
13053 : FF;
13054 : FF;
13055 : FF;
13056 : FF;
13057 : DB;
13058 : DB;
13059 : DB;
13060 : DB;
13061 : DA;
13062 : BA;
13063 : B6;
13064 : BA;
13065 : B6;
13066 : B6;
13067 : B6;
13068 : B6;
13069 : B6;
13070 : B6;
13071 : B6;
13072 : B6;
13073 : DB;
13074 : DB;
13075 : DB;
13076 : B6;
13077 : 92;
13078 : 92;
13079 : 92;
13080 : B2;
13081 : B6;
13082 : B6;
13083 : 92;
13084 : 92;
13085 : 8D;
13086 : 8D;
13087 : 92;
13088 : B6;
13089 : DB;
13090 : DB;
13091 : DB;
13092 : DB;
13093 : FB;
13094 : FF;
13095 : FF;
13096 : FF;
13097 : FF;
13098 : FF;
13099 : FF;
13100 : FF;
13101 : FF;
13102 : FF;
13103 : FF;
13104 : FF;
13105 : FF;
13106 : FF;
13107 : FF;
13108 : FF;
13109 : FF;
13110 : FF;
13111 : FF;
13112 : FF;
13113 : FF;
13114 : FF;
13115 : FF;
13116 : FF;
13117 : FF;
13118 : FF;
13119 : FF;
13120 : FF;
13121 : FF;
13122 : FF;
13123 : FF;
13124 : FF;
13125 : FF;
13126 : FF;
13127 : FF;
13128 : FF;
13129 : FF;
13130 : FF;
13131 : FF;
13132 : FF;
13133 : FF;
13134 : FF;
13135 : FF;
13136 : FF;
13137 : FF;
13138 : DB;
13139 : DB;
13140 : DB;
13141 : DB;
13142 : DB;
13143 : FF;
13144 : FF;
13145 : FF;
13146 : FF;
13147 : FF;
13148 : FF;
13149 : FF;
13150 : FF;
13151 : FF;
13152 : FF;
13153 : FF;
13154 : FF;
13155 : FF;
13156 : FF;
13157 : FF;
13158 : FF;
13159 : FF;
13160 : FF;
13161 : FF;
13162 : FF;
13163 : FF;
13164 : FF;
13165 : DB;
13166 : DB;
13167 : DB;
13168 : DB;
13169 : B6;
13170 : DB;
13171 : DB;
13172 : DB;
13173 : DB;
13174 : FF;
13175 : FF;
13176 : FF;
13177 : FF;
13178 : FF;
13179 : FF;
13180 : FF;
13181 : FF;
13182 : FF;
13183 : FF;
13184 : FF;
13185 : FF;
13186 : FF;
13187 : FF;
13188 : FF;
13189 : FF;
13190 : FF;
13191 : FF;
13192 : FF;
13193 : FF;
13194 : FF;
13195 : FF;
13196 : FF;
13197 : FF;
13198 : FF;
13199 : FF;
13200 : FF;
13201 : DB;
13202 : DB;
13203 : DB;
13204 : DB;
13205 : DB;
13206 : DB;
13207 : DB;
13208 : DB;
13209 : DB;
13210 : FF;
13211 : FF;
13212 : FF;
13213 : FF;
13214 : FF;
13215 : FF;
13216 : FF;
13217 : DB;
13218 : DB;
13219 : DB;
13220 : B6;
13221 : B6;
13222 : B6;
13223 : B6;
13224 : BA;
13225 : B6;
13226 : B6;
13227 : B6;
13228 : B6;
13229 : B6;
13230 : B6;
13231 : 92;
13232 : B6;
13233 : B6;
13234 : DB;
13235 : DA;
13236 : B6;
13237 : 92;
13238 : 91;
13239 : 92;
13240 : 92;
13241 : B2;
13242 : B2;
13243 : 92;
13244 : 8D;
13245 : 8D;
13246 : 6D;
13247 : 8D;
13248 : B2;
13249 : D6;
13250 : DB;
13251 : DB;
13252 : DB;
13253 : FB;
13254 : FF;
13255 : FF;
13256 : FF;
13257 : FF;
13258 : FF;
13259 : FF;
13260 : FF;
13261 : FF;
13262 : FF;
13263 : FF;
13264 : FF;
13265 : FF;
13266 : FF;
13267 : FF;
13268 : FF;
13269 : FF;
13270 : FF;
13271 : FF;
13272 : FF;
13273 : FF;
13274 : FF;
13275 : FF;
13276 : FF;
13277 : FF;
13278 : FF;
13279 : FF;
13280 : FF;
13281 : FF;
13282 : FF;
13283 : FF;
13284 : FF;
13285 : FF;
13286 : FF;
13287 : FF;
13288 : FF;
13289 : FF;
13290 : FF;
13291 : FF;
13292 : FF;
13293 : FF;
13294 : FF;
13295 : FF;
13296 : FF;
13297 : FF;
13298 : DB;
13299 : DA;
13300 : DA;
13301 : DB;
13302 : DB;
13303 : FF;
13304 : FF;
13305 : FF;
13306 : FF;
13307 : FF;
13308 : FF;
13309 : FF;
13310 : FF;
13311 : FF;
13312 : FF;
13313 : FF;
13314 : FF;
13315 : FF;
13316 : FF;
13317 : FF;
13318 : FF;
13319 : FF;
13320 : FF;
13321 : FF;
13322 : FF;
13323 : FF;
13324 : FF;
13325 : DB;
13326 : DB;
13327 : DB;
13328 : DB;
13329 : DB;
13330 : DB;
13331 : DB;
13332 : DB;
13333 : DB;
13334 : FF;
13335 : FF;
13336 : FF;
13337 : FF;
13338 : FF;
13339 : FF;
13340 : FF;
13341 : FF;
13342 : FF;
13343 : FF;
13344 : FF;
13345 : FF;
13346 : FF;
13347 : FF;
13348 : FF;
13349 : FF;
13350 : FF;
13351 : FF;
13352 : FF;
13353 : FF;
13354 : FF;
13355 : FF;
13356 : FF;
13357 : FF;
13358 : FF;
13359 : FF;
13360 : FF;
13361 : DB;
13362 : DB;
13363 : DB;
13364 : DB;
13365 : DB;
13366 : DB;
13367 : DB;
13368 : DB;
13369 : FF;
13370 : FF;
13371 : FF;
13372 : FF;
13373 : FF;
13374 : FF;
13375 : FF;
13376 : FF;
13377 : DB;
13378 : DB;
13379 : DB;
13380 : B6;
13381 : B6;
13382 : B6;
13383 : B6;
13384 : DA;
13385 : BA;
13386 : B6;
13387 : B6;
13388 : B6;
13389 : B6;
13390 : B6;
13391 : B6;
13392 : B6;
13393 : B6;
13394 : B6;
13395 : B6;
13396 : B6;
13397 : 92;
13398 : 91;
13399 : 8D;
13400 : 92;
13401 : B2;
13402 : B2;
13403 : 92;
13404 : 8D;
13405 : 6D;
13406 : 6D;
13407 : 6D;
13408 : 92;
13409 : B6;
13410 : DA;
13411 : DB;
13412 : DB;
13413 : FB;
13414 : FF;
13415 : FF;
13416 : FF;
13417 : FF;
13418 : FF;
13419 : FF;
13420 : FF;
13421 : FF;
13422 : FF;
13423 : FF;
13424 : FF;
13425 : FF;
13426 : FF;
13427 : FF;
13428 : FF;
13429 : FF;
13430 : FF;
13431 : FF;
13432 : FF;
13433 : FF;
13434 : FF;
13435 : FF;
13436 : FF;
13437 : FF;
13438 : FF;
13439 : FF;
13440 : FF;
13441 : FF;
13442 : FF;
13443 : FF;
13444 : FF;
13445 : FF;
13446 : FF;
13447 : FF;
13448 : FF;
13449 : FF;
13450 : FF;
13451 : FF;
13452 : FF;
13453 : FF;
13454 : FF;
13455 : FF;
13456 : FF;
13457 : FF;
13458 : DB;
13459 : DA;
13460 : DA;
13461 : DA;
13462 : DB;
13463 : FF;
13464 : FF;
13465 : FF;
13466 : FF;
13467 : FF;
13468 : FF;
13469 : FF;
13470 : FF;
13471 : FF;
13472 : FF;
13473 : FF;
13474 : FF;
13475 : FF;
13476 : FF;
13477 : FF;
13478 : FF;
13479 : FF;
13480 : FF;
13481 : FF;
13482 : FF;
13483 : FF;
13484 : FF;
13485 : DB;
13486 : DB;
13487 : DB;
13488 : DB;
13489 : DB;
13490 : DB;
13491 : DB;
13492 : DB;
13493 : FF;
13494 : FF;
13495 : FF;
13496 : FF;
13497 : FF;
13498 : FF;
13499 : FF;
13500 : FF;
13501 : FF;
13502 : FF;
13503 : FF;
13504 : FF;
13505 : FF;
13506 : FF;
13507 : FF;
13508 : FF;
13509 : FF;
13510 : FF;
13511 : FF;
13512 : FF;
13513 : FF;
13514 : FF;
13515 : FF;
13516 : FF;
13517 : FF;
13518 : FF;
13519 : FF;
13520 : FF;
13521 : DB;
13522 : DB;
13523 : DB;
13524 : DB;
13525 : DB;
13526 : DB;
13527 : DB;
13528 : DB;
13529 : FF;
13530 : FF;
13531 : FF;
13532 : FF;
13533 : FF;
13534 : FF;
13535 : FF;
13536 : FF;
13537 : DB;
13538 : DB;
13539 : DB;
13540 : BA;
13541 : B6;
13542 : B6;
13543 : B6;
13544 : BA;
13545 : B6;
13546 : B6;
13547 : B6;
13548 : B6;
13549 : B6;
13550 : B6;
13551 : B6;
13552 : B6;
13553 : B6;
13554 : 92;
13555 : B2;
13556 : B2;
13557 : 92;
13558 : 92;
13559 : 8D;
13560 : 92;
13561 : 92;
13562 : 92;
13563 : 92;
13564 : 8D;
13565 : 6D;
13566 : 6D;
13567 : 6D;
13568 : 8D;
13569 : B2;
13570 : B6;
13571 : B6;
13572 : D6;
13573 : FB;
13574 : FF;
13575 : FF;
13576 : FF;
13577 : FF;
13578 : FF;
13579 : FF;
13580 : FF;
13581 : FF;
13582 : FF;
13583 : FF;
13584 : FF;
13585 : FF;
13586 : FF;
13587 : FF;
13588 : FF;
13589 : FF;
13590 : FF;
13591 : FF;
13592 : FF;
13593 : FF;
13594 : FF;
13595 : FF;
13596 : FF;
13597 : FF;
13598 : FF;
13599 : FF;
13600 : FF;
13601 : FF;
13602 : FF;
13603 : FF;
13604 : FF;
13605 : FF;
13606 : FF;
13607 : FF;
13608 : FF;
13609 : FF;
13610 : FF;
13611 : FF;
13612 : FF;
13613 : FF;
13614 : FF;
13615 : FF;
13616 : FF;
13617 : DF;
13618 : DB;
13619 : DA;
13620 : BA;
13621 : B6;
13622 : DA;
13623 : DF;
13624 : FF;
13625 : FF;
13626 : FF;
13627 : FF;
13628 : FF;
13629 : FF;
13630 : FF;
13631 : FF;
13632 : FF;
13633 : FF;
13634 : FF;
13635 : FF;
13636 : FF;
13637 : FF;
13638 : FF;
13639 : FF;
13640 : FF;
13641 : FF;
13642 : FF;
13643 : FF;
13644 : FF;
13645 : DB;
13646 : DB;
13647 : DB;
13648 : DB;
13649 : DB;
13650 : DB;
13651 : DB;
13652 : DB;
13653 : DB;
13654 : FF;
13655 : FF;
13656 : FF;
13657 : FF;
13658 : FF;
13659 : FF;
13660 : FF;
13661 : FF;
13662 : FF;
13663 : FF;
13664 : FF;
13665 : FF;
13666 : FF;
13667 : FF;
13668 : FF;
13669 : FF;
13670 : FF;
13671 : FF;
13672 : FF;
13673 : FF;
13674 : FF;
13675 : FF;
13676 : FF;
13677 : FF;
13678 : FF;
13679 : FF;
13680 : FF;
13681 : DB;
13682 : DB;
13683 : DB;
13684 : DB;
13685 : DB;
13686 : DB;
13687 : DB;
13688 : FF;
13689 : FF;
13690 : FF;
13691 : FF;
13692 : FF;
13693 : FF;
13694 : FF;
13695 : FF;
13696 : FF;
13697 : DB;
13698 : DB;
13699 : DB;
13700 : B6;
13701 : B6;
13702 : B6;
13703 : B6;
13704 : B6;
13705 : B6;
13706 : B6;
13707 : B6;
13708 : B6;
13709 : 92;
13710 : 92;
13711 : 92;
13712 : 92;
13713 : 92;
13714 : 92;
13715 : 92;
13716 : 92;
13717 : 92;
13718 : 92;
13719 : 92;
13720 : 92;
13721 : 92;
13722 : 92;
13723 : 92;
13724 : 8D;
13725 : 6D;
13726 : 6D;
13727 : 6D;
13728 : 8D;
13729 : 92;
13730 : B6;
13731 : B6;
13732 : B6;
13733 : DB;
13734 : FF;
13735 : FF;
13736 : FF;
13737 : FF;
13738 : FF;
13739 : FF;
13740 : FF;
13741 : FF;
13742 : FF;
13743 : FF;
13744 : FF;
13745 : FF;
13746 : FF;
13747 : FF;
13748 : FF;
13749 : FF;
13750 : FF;
13751 : FF;
13752 : FF;
13753 : FF;
13754 : FF;
13755 : FF;
13756 : FF;
13757 : FF;
13758 : FF;
13759 : FF;
13760 : FF;
13761 : FF;
13762 : FF;
13763 : FF;
13764 : FF;
13765 : FF;
13766 : FF;
13767 : FF;
13768 : FF;
13769 : FF;
13770 : FF;
13771 : FF;
13772 : FF;
13773 : FF;
13774 : FF;
13775 : FF;
13776 : FF;
13777 : DB;
13778 : DA;
13779 : DA;
13780 : DA;
13781 : B6;
13782 : DA;
13783 : DB;
13784 : FF;
13785 : FF;
13786 : FF;
13787 : FF;
13788 : FF;
13789 : FF;
13790 : FF;
13791 : FF;
13792 : FF;
13793 : FF;
13794 : FF;
13795 : FF;
13796 : FF;
13797 : FF;
13798 : FF;
13799 : FF;
13800 : FF;
13801 : FF;
13802 : FF;
13803 : FF;
13804 : FF;
13805 : DB;
13806 : DB;
13807 : DB;
13808 : DB;
13809 : DB;
13810 : DB;
13811 : DB;
13812 : DB;
13813 : DB;
13814 : FF;
13815 : FF;
13816 : FF;
13817 : FF;
13818 : FF;
13819 : FF;
13820 : FF;
13821 : FF;
13822 : FF;
13823 : FF;
13824 : FF;
13825 : FF;
13826 : FF;
13827 : FF;
13828 : FF;
13829 : FF;
13830 : FF;
13831 : FF;
13832 : FF;
13833 : FF;
13834 : FF;
13835 : FF;
13836 : FF;
13837 : FF;
13838 : FF;
13839 : FF;
13840 : FF;
13841 : DB;
13842 : DB;
13843 : DB;
13844 : DB;
13845 : DB;
13846 : DB;
13847 : DB;
13848 : FF;
13849 : FF;
13850 : FF;
13851 : FF;
13852 : FF;
13853 : FF;
13854 : FF;
13855 : FF;
13856 : FF;
13857 : FF;
13858 : DB;
13859 : DB;
13860 : B6;
13861 : B6;
13862 : B6;
13863 : B6;
13864 : B6;
13865 : B6;
13866 : B6;
13867 : B6;
13868 : 92;
13869 : 92;
13870 : 92;
13871 : 91;
13872 : 6D;
13873 : 6D;
13874 : 6D;
13875 : 6D;
13876 : 8D;
13877 : 91;
13878 : 91;
13879 : 91;
13880 : 92;
13881 : 92;
13882 : 92;
13883 : 92;
13884 : 8D;
13885 : 6D;
13886 : 6D;
13887 : 6D;
13888 : 8D;
13889 : 92;
13890 : B6;
13891 : B6;
13892 : B6;
13893 : DB;
13894 : FF;
13895 : FF;
13896 : FF;
13897 : FF;
13898 : FF;
13899 : FF;
13900 : FF;
13901 : FF;
13902 : FF;
13903 : FF;
13904 : FF;
13905 : FF;
13906 : FF;
13907 : FF;
13908 : FF;
13909 : FF;
13910 : FF;
13911 : FF;
13912 : FF;
13913 : FF;
13914 : FF;
13915 : FF;
13916 : FF;
13917 : FF;
13918 : FF;
13919 : FF;
13920 : FF;
13921 : FF;
13922 : FF;
13923 : FF;
13924 : FF;
13925 : FF;
13926 : FF;
13927 : FF;
13928 : FF;
13929 : FF;
13930 : FF;
13931 : FF;
13932 : FF;
13933 : FF;
13934 : FF;
13935 : FF;
13936 : FF;
13937 : DB;
13938 : DA;
13939 : D6;
13940 : D6;
13941 : B6;
13942 : DA;
13943 : DB;
13944 : DB;
13945 : FF;
13946 : FF;
13947 : FF;
13948 : FF;
13949 : FF;
13950 : FF;
13951 : FF;
13952 : FF;
13953 : FF;
13954 : FF;
13955 : FF;
13956 : FF;
13957 : FF;
13958 : FF;
13959 : FF;
13960 : FF;
13961 : FF;
13962 : FF;
13963 : FF;
13964 : FF;
13965 : DB;
13966 : DB;
13967 : DB;
13968 : DB;
13969 : DB;
13970 : DB;
13971 : DB;
13972 : DB;
13973 : DB;
13974 : FF;
13975 : FF;
13976 : FF;
13977 : FF;
13978 : FF;
13979 : FF;
13980 : FF;
13981 : FF;
13982 : FF;
13983 : FF;
13984 : FF;
13985 : FF;
13986 : FF;
13987 : FF;
13988 : FF;
13989 : FF;
13990 : FF;
13991 : FF;
13992 : FF;
13993 : FF;
13994 : FF;
13995 : FF;
13996 : FF;
13997 : FF;
13998 : FF;
13999 : FF;
14000 : FF;
14001 : DB;
14002 : DB;
14003 : DB;
14004 : DB;
14005 : DB;
14006 : DB;
14007 : DB;
14008 : FF;
14009 : FF;
14010 : FF;
14011 : FF;
14012 : FF;
14013 : FF;
14014 : FF;
14015 : FF;
14016 : FF;
14017 : FF;
14018 : DB;
14019 : DB;
14020 : B6;
14021 : B6;
14022 : B6;
14023 : B6;
14024 : B6;
14025 : B6;
14026 : B6;
14027 : B6;
14028 : 92;
14029 : 91;
14030 : 6D;
14031 : 6D;
14032 : 49;
14033 : 49;
14034 : 49;
14035 : 6D;
14036 : 6D;
14037 : 6D;
14038 : 6D;
14039 : 6D;
14040 : 6D;
14041 : 92;
14042 : B2;
14043 : 92;
14044 : 92;
14045 : 8D;
14046 : 6D;
14047 : 6D;
14048 : 8D;
14049 : 92;
14050 : B2;
14051 : B2;
14052 : B2;
14053 : D6;
14054 : FF;
14055 : FF;
14056 : FF;
14057 : FF;
14058 : FF;
14059 : FF;
14060 : FF;
14061 : FF;
14062 : FF;
14063 : FF;
14064 : FF;
14065 : FF;
14066 : FF;
14067 : FF;
14068 : FF;
14069 : FF;
14070 : FF;
14071 : FF;
14072 : FF;
14073 : FF;
14074 : FF;
14075 : FF;
14076 : FF;
14077 : FF;
14078 : FF;
14079 : FF;
14080 : FF;
14081 : FF;
14082 : FF;
14083 : FF;
14084 : FF;
14085 : FF;
14086 : FF;
14087 : FF;
14088 : FF;
14089 : FF;
14090 : FF;
14091 : FF;
14092 : FF;
14093 : FF;
14094 : FF;
14095 : FF;
14096 : DB;
14097 : DA;
14098 : B6;
14099 : B6;
14100 : B6;
14101 : B6;
14102 : B6;
14103 : D6;
14104 : DA;
14105 : FB;
14106 : FF;
14107 : FF;
14108 : FF;
14109 : FF;
14110 : FF;
14111 : FF;
14112 : FF;
14113 : FF;
14114 : FF;
14115 : FF;
14116 : FF;
14117 : FF;
14118 : FF;
14119 : FF;
14120 : FF;
14121 : FF;
14122 : FF;
14123 : FF;
14124 : FF;
14125 : FF;
14126 : DB;
14127 : DB;
14128 : DB;
14129 : DB;
14130 : DB;
14131 : DB;
14132 : DB;
14133 : DB;
14134 : FF;
14135 : FF;
14136 : FF;
14137 : FF;
14138 : FF;
14139 : FF;
14140 : FF;
14141 : FF;
14142 : FF;
14143 : FF;
14144 : FF;
14145 : FF;
14146 : FF;
14147 : FF;
14148 : FF;
14149 : FF;
14150 : FF;
14151 : FF;
14152 : FF;
14153 : FF;
14154 : FF;
14155 : FF;
14156 : FF;
14157 : FF;
14158 : FF;
14159 : FF;
14160 : FF;
14161 : DB;
14162 : DB;
14163 : DB;
14164 : DB;
14165 : DB;
14166 : DB;
14167 : FF;
14168 : FF;
14169 : FF;
14170 : FF;
14171 : FF;
14172 : FF;
14173 : FF;
14174 : FF;
14175 : FF;
14176 : FF;
14177 : FF;
14178 : FF;
14179 : DB;
14180 : B6;
14181 : B6;
14182 : B6;
14183 : B6;
14184 : B6;
14185 : B6;
14186 : B6;
14187 : 92;
14188 : 92;
14189 : 6D;
14190 : 6D;
14191 : 49;
14192 : 48;
14193 : 49;
14194 : 49;
14195 : 49;
14196 : 49;
14197 : 49;
14198 : 49;
14199 : 49;
14200 : 49;
14201 : 6D;
14202 : 92;
14203 : B2;
14204 : 92;
14205 : 8D;
14206 : 8D;
14207 : 8D;
14208 : 92;
14209 : B2;
14210 : B6;
14211 : 92;
14212 : 92;
14213 : B6;
14214 : FF;
14215 : FF;
14216 : FF;
14217 : FF;
14218 : FF;
14219 : FF;
14220 : FF;
14221 : FF;
14222 : FF;
14223 : FF;
14224 : FF;
14225 : FF;
14226 : FF;
14227 : FF;
14228 : FF;
14229 : FF;
14230 : FF;
14231 : FF;
14232 : FF;
14233 : FF;
14234 : FF;
14235 : FF;
14236 : FF;
14237 : FF;
14238 : FF;
14239 : FF;
14240 : FF;
14241 : FF;
14242 : FF;
14243 : FF;
14244 : FF;
14245 : FF;
14246 : FF;
14247 : FF;
14248 : FF;
14249 : FF;
14250 : FF;
14251 : FF;
14252 : FF;
14253 : FF;
14254 : FF;
14255 : FF;
14256 : DB;
14257 : B6;
14258 : B6;
14259 : D6;
14260 : B6;
14261 : 91;
14262 : B6;
14263 : B6;
14264 : D6;
14265 : DB;
14266 : FF;
14267 : FF;
14268 : FF;
14269 : FF;
14270 : FF;
14271 : FF;
14272 : FF;
14273 : FF;
14274 : FF;
14275 : FF;
14276 : FF;
14277 : FF;
14278 : FF;
14279 : FF;
14280 : FF;
14281 : FF;
14282 : FF;
14283 : FF;
14284 : FF;
14285 : FF;
14286 : DB;
14287 : DB;
14288 : DB;
14289 : DB;
14290 : DB;
14291 : DB;
14292 : DB;
14293 : DB;
14294 : DB;
14295 : FF;
14296 : FF;
14297 : FF;
14298 : FF;
14299 : FF;
14300 : FF;
14301 : FF;
14302 : FF;
14303 : FF;
14304 : FF;
14305 : FF;
14306 : FF;
14307 : FF;
14308 : FF;
14309 : FF;
14310 : FF;
14311 : FF;
14312 : FF;
14313 : FF;
14314 : FF;
14315 : FF;
14316 : FF;
14317 : FF;
14318 : FF;
14319 : FF;
14320 : FF;
14321 : DB;
14322 : DB;
14323 : DB;
14324 : DB;
14325 : DB;
14326 : FF;
14327 : FF;
14328 : FF;
14329 : FF;
14330 : FF;
14331 : FF;
14332 : FF;
14333 : FF;
14334 : FF;
14335 : FF;
14336 : FF;
14337 : FF;
14338 : FF;
14339 : DB;
14340 : DB;
14341 : DA;
14342 : B6;
14343 : B6;
14344 : B6;
14345 : B6;
14346 : 92;
14347 : 92;
14348 : 92;
14349 : 6D;
14350 : 6D;
14351 : 49;
14352 : 48;
14353 : 48;
14354 : 48;
14355 : 48;
14356 : 48;
14357 : 48;
14358 : 44;
14359 : 24;
14360 : 24;
14361 : 48;
14362 : 6D;
14363 : 92;
14364 : B2;
14365 : 92;
14366 : 92;
14367 : 92;
14368 : B2;
14369 : B6;
14370 : B6;
14371 : 92;
14372 : 8D;
14373 : B6;
14374 : FF;
14375 : FF;
14376 : FF;
14377 : FF;
14378 : FF;
14379 : FF;
14380 : FF;
14381 : FF;
14382 : FF;
14383 : FF;
14384 : FF;
14385 : FF;
14386 : FF;
14387 : FF;
14388 : FF;
14389 : FF;
14390 : FF;
14391 : FF;
14392 : FF;
14393 : FF;
14394 : FF;
14395 : FF;
14396 : FF;
14397 : FF;
14398 : FF;
14399 : FF;
14400 : FF;
14401 : FF;
14402 : FF;
14403 : FF;
14404 : FF;
14405 : FF;
14406 : FF;
14407 : FF;
14408 : FF;
14409 : FF;
14410 : FF;
14411 : FF;
14412 : FF;
14413 : FF;
14414 : FF;
14415 : FF;
14416 : DB;
14417 : 92;
14418 : 92;
14419 : B6;
14420 : 92;
14421 : 6D;
14422 : 92;
14423 : B6;
14424 : B6;
14425 : DB;
14426 : FB;
14427 : FF;
14428 : FF;
14429 : FF;
14430 : FF;
14431 : FF;
14432 : FF;
14433 : FF;
14434 : FF;
14435 : FF;
14436 : FF;
14437 : FF;
14438 : FF;
14439 : FF;
14440 : FF;
14441 : FF;
14442 : FF;
14443 : FF;
14444 : FF;
14445 : FF;
14446 : FB;
14447 : DB;
14448 : DB;
14449 : DB;
14450 : DB;
14451 : DB;
14452 : DB;
14453 : DB;
14454 : DB;
14455 : FF;
14456 : FF;
14457 : FF;
14458 : FF;
14459 : FF;
14460 : FF;
14461 : FF;
14462 : FF;
14463 : FF;
14464 : FF;
14465 : FF;
14466 : FF;
14467 : FF;
14468 : FF;
14469 : FF;
14470 : FF;
14471 : FF;
14472 : FF;
14473 : FF;
14474 : FF;
14475 : FF;
14476 : FF;
14477 : FF;
14478 : FF;
14479 : FF;
14480 : FF;
14481 : DB;
14482 : DB;
14483 : DB;
14484 : DB;
14485 : DB;
14486 : FF;
14487 : FF;
14488 : FF;
14489 : FF;
14490 : FF;
14491 : FF;
14492 : FF;
14493 : FF;
14494 : FF;
14495 : FF;
14496 : FF;
14497 : FF;
14498 : FF;
14499 : FF;
14500 : DB;
14501 : DB;
14502 : DA;
14503 : B6;
14504 : B6;
14505 : 92;
14506 : 92;
14507 : 92;
14508 : 92;
14509 : 6D;
14510 : 49;
14511 : 49;
14512 : 24;
14513 : 24;
14514 : 24;
14515 : 24;
14516 : 24;
14517 : 24;
14518 : 24;
14519 : 24;
14520 : 24;
14521 : 24;
14522 : 49;
14523 : 8D;
14524 : B2;
14525 : B6;
14526 : B2;
14527 : B2;
14528 : B2;
14529 : B2;
14530 : B6;
14531 : 92;
14532 : 8E;
14533 : B6;
14534 : FF;
14535 : FF;
14536 : FF;
14537 : FF;
14538 : FF;
14539 : FF;
14540 : FF;
14541 : FF;
14542 : FF;
14543 : FF;
14544 : FF;
14545 : FF;
14546 : FF;
14547 : FF;
14548 : FF;
14549 : FF;
14550 : FF;
14551 : FF;
14552 : FF;
14553 : FF;
14554 : FF;
14555 : FF;
14556 : FF;
14557 : FF;
14558 : FF;
14559 : FF;
14560 : FF;
14561 : FF;
14562 : FF;
14563 : FF;
14564 : FF;
14565 : FF;
14566 : FF;
14567 : FF;
14568 : FF;
14569 : FF;
14570 : FF;
14571 : FF;
14572 : FF;
14573 : FF;
14574 : FF;
14575 : FF;
14576 : DB;
14577 : 92;
14578 : 92;
14579 : B6;
14580 : 91;
14581 : 6D;
14582 : 8D;
14583 : B2;
14584 : B6;
14585 : DB;
14586 : FB;
14587 : FF;
14588 : FF;
14589 : FF;
14590 : FF;
14591 : FF;
14592 : FF;
14593 : FF;
14594 : FF;
14595 : FF;
14596 : FF;
14597 : FF;
14598 : FF;
14599 : FF;
14600 : FF;
14601 : FF;
14602 : FF;
14603 : FF;
14604 : FF;
14605 : FF;
14606 : FF;
14607 : DB;
14608 : DB;
14609 : DB;
14610 : DB;
14611 : DB;
14612 : DB;
14613 : DB;
14614 : DB;
14615 : FF;
14616 : FF;
14617 : FF;
14618 : FF;
14619 : FF;
14620 : FF;
14621 : FF;
14622 : FF;
14623 : FF;
14624 : FF;
14625 : FF;
14626 : FF;
14627 : FF;
14628 : FF;
14629 : FF;
14630 : FF;
14631 : FF;
14632 : FF;
14633 : FF;
14634 : FF;
14635 : FF;
14636 : FF;
14637 : FF;
14638 : FF;
14639 : FF;
14640 : FF;
14641 : DB;
14642 : DB;
14643 : DB;
14644 : DB;
14645 : DB;
14646 : FF;
14647 : FF;
14648 : FF;
14649 : FF;
14650 : FF;
14651 : FF;
14652 : FF;
14653 : FF;
14654 : FF;
14655 : FF;
14656 : FF;
14657 : FF;
14658 : FF;
14659 : FF;
14660 : FF;
14661 : FF;
14662 : DB;
14663 : B6;
14664 : B6;
14665 : 92;
14666 : 92;
14667 : 92;
14668 : 92;
14669 : 6D;
14670 : 49;
14671 : 49;
14672 : 24;
14673 : 24;
14674 : 24;
14675 : 24;
14676 : 24;
14677 : 24;
14678 : 24;
14679 : 24;
14680 : 24;
14681 : 24;
14682 : 49;
14683 : 6D;
14684 : 92;
14685 : B2;
14686 : 92;
14687 : 92;
14688 : B2;
14689 : B2;
14690 : 92;
14691 : 92;
14692 : 8E;
14693 : B6;
14694 : FF;
14695 : FF;
14696 : FF;
14697 : FF;
14698 : FF;
14699 : FF;
14700 : FF;
14701 : FF;
14702 : FF;
14703 : FF;
14704 : FF;
14705 : FF;
14706 : FF;
14707 : FF;
14708 : FF;
14709 : FF;
14710 : FF;
14711 : FF;
14712 : FF;
14713 : FF;
14714 : FF;
14715 : FF;
14716 : FF;
14717 : FF;
14718 : FF;
14719 : FF;
14720 : FF;
14721 : FF;
14722 : FF;
14723 : FF;
14724 : FF;
14725 : FF;
14726 : FF;
14727 : FF;
14728 : FF;
14729 : FF;
14730 : FF;
14731 : FF;
14732 : FF;
14733 : FF;
14734 : FF;
14735 : FF;
14736 : FF;
14737 : DB;
14738 : DB;
14739 : DB;
14740 : B6;
14741 : B6;
14742 : B6;
14743 : DB;
14744 : DB;
14745 : FF;
14746 : FF;
14747 : FF;
14748 : FF;
14749 : FF;
14750 : FF;
14751 : FF;
14752 : FF;
14753 : FF;
14754 : FF;
14755 : FF;
14756 : FF;
14757 : FF;
14758 : FF;
14759 : FF;
14760 : FF;
14761 : FF;
14762 : FF;
14763 : FF;
14764 : FF;
14765 : FF;
14766 : FF;
14767 : DB;
14768 : DB;
14769 : DB;
14770 : DB;
14771 : DB;
14772 : DB;
14773 : DB;
14774 : DB;
14775 : FF;
14776 : FF;
14777 : FF;
14778 : FF;
14779 : FF;
14780 : FF;
14781 : FF;
14782 : FF;
14783 : FF;
14784 : FF;
14785 : FF;
14786 : FF;
14787 : FF;
14788 : FF;
14789 : FF;
14790 : FF;
14791 : FF;
14792 : FF;
14793 : FF;
14794 : FF;
14795 : FF;
14796 : FF;
14797 : FF;
14798 : FF;
14799 : FF;
14800 : FF;
14801 : DB;
14802 : DB;
14803 : DB;
14804 : DB;
14805 : FF;
14806 : FF;
14807 : FF;
14808 : FF;
14809 : FF;
14810 : FF;
14811 : FF;
14812 : FF;
14813 : FF;
14814 : FF;
14815 : FF;
14816 : FF;
14817 : FF;
14818 : FF;
14819 : FF;
14820 : FF;
14821 : FF;
14822 : FF;
14823 : DB;
14824 : B6;
14825 : B6;
14826 : 96;
14827 : 92;
14828 : 92;
14829 : 6D;
14830 : 6D;
14831 : 49;
14832 : 24;
14833 : 24;
14834 : 44;
14835 : 24;
14836 : 24;
14837 : 24;
14838 : 24;
14839 : 24;
14840 : 24;
14841 : 24;
14842 : 44;
14843 : 49;
14844 : 6D;
14845 : 8D;
14846 : 8D;
14847 : 92;
14848 : 92;
14849 : B2;
14850 : B2;
14851 : 92;
14852 : 92;
14853 : B6;
14854 : FF;
14855 : FF;
14856 : FF;
14857 : FF;
14858 : FF;
14859 : FF;
14860 : FF;
14861 : FF;
14862 : FF;
14863 : FF;
14864 : FF;
14865 : FF;
14866 : FF;
14867 : FF;
14868 : FF;
14869 : FF;
14870 : FF;
14871 : FF;
14872 : FF;
14873 : FF;
14874 : FF;
14875 : FF;
14876 : FF;
14877 : FF;
14878 : FF;
14879 : FF;
14880 : FF;
14881 : FF;
14882 : FF;
14883 : FF;
14884 : FF;
14885 : FF;
14886 : FF;
14887 : FF;
14888 : FF;
14889 : FF;
14890 : FF;
14891 : FF;
14892 : FF;
14893 : FF;
14894 : FF;
14895 : FF;
14896 : FF;
14897 : FF;
14898 : FF;
14899 : FF;
14900 : FF;
14901 : FF;
14902 : FF;
14903 : FF;
14904 : FF;
14905 : FF;
14906 : FF;
14907 : FF;
14908 : FF;
14909 : FF;
14910 : FF;
14911 : FF;
14912 : FF;
14913 : FF;
14914 : FF;
14915 : FF;
14916 : FF;
14917 : FF;
14918 : FF;
14919 : FF;
14920 : FF;
14921 : FF;
14922 : FF;
14923 : FF;
14924 : FF;
14925 : FF;
14926 : FF;
14927 : FF;
14928 : DB;
14929 : DB;
14930 : DB;
14931 : DB;
14932 : DB;
14933 : DB;
14934 : DB;
14935 : FF;
14936 : FF;
14937 : FF;
14938 : FF;
14939 : FF;
14940 : FF;
14941 : FF;
14942 : FF;
14943 : FF;
14944 : FF;
14945 : FF;
14946 : FF;
14947 : FF;
14948 : FF;
14949 : FF;
14950 : FF;
14951 : FF;
14952 : FF;
14953 : FF;
14954 : FF;
14955 : FF;
14956 : FF;
14957 : FF;
14958 : FF;
14959 : FF;
14960 : FF;
14961 : DB;
14962 : DB;
14963 : DB;
14964 : FF;
14965 : FF;
14966 : FF;
14967 : FF;
14968 : FF;
14969 : FF;
14970 : FF;
14971 : FF;
14972 : FF;
14973 : FF;
14974 : FF;
14975 : FF;
14976 : FF;
14977 : FF;
14978 : FF;
14979 : FF;
14980 : FF;
14981 : FF;
14982 : FF;
14983 : FF;
14984 : DB;
14985 : DA;
14986 : B6;
14987 : B6;
14988 : 92;
14989 : 92;
14990 : 6D;
14991 : 6D;
14992 : 49;
14993 : 49;
14994 : 69;
14995 : 49;
14996 : 24;
14997 : 24;
14998 : 24;
14999 : 24;
15000 : 24;
15001 : 24;
15002 : 44;
15003 : 49;
15004 : 69;
15005 : 6D;
15006 : 6D;
15007 : 8D;
15008 : 92;
15009 : B2;
15010 : B2;
15011 : 92;
15012 : 92;
15013 : B6;
15014 : FF;
15015 : FF;
15016 : FF;
15017 : FF;
15018 : FF;
15019 : FF;
15020 : FF;
15021 : FF;
15022 : FF;
15023 : FF;
15024 : FF;
15025 : FF;
15026 : FF;
15027 : FF;
15028 : FF;
15029 : FF;
15030 : FF;
15031 : FF;
15032 : FF;
15033 : FF;
15034 : FF;
15035 : FF;
15036 : FF;
15037 : FF;
15038 : FF;
15039 : FF;
15040 : FF;
15041 : FF;
15042 : FF;
15043 : FF;
15044 : FF;
15045 : FF;
15046 : FF;
15047 : FF;
15048 : FF;
15049 : FF;
15050 : FF;
15051 : FF;
15052 : FF;
15053 : FF;
15054 : FF;
15055 : FF;
15056 : FF;
15057 : FF;
15058 : FF;
15059 : FF;
15060 : FF;
15061 : FF;
15062 : FF;
15063 : FF;
15064 : FF;
15065 : FF;
15066 : FF;
15067 : FF;
15068 : FF;
15069 : FF;
15070 : FF;
15071 : FF;
15072 : FF;
15073 : FF;
15074 : FF;
15075 : FF;
15076 : FF;
15077 : FF;
15078 : FF;
15079 : FF;
15080 : FF;
15081 : FF;
15082 : FF;
15083 : FF;
15084 : FF;
15085 : FF;
15086 : FF;
15087 : FF;
15088 : DB;
15089 : DB;
15090 : DB;
15091 : DB;
15092 : DB;
15093 : DB;
15094 : DB;
15095 : FF;
15096 : FF;
15097 : FF;
15098 : FF;
15099 : FF;
15100 : FF;
15101 : FF;
15102 : FF;
15103 : FF;
15104 : FF;
15105 : FF;
15106 : FF;
15107 : FF;
15108 : FF;
15109 : FF;
15110 : FF;
15111 : FF;
15112 : FF;
15113 : FF;
15114 : FF;
15115 : FF;
15116 : FF;
15117 : FF;
15118 : FF;
15119 : FF;
15120 : FF;
15121 : DB;
15122 : DB;
15123 : DB;
15124 : FF;
15125 : FF;
15126 : FF;
15127 : FF;
15128 : FF;
15129 : FF;
15130 : FF;
15131 : FF;
15132 : FF;
15133 : FF;
15134 : FF;
15135 : FF;
15136 : FF;
15137 : FF;
15138 : FF;
15139 : FF;
15140 : FF;
15141 : FF;
15142 : FF;
15143 : FF;
15144 : FF;
15145 : DB;
15146 : DB;
15147 : B6;
15148 : B6;
15149 : 92;
15150 : 92;
15151 : 6D;
15152 : 49;
15153 : 49;
15154 : 6D;
15155 : 49;
15156 : 24;
15157 : 24;
15158 : 24;
15159 : 24;
15160 : 24;
15161 : 24;
15162 : 24;
15163 : 49;
15164 : 49;
15165 : 69;
15166 : 6D;
15167 : 8D;
15168 : 92;
15169 : 92;
15170 : 92;
15171 : 92;
15172 : 92;
15173 : B6;
15174 : FF;
15175 : FF;
15176 : FF;
15177 : FF;
15178 : FF;
15179 : FF;
15180 : FF;
15181 : FF;
15182 : FF;
15183 : FF;
15184 : FF;
15185 : FF;
15186 : FF;
15187 : FF;
15188 : FF;
15189 : FF;
15190 : FF;
15191 : FF;
15192 : FF;
15193 : FF;
15194 : FF;
15195 : FF;
15196 : FF;
15197 : FF;
15198 : FF;
15199 : FF;
15200 : FF;
15201 : FF;
15202 : FF;
15203 : FF;
15204 : FF;
15205 : FF;
15206 : FF;
15207 : FF;
15208 : FF;
15209 : FF;
15210 : FF;
15211 : FF;
15212 : FF;
15213 : FF;
15214 : FF;
15215 : FF;
15216 : FF;
15217 : FF;
15218 : FF;
15219 : FF;
15220 : FF;
15221 : FF;
15222 : FF;
15223 : FF;
15224 : FF;
15225 : FF;
15226 : FF;
15227 : FF;
15228 : FF;
15229 : FF;
15230 : FF;
15231 : FF;
15232 : FF;
15233 : FF;
15234 : FF;
15235 : FF;
15236 : FF;
15237 : FF;
15238 : FF;
15239 : FF;
15240 : FF;
15241 : FF;
15242 : FF;
15243 : FF;
15244 : FF;
15245 : FF;
15246 : FF;
15247 : FF;
15248 : DB;
15249 : DB;
15250 : DB;
15251 : DB;
15252 : DB;
15253 : DB;
15254 : DB;
15255 : DB;
15256 : FF;
15257 : FF;
15258 : FF;
15259 : FF;
15260 : FF;
15261 : FF;
15262 : FF;
15263 : FF;
15264 : FF;
15265 : FF;
15266 : FF;
15267 : FF;
15268 : FF;
15269 : FF;
15270 : FF;
15271 : FF;
15272 : FF;
15273 : FF;
15274 : FF;
15275 : FF;
15276 : FF;
15277 : FF;
15278 : FF;
15279 : FF;
15280 : FF;
15281 : DB;
15282 : DB;
15283 : DB;
15284 : FF;
15285 : FF;
15286 : FF;
15287 : FF;
15288 : FF;
15289 : FF;
15290 : FF;
15291 : FF;
15292 : FF;
15293 : FF;
15294 : FF;
15295 : FF;
15296 : FF;
15297 : FF;
15298 : FF;
15299 : FF;
15300 : FF;
15301 : FF;
15302 : FF;
15303 : FF;
15304 : FF;
15305 : FF;
15306 : FF;
15307 : FF;
15308 : DB;
15309 : DB;
15310 : B6;
15311 : B6;
15312 : 92;
15313 : 6D;
15314 : 6D;
15315 : 6D;
15316 : 49;
15317 : 24;
15318 : 24;
15319 : 24;
15320 : 24;
15321 : 24;
15322 : 24;
15323 : 24;
15324 : 48;
15325 : 49;
15326 : 6D;
15327 : 6D;
15328 : 6D;
15329 : 6D;
15330 : 6D;
15331 : 8D;
15332 : 92;
15333 : DB;
15334 : FF;
15335 : FF;
15336 : FF;
15337 : FF;
15338 : FF;
15339 : FF;
15340 : FF;
15341 : FF;
15342 : FF;
15343 : FF;
15344 : FF;
15345 : FF;
15346 : FF;
15347 : FF;
15348 : FF;
15349 : FF;
15350 : FF;
15351 : FF;
15352 : FF;
15353 : FF;
15354 : FF;
15355 : FF;
15356 : FF;
15357 : FF;
15358 : FF;
15359 : FF;
15360 : FF;
15361 : FF;
15362 : FF;
15363 : FF;
15364 : FF;
15365 : FF;
15366 : FF;
15367 : FF;
15368 : FF;
15369 : FF;
15370 : FF;
15371 : FF;
15372 : FF;
15373 : FF;
15374 : FF;
15375 : FF;
15376 : FF;
15377 : FF;
15378 : FF;
15379 : FF;
15380 : FF;
15381 : FF;
15382 : FF;
15383 : FF;
15384 : FF;
15385 : FF;
15386 : FF;
15387 : FF;
15388 : FF;
15389 : FF;
15390 : FF;
15391 : FF;
15392 : FF;
15393 : FF;
15394 : FF;
15395 : FF;
15396 : FF;
15397 : FF;
15398 : FF;
15399 : FF;
15400 : FF;
15401 : FF;
15402 : FF;
15403 : FF;
15404 : FF;
15405 : FF;
15406 : FF;
15407 : FF;
15408 : DB;
15409 : DB;
15410 : DB;
15411 : DB;
15412 : DB;
15413 : DB;
15414 : DB;
15415 : DB;
15416 : FF;
15417 : FF;
15418 : FF;
15419 : FF;
15420 : FF;
15421 : FF;
15422 : FF;
15423 : FF;
15424 : FF;
15425 : FF;
15426 : FF;
15427 : FF;
15428 : FF;
15429 : FF;
15430 : FF;
15431 : FF;
15432 : FF;
15433 : FF;
15434 : FF;
15435 : FF;
15436 : FF;
15437 : FF;
15438 : FF;
15439 : FF;
15440 : FF;
15441 : DB;
15442 : DB;
15443 : DB;
15444 : FF;
15445 : FF;
15446 : FF;
15447 : FF;
15448 : FF;
15449 : FF;
15450 : FF;
15451 : FF;
15452 : FF;
15453 : FF;
15454 : FF;
15455 : FF;
15456 : FF;
15457 : FF;
15458 : FF;
15459 : FF;
15460 : FF;
15461 : FF;
15462 : FF;
15463 : FF;
15464 : FF;
15465 : FF;
15466 : FF;
15467 : FF;
15468 : FF;
15469 : FF;
15470 : FF;
15471 : DB;
15472 : DB;
15473 : B6;
15474 : 8D;
15475 : 6D;
15476 : 6D;
15477 : 6D;
15478 : 49;
15479 : 49;
15480 : 24;
15481 : 24;
15482 : 24;
15483 : 24;
15484 : 24;
15485 : 44;
15486 : 49;
15487 : 49;
15488 : 49;
15489 : 49;
15490 : 69;
15491 : 92;
15492 : D6;
15493 : FF;
15494 : FF;
15495 : FF;
15496 : FF;
15497 : FF;
15498 : FF;
15499 : FF;
15500 : FF;
15501 : FF;
15502 : FF;
15503 : FF;
15504 : FF;
15505 : FF;
15506 : FF;
15507 : FF;
15508 : FF;
15509 : FF;
15510 : FF;
15511 : FF;
15512 : FF;
15513 : FF;
15514 : FF;
15515 : FF;
15516 : FF;
15517 : FF;
15518 : FF;
15519 : FF;
15520 : FF;
15521 : FF;
15522 : FF;
15523 : FF;
15524 : FF;
15525 : FF;
15526 : FF;
15527 : FF;
15528 : FF;
15529 : FF;
15530 : FF;
15531 : FF;
15532 : FF;
15533 : FF;
15534 : FF;
15535 : FF;
15536 : FF;
15537 : FF;
15538 : FF;
15539 : FF;
15540 : FF;
15541 : FF;
15542 : FF;
15543 : FF;
15544 : FF;
15545 : FF;
15546 : FF;
15547 : FF;
15548 : FF;
15549 : FF;
15550 : FF;
15551 : FF;
15552 : FF;
15553 : FF;
15554 : FF;
15555 : FF;
15556 : FF;
15557 : FF;
15558 : FF;
15559 : FF;
15560 : FF;
15561 : FF;
15562 : FF;
15563 : FF;
15564 : FF;
15565 : FF;
15566 : FF;
15567 : FF;
15568 : FF;
15569 : DB;
15570 : DB;
15571 : DB;
15572 : DB;
15573 : DB;
15574 : DB;
15575 : FB;
15576 : FF;
15577 : FF;
15578 : FF;
15579 : FF;
15580 : FF;
15581 : FF;
15582 : FF;
15583 : FF;
15584 : FF;
15585 : FF;
15586 : FF;
15587 : FF;
15588 : FF;
15589 : FF;
15590 : FF;
15591 : FF;
15592 : FF;
15593 : FF;
15594 : FF;
15595 : FF;
15596 : FF;
15597 : FF;
15598 : FF;
15599 : FF;
15600 : FF;
15601 : DB;
15602 : DB;
15603 : DB;
15604 : FF;
15605 : FF;
15606 : FF;
15607 : FF;
15608 : FF;
15609 : FF;
15610 : FF;
15611 : FF;
15612 : FF;
15613 : FF;
15614 : FF;
15615 : FF;
15616 : FF;
15617 : FF;
15618 : FF;
15619 : FF;
15620 : FF;
15621 : FF;
15622 : FF;
15623 : FF;
15624 : FF;
15625 : FF;
15626 : FF;
15627 : FF;
15628 : FF;
15629 : FF;
15630 : FF;
15631 : FF;
15632 : FF;
15633 : FF;
15634 : DB;
15635 : B6;
15636 : 92;
15637 : 6D;
15638 : 6D;
15639 : 6D;
15640 : 49;
15641 : 49;
15642 : 49;
15643 : 49;
15644 : 49;
15645 : 49;
15646 : 49;
15647 : 6D;
15648 : 6D;
15649 : 6D;
15650 : 92;
15651 : DB;
15652 : FF;
15653 : FF;
15654 : FF;
15655 : FF;
15656 : FF;
15657 : FF;
15658 : FF;
15659 : FF;
15660 : FF;
15661 : FF;
15662 : FF;
15663 : FF;
15664 : FF;
15665 : FF;
15666 : FF;
15667 : FF;
15668 : FF;
15669 : FF;
15670 : FF;
15671 : FF;
15672 : FF;
15673 : FF;
15674 : FF;
15675 : FF;
15676 : FF;
15677 : FF;
15678 : FF;
15679 : FF;
15680 : FF;
15681 : FF;
15682 : FF;
15683 : FF;
15684 : FF;
15685 : FF;
15686 : FF;
15687 : FF;
15688 : FF;
15689 : FF;
15690 : FF;
15691 : FF;
15692 : FF;
15693 : FF;
15694 : FF;
15695 : FF;
15696 : FF;
15697 : FF;
15698 : FF;
15699 : FF;
15700 : FF;
15701 : FF;
15702 : FF;
15703 : FF;
15704 : FF;
15705 : FF;
15706 : FF;
15707 : FF;
15708 : FF;
15709 : FF;
15710 : FF;
15711 : FF;
15712 : FF;
15713 : FF;
15714 : FF;
15715 : FF;
15716 : FF;
15717 : FF;
15718 : FF;
15719 : FF;
15720 : FF;
15721 : FF;
15722 : FF;
15723 : FF;
15724 : FF;
15725 : FF;
15726 : FF;
15727 : FF;
15728 : FF;
15729 : DB;
15730 : DB;
15731 : DB;
15732 : DB;
15733 : DB;
15734 : DB;
15735 : FB;
15736 : FF;
15737 : FF;
15738 : FF;
15739 : FF;
15740 : FF;
15741 : FF;
15742 : FF;
15743 : FF;
15744 : FF;
15745 : FF;
15746 : FF;
15747 : FF;
15748 : FF;
15749 : FF;
15750 : FF;
15751 : FF;
15752 : FF;
15753 : FF;
15754 : FF;
15755 : FF;
15756 : FF;
15757 : FF;
15758 : FF;
15759 : FF;
15760 : FF;
15761 : DB;
15762 : DB;
15763 : DB;
15764 : FF;
15765 : FF;
15766 : FF;
15767 : FF;
15768 : FF;
15769 : FF;
15770 : FF;
15771 : FF;
15772 : FF;
15773 : FF;
15774 : FF;
15775 : FF;
15776 : FF;
15777 : FF;
15778 : FF;
15779 : FF;
15780 : FF;
15781 : FF;
15782 : FF;
15783 : FF;
15784 : FF;
15785 : FF;
15786 : FF;
15787 : FF;
15788 : FF;
15789 : FF;
15790 : FF;
15791 : FF;
15792 : FF;
15793 : FF;
15794 : FF;
15795 : FF;
15796 : FF;
15797 : DB;
15798 : DB;
15799 : B6;
15800 : B6;
15801 : 92;
15802 : 92;
15803 : 92;
15804 : 92;
15805 : 92;
15806 : B6;
15807 : B6;
15808 : DB;
15809 : DB;
15810 : FF;
15811 : FF;
15812 : FF;
15813 : FF;
15814 : FF;
15815 : FF;
15816 : FF;
15817 : FF;
15818 : FF;
15819 : FF;
15820 : FF;
15821 : FF;
15822 : FF;
15823 : FF;
15824 : FF;
15825 : FF;
15826 : FF;
15827 : FF;
15828 : FF;
15829 : FF;
15830 : FF;
15831 : FF;
15832 : FF;
15833 : FF;
15834 : FF;
15835 : FF;
15836 : FF;
15837 : FF;
15838 : FF;
15839 : FF;
15840 : FF;
15841 : FF;
15842 : FF;
15843 : FF;
15844 : FF;
15845 : FF;
15846 : FF;
15847 : FF;
15848 : FF;
15849 : FF;
15850 : FF;
15851 : FF;
15852 : FF;
15853 : FF;
15854 : FF;
15855 : FF;
15856 : FF;
15857 : FF;
15858 : FF;
15859 : FF;
15860 : FF;
15861 : FF;
15862 : FF;
15863 : FF;
15864 : FF;
15865 : FF;
15866 : FF;
15867 : FF;
15868 : FF;
15869 : FF;
15870 : FF;
15871 : FF;
15872 : FF;
15873 : FF;
15874 : FF;
15875 : FF;
15876 : FF;
15877 : FF;
15878 : FF;
15879 : FF;
15880 : FF;
15881 : FF;
15882 : FF;
15883 : FF;
15884 : FF;
15885 : FF;
15886 : FF;
15887 : FF;
15888 : FF;
15889 : DB;
15890 : DB;
15891 : DB;
15892 : DB;
15893 : DB;
15894 : DB;
15895 : FB;
15896 : FF;
15897 : FF;
15898 : FF;
15899 : FF;
15900 : FF;
15901 : FF;
15902 : FF;
15903 : FF;
15904 : FF;
15905 : FF;
15906 : FF;
15907 : FF;
15908 : FF;
15909 : FF;
15910 : FF;
15911 : FF;
15912 : FF;
15913 : FF;
15914 : FF;
15915 : FF;
15916 : FF;
15917 : FF;
15918 : FF;
15919 : FF;
15920 : DB;
15921 : DB;
15922 : DB;
15923 : FB;
15924 : FF;
15925 : FF;
15926 : FF;
15927 : FF;
15928 : FF;
15929 : FF;
15930 : FF;
15931 : FF;
15932 : FF;
15933 : FF;
15934 : FF;
15935 : FF;
15936 : FF;
15937 : FF;
15938 : FF;
15939 : FF;
15940 : FF;
15941 : FF;
15942 : FF;
15943 : FF;
15944 : FF;
15945 : FF;
15946 : FF;
15947 : FF;
15948 : FF;
15949 : FF;
15950 : FF;
15951 : FF;
15952 : FF;
15953 : FF;
15954 : FF;
15955 : FF;
15956 : FF;
15957 : FF;
15958 : FF;
15959 : FF;
15960 : FF;
15961 : FF;
15962 : FF;
15963 : FF;
15964 : FF;
15965 : FF;
15966 : FF;
15967 : FF;
15968 : FF;
15969 : FF;
15970 : FF;
15971 : FF;
15972 : FF;
15973 : FF;
15974 : FF;
15975 : FF;
15976 : FF;
15977 : FF;
15978 : FF;
15979 : FF;
15980 : FF;
15981 : FF;
15982 : FF;
15983 : FF;
15984 : FF;
15985 : FF;
15986 : FF;
15987 : FF;
15988 : FF;
15989 : FF;
15990 : FF;
15991 : FF;
15992 : FF;
15993 : FF;
15994 : FF;
15995 : FF;
15996 : FF;
15997 : FF;
15998 : FF;
15999 : FF;
16000 : FF;
16001 : FF;
16002 : FF;
16003 : FF;
16004 : FF;
16005 : FF;
16006 : FF;
16007 : FF;
16008 : FF;
16009 : FF;
16010 : FF;
16011 : FF;
16012 : FF;
16013 : FF;
16014 : FF;
16015 : FF;
16016 : FF;
16017 : FF;
16018 : FF;
16019 : FF;
16020 : FF;
16021 : FF;
16022 : FF;
16023 : FF;
16024 : FF;
16025 : FF;
16026 : FF;
16027 : FF;
16028 : FF;
16029 : FF;
16030 : FF;
16031 : FF;
16032 : FF;
16033 : FF;
16034 : FF;
16035 : FF;
16036 : FF;
16037 : FF;
16038 : FF;
16039 : FF;
16040 : FF;
16041 : FF;
16042 : FF;
16043 : FF;
16044 : FF;
16045 : FF;
16046 : FF;
16047 : FF;
16048 : FF;
16049 : DB;
16050 : DB;
16051 : DB;
16052 : DB;
16053 : DB;
16054 : DB;
16055 : FB;
16056 : FF;
16057 : FF;
16058 : FF;
16059 : FF;
16060 : FF;
16061 : FF;
16062 : FF;
16063 : FF;
16064 : FF;
16065 : FF;
16066 : FF;
16067 : FF;
16068 : FF;
16069 : FF;
16070 : FF;
16071 : FF;
16072 : FF;
16073 : FF;
16074 : FF;
16075 : FF;
16076 : FF;
16077 : FF;
16078 : FF;
16079 : FF;
16080 : DB;
16081 : DB;
16082 : FF;
16083 : FF;
16084 : FF;
16085 : FF;
16086 : FF;
16087 : FF;
16088 : FF;
16089 : FF;
16090 : FF;
16091 : FF;
16092 : FF;
16093 : FF;
16094 : FF;
16095 : FF;
16096 : FF;
16097 : FF;
16098 : FF;
16099 : FF;
16100 : FF;
16101 : FF;
16102 : FF;
16103 : FF;
16104 : FF;
16105 : FF;
16106 : FF;
16107 : FF;
16108 : FF;
16109 : FF;
16110 : FF;
16111 : FF;
16112 : FF;
16113 : FF;
16114 : FF;
16115 : FF;
16116 : FF;
16117 : FF;
16118 : FF;
16119 : FF;
16120 : FF;
16121 : FF;
16122 : FF;
16123 : FF;
16124 : FF;
16125 : FF;
16126 : FF;
16127 : FF;
16128 : FF;
16129 : FF;
16130 : FF;
16131 : FF;
16132 : FF;
16133 : FF;
16134 : FF;
16135 : FF;
16136 : FF;
16137 : FF;
16138 : FF;
16139 : FF;
16140 : FF;
16141 : FF;
16142 : FF;
16143 : FF;
16144 : FF;
16145 : FF;
16146 : FF;
16147 : FF;
16148 : FF;
16149 : FF;
16150 : FF;
16151 : FF;
16152 : FF;
16153 : FF;
16154 : FF;
16155 : FF;
16156 : FF;
16157 : FF;
16158 : FF;
16159 : FF;
16160 : FF;
16161 : FF;
16162 : FF;
16163 : FF;
16164 : FF;
16165 : FF;
16166 : FF;
16167 : FF;
16168 : FF;
16169 : FF;
16170 : FF;
16171 : FF;
16172 : FF;
16173 : FF;
16174 : FF;
16175 : FF;
16176 : FF;
16177 : FF;
16178 : FF;
16179 : FF;
16180 : FF;
16181 : FF;
16182 : FF;
16183 : FF;
16184 : FF;
16185 : FF;
16186 : FF;
16187 : FF;
16188 : FF;
16189 : FF;
16190 : FF;
16191 : FF;
16192 : FF;
16193 : FF;
16194 : FF;
16195 : FF;
16196 : FF;
16197 : FF;
16198 : FF;
16199 : FF;
16200 : FF;
16201 : FF;
16202 : FF;
16203 : FF;
16204 : FF;
16205 : FF;
16206 : FF;
16207 : FF;
16208 : FF;
16209 : DB;
16210 : DB;
16211 : DB;
16212 : DB;
16213 : DB;
16214 : DB;
16215 : FB;
16216 : FF;
16217 : FF;
16218 : FF;
16219 : FF;
16220 : FF;
16221 : FF;
16222 : FF;
16223 : FF;
16224 : FF;
16225 : FF;
16226 : FF;
16227 : FF;
16228 : FF;
16229 : FF;
16230 : FF;
16231 : FF;
16232 : FF;
16233 : FF;
16234 : FF;
16235 : FF;
16236 : FF;
16237 : FF;
16238 : FF;
16239 : FF;
16240 : DB;
16241 : DB;
16242 : DB;
16243 : FF;
16244 : FF;
16245 : FF;
16246 : FF;
16247 : FF;
16248 : FF;
16249 : FF;
16250 : FF;
16251 : FF;
16252 : FF;
16253 : FF;
16254 : FF;
16255 : FF;
16256 : FF;
16257 : FF;
16258 : FF;
16259 : FF;
16260 : FF;
16261 : FF;
16262 : FF;
16263 : FF;
16264 : FF;
16265 : FF;
16266 : FF;
16267 : FF;
16268 : FF;
16269 : FF;
16270 : FF;
16271 : FF;
16272 : FF;
16273 : FF;
16274 : FF;
16275 : FF;
16276 : FF;
16277 : FF;
16278 : FF;
16279 : FF;
16280 : FF;
16281 : FF;
16282 : FF;
16283 : FF;
16284 : FF;
16285 : FF;
16286 : FF;
16287 : FF;
16288 : FF;
16289 : FF;
16290 : FF;
16291 : FF;
16292 : FF;
16293 : FF;
16294 : FF;
16295 : FF;
16296 : FF;
16297 : FF;
16298 : FF;
16299 : FF;
16300 : FF;
16301 : FF;
16302 : FF;
16303 : FF;
16304 : FF;
16305 : FF;
16306 : FF;
16307 : FF;
16308 : FF;
16309 : FF;
16310 : FF;
16311 : FF;
16312 : FF;
16313 : FF;
16314 : FF;
16315 : FF;
16316 : FF;
16317 : FF;
16318 : FF;
16319 : FF;
16320 : FF;
16321 : FF;
16322 : FF;
16323 : FF;
16324 : FF;
16325 : FF;
16326 : FF;
16327 : FF;
16328 : FF;
16329 : FF;
16330 : FF;
16331 : FF;
16332 : FF;
16333 : FF;
16334 : FF;
16335 : FF;
16336 : FF;
16337 : FF;
16338 : FF;
16339 : FF;
16340 : FF;
16341 : FF;
16342 : FF;
16343 : FF;
16344 : FF;
16345 : FF;
16346 : FF;
16347 : FF;
16348 : FF;
16349 : FF;
16350 : FF;
16351 : FF;
16352 : FF;
16353 : FF;
16354 : FF;
16355 : FF;
16356 : FF;
16357 : FF;
16358 : FF;
16359 : FF;
16360 : FF;
16361 : FF;
16362 : FF;
16363 : FF;
16364 : FF;
16365 : FF;
16366 : FF;
16367 : FF;
16368 : FF;
16369 : DB;
16370 : DB;
16371 : DB;
16372 : DB;
16373 : DB;
16374 : DB;
16375 : FB;
16376 : FF;
16377 : FF;
16378 : FF;
16379 : FF;
16380 : FF;
16381 : FF;
16382 : FF;
16383 : FF;
16384 : FF;
16385 : FF;
16386 : FF;
16387 : FF;
16388 : FF;
16389 : FF;
16390 : FF;
16391 : FF;
16392 : FF;
16393 : FF;
16394 : FF;
16395 : FF;
16396 : FF;
16397 : FB;
16398 : DB;
16399 : DB;
16400 : DB;
16401 : DB;
16402 : DB;
16403 : DB;
16404 : FF;
16405 : FF;
16406 : FF;
16407 : FF;
16408 : FF;
16409 : FF;
16410 : FF;
16411 : FF;
16412 : FF;
16413 : FF;
16414 : FF;
16415 : FF;
16416 : FF;
16417 : FF;
16418 : FF;
16419 : FF;
16420 : FF;
16421 : FF;
16422 : FF;
16423 : FF;
16424 : FF;
16425 : FF;
16426 : FF;
16427 : FF;
16428 : FF;
16429 : FF;
16430 : FF;
16431 : FF;
16432 : FF;
16433 : FF;
16434 : FF;
16435 : FF;
16436 : FF;
16437 : FF;
16438 : FF;
16439 : FF;
16440 : FF;
16441 : FF;
16442 : FF;
16443 : FF;
16444 : FF;
16445 : FF;
16446 : FF;
16447 : FF;
16448 : FF;
16449 : FF;
16450 : FF;
16451 : FF;
16452 : FF;
16453 : FF;
16454 : FF;
16455 : FF;
16456 : FF;
16457 : FF;
16458 : FF;
16459 : FF;
16460 : FF;
16461 : FF;
16462 : FF;
16463 : FF;
16464 : FF;
16465 : FF;
16466 : FF;
16467 : FF;
16468 : FF;
16469 : FF;
16470 : FF;
16471 : FF;
16472 : FF;
16473 : FF;
16474 : FF;
16475 : FF;
16476 : FF;
16477 : FF;
16478 : FF;
16479 : FF;
16480 : FF;
16481 : FF;
16482 : FF;
16483 : FF;
16484 : FF;
16485 : FF;
16486 : FF;
16487 : FF;
16488 : FF;
16489 : FF;
16490 : FF;
16491 : FF;
16492 : FF;
16493 : FF;
16494 : FF;
16495 : FF;
16496 : FF;
16497 : FF;
16498 : FF;
16499 : FF;
16500 : FF;
16501 : FF;
16502 : FF;
16503 : FF;
16504 : FF;
16505 : FF;
16506 : FF;
16507 : FF;
16508 : FF;
16509 : FF;
16510 : FF;
16511 : FF;
16512 : FF;
16513 : FF;
16514 : FF;
16515 : FF;
16516 : FF;
16517 : FF;
16518 : FF;
16519 : FF;
16520 : FF;
16521 : FF;
16522 : FF;
16523 : FF;
16524 : FF;
16525 : FF;
16526 : FF;
16527 : FF;
16528 : DB;
16529 : DB;
16530 : DB;
16531 : DB;
16532 : DB;
16533 : DB;
16534 : DB;
16535 : FF;
16536 : FF;
16537 : FF;
16538 : FF;
16539 : FF;
16540 : FF;
16541 : FF;
16542 : FF;
16543 : FF;
16544 : FF;
16545 : FF;
16546 : FF;
16547 : FF;
16548 : FF;
16549 : FF;
16550 : FF;
16551 : FF;
16552 : FF;
16553 : FF;
16554 : FF;
16555 : FF;
16556 : FF;
16557 : DB;
16558 : DB;
16559 : DB;
16560 : DB;
16561 : DB;
16562 : DB;
16563 : DB;
16564 : DB;
16565 : DB;
16566 : FB;
16567 : FB;
16568 : FB;
16569 : FB;
16570 : FF;
16571 : FF;
16572 : FF;
16573 : FF;
16574 : FF;
16575 : FF;
16576 : FF;
16577 : FF;
16578 : FF;
16579 : FF;
16580 : FF;
16581 : FF;
16582 : FF;
16583 : FF;
16584 : FF;
16585 : FF;
16586 : FF;
16587 : FF;
16588 : FF;
16589 : FF;
16590 : FF;
16591 : FF;
16592 : FF;
16593 : FF;
16594 : FF;
16595 : FF;
16596 : FF;
16597 : FF;
16598 : FF;
16599 : FF;
16600 : FF;
16601 : FF;
16602 : FF;
16603 : FF;
16604 : FF;
16605 : FF;
16606 : FF;
16607 : FF;
16608 : FF;
16609 : FF;
16610 : FF;
16611 : FF;
16612 : FF;
16613 : FF;
16614 : FF;
16615 : FF;
16616 : FF;
16617 : FF;
16618 : FF;
16619 : FF;
16620 : FF;
16621 : FF;
16622 : FF;
16623 : FF;
16624 : FF;
16625 : FF;
16626 : FF;
16627 : FF;
16628 : FF;
16629 : FF;
16630 : FF;
16631 : FF;
16632 : FF;
16633 : FF;
16634 : FF;
16635 : FF;
16636 : FF;
16637 : FF;
16638 : FF;
16639 : FF;
16640 : FF;
16641 : FF;
16642 : FF;
16643 : FF;
16644 : FF;
16645 : FF;
16646 : FF;
16647 : FF;
16648 : FF;
16649 : FF;
16650 : FF;
16651 : FF;
16652 : FF;
16653 : FF;
16654 : FF;
16655 : FF;
16656 : FF;
16657 : FF;
16658 : FF;
16659 : FF;
16660 : FF;
16661 : FF;
16662 : FF;
16663 : FF;
16664 : FF;
16665 : FF;
16666 : FF;
16667 : FF;
16668 : FF;
16669 : FF;
16670 : FF;
16671 : FF;
16672 : FF;
16673 : FF;
16674 : FF;
16675 : FF;
16676 : FF;
16677 : FF;
16678 : FF;
16679 : FF;
16680 : FF;
16681 : FF;
16682 : FF;
16683 : FF;
16684 : FF;
16685 : FF;
16686 : FF;
16687 : FF;
16688 : DB;
16689 : DB;
16690 : DB;
16691 : DB;
16692 : DB;
16693 : DB;
16694 : FF;
16695 : FF;
16696 : FF;
16697 : FF;
16698 : FF;
16699 : FF;
16700 : FF;
16701 : FF;
16702 : FF;
16703 : FF;
16704 : FF;
16705 : FF;
16706 : FF;
16707 : FF;
16708 : FF;
16709 : FF;
16710 : FF;
16711 : FF;
16712 : FF;
16713 : FF;
16714 : FF;
16715 : FF;
16716 : FF;
16717 : FF;
16718 : DB;
16719 : DB;
16720 : DB;
16721 : DB;
16722 : DB;
16723 : DB;
16724 : DB;
16725 : DB;
16726 : DB;
16727 : DB;
16728 : DB;
16729 : DB;
16730 : DB;
16731 : FB;
16732 : FB;
16733 : FB;
16734 : FF;
16735 : FF;
16736 : FF;
16737 : FF;
16738 : FF;
16739 : FF;
16740 : FF;
16741 : FF;
16742 : FF;
16743 : FF;
16744 : FF;
16745 : FF;
16746 : FF;
16747 : FF;
16748 : FF;
16749 : FF;
16750 : FF;
16751 : FF;
16752 : FF;
16753 : FF;
16754 : FF;
16755 : FF;
16756 : FF;
16757 : FF;
16758 : FF;
16759 : FF;
16760 : FF;
16761 : FF;
16762 : FF;
16763 : FF;
16764 : FF;
16765 : FF;
16766 : FF;
16767 : FF;
16768 : FF;
16769 : FF;
16770 : FF;
16771 : FF;
16772 : FF;
16773 : FF;
16774 : FF;
16775 : FF;
16776 : FF;
16777 : FF;
16778 : FF;
16779 : FF;
16780 : FF;
16781 : FF;
16782 : FF;
16783 : FF;
16784 : FF;
16785 : FF;
16786 : FF;
16787 : FF;
16788 : FF;
16789 : FF;
16790 : FF;
16791 : FF;
16792 : FF;
16793 : FF;
16794 : FF;
16795 : FF;
16796 : FF;
16797 : FF;
16798 : FF;
16799 : FF;
16800 : FF;
16801 : FF;
16802 : FF;
16803 : FF;
16804 : FF;
16805 : FF;
16806 : FF;
16807 : FF;
16808 : FF;
16809 : FF;
16810 : FF;
16811 : FF;
16812 : FF;
16813 : FF;
16814 : FF;
16815 : FF;
16816 : FF;
16817 : FF;
16818 : FF;
16819 : FF;
16820 : FF;
16821 : FF;
16822 : FF;
16823 : FF;
16824 : FF;
16825 : FF;
16826 : FF;
16827 : FF;
16828 : FF;
16829 : FF;
16830 : FF;
16831 : FF;
16832 : FF;
16833 : FF;
16834 : FF;
16835 : FF;
16836 : FF;
16837 : FF;
16838 : FF;
16839 : FF;
16840 : FF;
16841 : FF;
16842 : FF;
16843 : FF;
16844 : FF;
16845 : FF;
16846 : FF;
16847 : FF;
16848 : DB;
16849 : DB;
16850 : DB;
16851 : DB;
16852 : DB;
16853 : DB;
16854 : FF;
16855 : FF;
16856 : FF;
16857 : FF;
16858 : FF;
16859 : FF;
16860 : FF;
16861 : FF;
16862 : FF;
16863 : FF;
16864 : FF;
16865 : FF;
16866 : FF;
16867 : FF;
16868 : FF;
16869 : FF;
16870 : FF;
16871 : FF;
16872 : FF;
16873 : FF;
16874 : FF;
16875 : FF;
16876 : FF;
16877 : FF;
16878 : FF;
16879 : FB;
16880 : DB;
16881 : DB;
16882 : DB;
16883 : DA;
16884 : DA;
16885 : DA;
16886 : DB;
16887 : DB;
16888 : DB;
16889 : DB;
16890 : DB;
16891 : DB;
16892 : DB;
16893 : DB;
16894 : DB;
16895 : DB;
16896 : FF;
16897 : FF;
16898 : FF;
16899 : FF;
16900 : FF;
16901 : FF;
16902 : FF;
16903 : FF;
16904 : FF;
16905 : FF;
16906 : FF;
16907 : FF;
16908 : FF;
16909 : FF;
16910 : FF;
16911 : FF;
16912 : FF;
16913 : FF;
16914 : FF;
16915 : FF;
16916 : FF;
16917 : FF;
16918 : FF;
16919 : FF;
16920 : FF;
16921 : FF;
16922 : FF;
16923 : FF;
16924 : FF;
16925 : FF;
16926 : FF;
16927 : FF;
16928 : FF;
16929 : FF;
16930 : FF;
16931 : FF;
16932 : FF;
16933 : FF;
16934 : FF;
16935 : FF;
16936 : FF;
16937 : FF;
16938 : FF;
16939 : FF;
16940 : FF;
16941 : FF;
16942 : FF;
16943 : FF;
16944 : FF;
16945 : FF;
16946 : FF;
16947 : FF;
16948 : FF;
16949 : FF;
16950 : FF;
16951 : FF;
16952 : FF;
16953 : FF;
16954 : FF;
16955 : FF;
16956 : FF;
16957 : FF;
16958 : FF;
16959 : FF;
16960 : FF;
16961 : FF;
16962 : FF;
16963 : FF;
16964 : FF;
16965 : FF;
16966 : FF;
16967 : FF;
16968 : FF;
16969 : FF;
16970 : FF;
16971 : FF;
16972 : FF;
16973 : FF;
16974 : FF;
16975 : FF;
16976 : FF;
16977 : FF;
16978 : FF;
16979 : FF;
16980 : FF;
16981 : FF;
16982 : FF;
16983 : FF;
16984 : FF;
16985 : FF;
16986 : FF;
16987 : FF;
16988 : FF;
16989 : FF;
16990 : FF;
16991 : FF;
16992 : FF;
16993 : FF;
16994 : FF;
16995 : FF;
16996 : FF;
16997 : FF;
16998 : FF;
16999 : FF;
17000 : FF;
17001 : FF;
17002 : FF;
17003 : FF;
17004 : FF;
17005 : FF;
17006 : FF;
17007 : DB;
17008 : DB;
17009 : DB;
17010 : DB;
17011 : DB;
17012 : DB;
17013 : DB;
17014 : FF;
17015 : FF;
17016 : FF;
17017 : FF;
17018 : FF;
17019 : FF;
17020 : FF;
17021 : FF;
17022 : FF;
17023 : FF;
17024 : FF;
17025 : FF;
17026 : FF;
17027 : FF;
17028 : FF;
17029 : FF;
17030 : FF;
17031 : FF;
17032 : FF;
17033 : FF;
17034 : FF;
17035 : FF;
17036 : FF;
17037 : FF;
17038 : FF;
17039 : FF;
17040 : FB;
17041 : DB;
17042 : D6;
17043 : D6;
17044 : B6;
17045 : B6;
17046 : D6;
17047 : DA;
17048 : DA;
17049 : B6;
17050 : B6;
17051 : DA;
17052 : DB;
17053 : D6;
17054 : B6;
17055 : B6;
17056 : DB;
17057 : FF;
17058 : FF;
17059 : FF;
17060 : FF;
17061 : FF;
17062 : FF;
17063 : FF;
17064 : FF;
17065 : FF;
17066 : FF;
17067 : FF;
17068 : FF;
17069 : FF;
17070 : FF;
17071 : FF;
17072 : FF;
17073 : FF;
17074 : FF;
17075 : FF;
17076 : FF;
17077 : FF;
17078 : FF;
17079 : FF;
17080 : FF;
17081 : FF;
17082 : FF;
17083 : FF;
17084 : FF;
17085 : FF;
17086 : FF;
17087 : FF;
17088 : FF;
17089 : FF;
17090 : FF;
17091 : FF;
17092 : FF;
17093 : FF;
17094 : FF;
17095 : FF;
17096 : FF;
17097 : FF;
17098 : FF;
17099 : FF;
17100 : FF;
17101 : FF;
17102 : FF;
17103 : FF;
17104 : FF;
17105 : FF;
17106 : FF;
17107 : FF;
17108 : FF;
17109 : FF;
17110 : FF;
17111 : FF;
17112 : FF;
17113 : FF;
17114 : FF;
17115 : FF;
17116 : FF;
17117 : FF;
17118 : FF;
17119 : FF;
17120 : FF;
17121 : FF;
17122 : FF;
17123 : FF;
17124 : FF;
17125 : FF;
17126 : FF;
17127 : FF;
17128 : FF;
17129 : FF;
17130 : FF;
17131 : FF;
17132 : FF;
17133 : FF;
17134 : FF;
17135 : FF;
17136 : FF;
17137 : FF;
17138 : FF;
17139 : FF;
17140 : FF;
17141 : FF;
17142 : FF;
17143 : FF;
17144 : FF;
17145 : FF;
17146 : FF;
17147 : FF;
17148 : FF;
17149 : FF;
17150 : FF;
17151 : FF;
17152 : FF;
17153 : FF;
17154 : FF;
17155 : FF;
17156 : FF;
17157 : FF;
17158 : FF;
17159 : FF;
17160 : FF;
17161 : FF;
17162 : FF;
17163 : FF;
17164 : FF;
17165 : FF;
17166 : DB;
17167 : DB;
17168 : DB;
17169 : DB;
17170 : DB;
17171 : DB;
17172 : DB;
17173 : DB;
17174 : DB;
17175 : DB;
17176 : DB;
17177 : FB;
17178 : FF;
17179 : FF;
17180 : FF;
17181 : FF;
17182 : FF;
17183 : FF;
17184 : FF;
17185 : FF;
17186 : FF;
17187 : FF;
17188 : FF;
17189 : FF;
17190 : FF;
17191 : FF;
17192 : FF;
17193 : FF;
17194 : FF;
17195 : FF;
17196 : FF;
17197 : FF;
17198 : FF;
17199 : FF;
17200 : FF;
17201 : FB;
17202 : DB;
17203 : DB;
17204 : D6;
17205 : B6;
17206 : B6;
17207 : B6;
17208 : 92;
17209 : 8D;
17210 : 91;
17211 : B6;
17212 : B6;
17213 : B6;
17214 : 92;
17215 : 92;
17216 : B6;
17217 : FF;
17218 : FF;
17219 : FF;
17220 : FF;
17221 : FF;
17222 : FF;
17223 : FF;
17224 : FF;
17225 : FF;
17226 : FF;
17227 : FF;
17228 : FF;
17229 : FF;
17230 : FF;
17231 : FF;
17232 : FF;
17233 : FF;
17234 : FF;
17235 : FF;
17236 : FF;
17237 : FF;
17238 : FF;
17239 : FF;
17240 : FF;
17241 : FF;
17242 : FF;
17243 : FF;
17244 : FF;
17245 : FF;
17246 : FF;
17247 : FF;
17248 : FF;
17249 : FF;
17250 : FF;
17251 : FF;
17252 : FF;
17253 : FF;
17254 : FF;
17255 : FF;
17256 : FF;
17257 : FF;
17258 : FF;
17259 : FF;
17260 : FF;
17261 : FF;
17262 : FF;
17263 : FF;
17264 : FF;
17265 : FF;
17266 : FF;
17267 : FF;
17268 : FF;
17269 : FF;
17270 : FF;
17271 : FF;
17272 : FF;
17273 : FF;
17274 : FF;
17275 : FF;
17276 : FF;
17277 : FF;
17278 : FF;
17279 : FF;
17280 : FF;
17281 : FF;
17282 : FF;
17283 : FF;
17284 : FF;
17285 : FF;
17286 : FF;
17287 : FF;
17288 : FF;
17289 : FF;
17290 : FF;
17291 : FF;
17292 : FF;
17293 : FF;
17294 : FF;
17295 : FF;
17296 : FF;
17297 : FF;
17298 : FF;
17299 : FF;
17300 : FF;
17301 : FF;
17302 : FF;
17303 : FF;
17304 : FF;
17305 : FF;
17306 : FF;
17307 : FF;
17308 : FF;
17309 : FF;
17310 : FF;
17311 : FF;
17312 : FF;
17313 : FF;
17314 : FF;
17315 : FF;
17316 : FF;
17317 : FF;
17318 : FF;
17319 : FF;
17320 : FF;
17321 : FF;
17322 : FF;
17323 : FF;
17324 : FF;
17325 : FF;
17326 : FF;
17327 : DB;
17328 : DB;
17329 : DB;
17330 : DB;
17331 : DB;
17332 : DB;
17333 : DB;
17334 : DB;
17335 : DB;
17336 : DB;
17337 : DB;
17338 : DB;
17339 : FF;
17340 : FF;
17341 : FF;
17342 : FF;
17343 : FF;
17344 : FF;
17345 : FF;
17346 : FF;
17347 : FF;
17348 : FF;
17349 : FF;
17350 : FF;
17351 : FF;
17352 : FF;
17353 : FF;
17354 : FF;
17355 : FF;
17356 : FF;
17357 : FF;
17358 : FF;
17359 : FF;
17360 : FF;
17361 : FF;
17362 : FF;
17363 : FF;
17364 : DB;
17365 : DB;
17366 : DB;
17367 : DB;
17368 : B6;
17369 : B6;
17370 : B6;
17371 : DA;
17372 : DB;
17373 : DB;
17374 : DB;
17375 : DB;
17376 : FF;
17377 : FF;
17378 : FF;
17379 : FF;
17380 : FF;
17381 : FF;
17382 : FF;
17383 : FF;
17384 : FF;
17385 : FF;
17386 : FF;
17387 : FF;
17388 : FF;
17389 : FF;
17390 : FF;
17391 : FF;
17392 : FF;
17393 : FF;
17394 : FF;
17395 : FF;
17396 : FF;
17397 : FF;
17398 : FF;
17399 : FF;
17400 : FF;
17401 : FF;
17402 : FF;
17403 : FF;
17404 : FF;
17405 : FF;
17406 : FF;
17407 : FF;
17408 : FF;
17409 : FF;
17410 : FF;
17411 : FF;
17412 : FF;
17413 : FF;
17414 : FF;
17415 : FF;
17416 : FF;
17417 : FF;
17418 : FF;
17419 : FF;
17420 : FF;
17421 : FF;
17422 : FF;
17423 : FF;
17424 : FF;
17425 : FF;
17426 : FF;
17427 : FF;
17428 : FF;
17429 : FF;
17430 : FF;
17431 : FF;
17432 : FF;
17433 : FF;
17434 : FF;
17435 : FF;
17436 : FF;
17437 : FF;
17438 : FF;
17439 : FF;
17440 : FF;
17441 : FF;
17442 : FF;
17443 : FF;
17444 : FF;
17445 : FF;
17446 : FF;
17447 : FF;
17448 : FF;
17449 : FF;
17450 : FF;
17451 : FF;
17452 : FF;
17453 : FF;
17454 : FF;
17455 : FF;
17456 : FF;
17457 : FF;
17458 : FF;
17459 : FF;
17460 : FF;
17461 : FF;
17462 : FF;
17463 : FF;
17464 : FF;
17465 : FF;
17466 : FF;
17467 : FF;
17468 : FF;
17469 : FF;
17470 : FF;
17471 : FF;
17472 : FF;
17473 : FF;
17474 : FF;
17475 : FF;
17476 : FF;
17477 : FF;
17478 : FF;
17479 : FF;
17480 : FF;
17481 : FF;
17482 : FF;
17483 : FF;
17484 : FF;
17485 : FF;
17486 : DB;
17487 : DB;
17488 : DB;
17489 : DB;
17490 : DB;
17491 : DB;
17492 : DB;
17493 : DB;
17494 : DB;
17495 : DB;
17496 : DB;
17497 : DB;
17498 : DF;
17499 : FF;
17500 : FF;
17501 : FF;
17502 : FF;
17503 : FF;
17504 : FF;
17505 : FF;
17506 : FF;
17507 : FF;
17508 : FF;
17509 : FF;
17510 : FF;
17511 : FF;
17512 : FF;
17513 : FF;
17514 : FF;
17515 : FF;
17516 : FF;
17517 : FF;
17518 : FF;
17519 : FF;
17520 : FF;
17521 : FF;
17522 : FF;
17523 : FF;
17524 : FF;
17525 : FF;
17526 : FF;
17527 : FF;
17528 : FF;
17529 : FF;
17530 : FF;
17531 : FF;
17532 : FF;
17533 : FF;
17534 : FF;
17535 : FF;
17536 : FF;
17537 : FF;
17538 : FF;
17539 : FF;
17540 : FF;
17541 : FF;
17542 : FF;
17543 : FF;
17544 : FF;
17545 : FF;
17546 : FF;
17547 : FF;
17548 : FF;
17549 : FF;
17550 : FF;
17551 : FF;
17552 : FF;
17553 : FF;
17554 : FF;
17555 : FF;
17556 : FF;
17557 : FF;
17558 : FF;
17559 : FF;
17560 : FF;
17561 : FF;
17562 : FF;
17563 : FF;
17564 : FF;
17565 : FF;
17566 : FF;
17567 : FF;
17568 : FF;
17569 : FF;
17570 : FF;
17571 : FF;
17572 : FF;
17573 : FF;
17574 : FF;
17575 : FF;
17576 : FF;
17577 : FF;
17578 : FF;
17579 : FF;
17580 : FF;
17581 : FF;
17582 : FF;
17583 : FF;
17584 : FF;
17585 : FF;
17586 : FF;
17587 : FF;
17588 : FF;
17589 : FF;
17590 : FF;
17591 : FF;
17592 : FF;
17593 : FF;
17594 : FF;
17595 : FF;
17596 : FF;
17597 : FF;
17598 : FF;
17599 : FF;
17600 : FF;
17601 : FF;
17602 : FF;
17603 : FF;
17604 : FF;
17605 : FF;
17606 : FF;
17607 : FF;
17608 : FF;
17609 : FF;
17610 : FF;
17611 : FF;
17612 : FF;
17613 : FF;
17614 : FF;
17615 : FF;
17616 : FF;
17617 : FF;
17618 : FF;
17619 : FF;
17620 : FF;
17621 : FF;
17622 : FF;
17623 : FF;
17624 : FF;
17625 : FF;
17626 : FF;
17627 : FF;
17628 : FF;
17629 : FF;
17630 : FF;
17631 : FF;
17632 : FF;
17633 : FF;
17634 : FF;
17635 : FF;
17636 : FF;
17637 : FF;
17638 : FF;
17639 : FF;
17640 : FF;
17641 : FF;
17642 : FF;
17643 : FF;
17644 : FF;
17645 : DB;
17646 : DB;
17647 : DB;
17648 : DB;
17649 : DA;
17650 : DA;
17651 : DB;
17652 : DB;
17653 : DB;
17654 : B6;
17655 : B6;
17656 : DB;
17657 : DB;
17658 : DB;
17659 : DF;
17660 : FF;
17661 : FF;
17662 : FF;
17663 : FF;
17664 : FF;
17665 : FF;
17666 : FF;
17667 : FF;
17668 : FF;
17669 : FF;
17670 : FF;
17671 : FF;
17672 : FF;
17673 : FF;
17674 : FF;
17675 : FF;
17676 : FF;
17677 : FF;
17678 : FF;
17679 : FF;
17680 : FF;
17681 : FF;
17682 : FF;
17683 : FF;
17684 : FF;
17685 : FF;
17686 : FF;
17687 : FF;
17688 : FF;
17689 : FF;
17690 : FF;
17691 : FF;
17692 : FF;
17693 : FF;
17694 : FF;
17695 : FF;
17696 : FF;
17697 : FF;
17698 : FF;
17699 : FF;
17700 : FF;
17701 : FF;
17702 : FF;
17703 : FF;
17704 : FF;
17705 : FF;
17706 : FF;
17707 : FF;
17708 : FF;
17709 : FF;
17710 : FF;
17711 : FF;
17712 : FF;
17713 : FF;
17714 : FF;
17715 : FF;
17716 : FF;
17717 : FF;
17718 : FF;
17719 : FF;
17720 : FF;
17721 : FF;
17722 : FF;
17723 : FF;
17724 : FF;
17725 : FF;
17726 : FF;
17727 : FF;
17728 : FF;
17729 : FF;
17730 : FF;
17731 : FF;
17732 : FF;
17733 : FF;
17734 : FF;
17735 : FF;
17736 : FF;
17737 : FF;
17738 : FF;
17739 : FF;
17740 : FF;
17741 : FF;
17742 : FF;
17743 : FF;
17744 : FF;
17745 : FF;
17746 : FF;
17747 : FF;
17748 : FF;
17749 : FF;
17750 : FF;
17751 : FF;
17752 : FF;
17753 : FF;
17754 : FF;
17755 : FF;
17756 : FF;
17757 : FF;
17758 : FF;
17759 : FF;
17760 : FF;
17761 : FF;
17762 : FF;
17763 : FF;
17764 : FF;
17765 : FF;
17766 : FF;
17767 : FF;
17768 : FF;
17769 : FF;
17770 : FF;
17771 : FF;
17772 : FF;
17773 : FF;
17774 : FF;
17775 : FF;
17776 : FF;
17777 : FF;
17778 : FF;
17779 : FF;
17780 : FF;
17781 : FF;
17782 : FF;
17783 : FF;
17784 : FF;
17785 : FF;
17786 : FF;
17787 : FF;
17788 : FF;
17789 : FF;
17790 : FF;
17791 : FF;
17792 : FF;
17793 : FF;
17794 : FF;
17795 : FF;
17796 : FF;
17797 : FF;
17798 : FF;
17799 : FF;
17800 : FF;
17801 : FF;
17802 : FF;
17803 : FF;
17804 : FF;
17805 : DB;
17806 : DB;
17807 : DB;
17808 : DB;
17809 : B6;
17810 : B6;
17811 : DB;
17812 : DB;
17813 : DB;
17814 : B6;
17815 : B6;
17816 : DB;
17817 : DB;
17818 : DB;
17819 : DB;
17820 : DB;
17821 : FF;
17822 : FF;
17823 : FF;
17824 : FF;
17825 : FF;
17826 : FF;
17827 : FF;
17828 : FF;
17829 : FF;
17830 : FF;
17831 : FF;
17832 : FF;
17833 : FF;
17834 : FF;
17835 : FF;
17836 : FF;
17837 : FF;
17838 : FF;
17839 : FF;
17840 : FF;
17841 : FF;
17842 : FF;
17843 : FF;
17844 : FF;
17845 : FF;
17846 : FF;
17847 : FF;
17848 : FF;
17849 : FF;
17850 : FF;
17851 : FF;
17852 : FF;
17853 : FF;
17854 : FF;
17855 : FF;
17856 : FF;
17857 : FF;
17858 : FF;
17859 : FF;
17860 : FF;
17861 : FF;
17862 : FF;
17863 : FF;
17864 : FF;
17865 : FF;
17866 : FF;
17867 : FF;
17868 : FF;
17869 : FF;
17870 : FF;
17871 : FF;
17872 : FF;
17873 : FF;
17874 : FF;
17875 : FF;
17876 : FF;
17877 : FF;
17878 : FF;
17879 : FF;
17880 : FF;
17881 : FF;
17882 : FF;
17883 : FF;
17884 : FF;
17885 : FF;
17886 : FF;
17887 : FF;
17888 : FF;
17889 : FF;
17890 : FF;
17891 : FF;
17892 : FF;
17893 : FF;
17894 : FF;
17895 : FF;
17896 : FF;
17897 : FF;
17898 : FF;
17899 : FF;
17900 : FF;
17901 : FF;
17902 : FF;
17903 : FF;
17904 : FF;
17905 : FF;
17906 : FF;
17907 : FF;
17908 : FF;
17909 : FF;
17910 : FF;
17911 : FF;
17912 : FF;
17913 : FF;
17914 : FF;
17915 : FF;
17916 : FF;
17917 : FF;
17918 : FF;
17919 : FF;
17920 : FF;
17921 : FF;
17922 : FF;
17923 : FF;
17924 : FF;
17925 : FF;
17926 : FF;
17927 : FF;
17928 : FF;
17929 : FF;
17930 : FF;
17931 : FF;
17932 : FF;
17933 : FF;
17934 : FF;
17935 : FF;
17936 : FF;
17937 : FF;
17938 : FF;
17939 : FF;
17940 : FF;
17941 : FF;
17942 : FF;
17943 : FF;
17944 : FF;
17945 : FF;
17946 : FF;
17947 : FF;
17948 : FF;
17949 : FF;
17950 : FF;
17951 : FF;
17952 : FF;
17953 : FF;
17954 : FF;
17955 : FF;
17956 : FF;
17957 : FF;
17958 : FF;
17959 : FF;
17960 : FF;
17961 : FF;
17962 : FF;
17963 : FF;
17964 : FF;
17965 : FF;
17966 : DB;
17967 : DB;
17968 : B6;
17969 : 92;
17970 : 92;
17971 : DA;
17972 : DB;
17973 : DA;
17974 : 92;
17975 : B6;
17976 : DB;
17977 : DB;
17978 : DB;
17979 : DB;
17980 : DA;
17981 : DB;
17982 : FF;
17983 : FF;
17984 : FF;
17985 : FF;
17986 : FF;
17987 : FF;
17988 : FF;
17989 : FF;
17990 : FF;
17991 : FF;
17992 : FF;
17993 : FF;
17994 : FF;
17995 : FF;
17996 : FF;
17997 : FF;
17998 : FF;
17999 : FF;
18000 : FF;
18001 : FF;
18002 : FF;
18003 : FF;
18004 : FF;
18005 : FF;
18006 : FF;
18007 : FF;
18008 : FF;
18009 : FF;
18010 : FF;
18011 : FF;
18012 : FF;
18013 : FF;
18014 : FF;
18015 : FF;
18016 : FF;
18017 : FF;
18018 : FF;
18019 : FF;
18020 : FF;
18021 : FF;
18022 : FF;
18023 : FF;
18024 : FF;
18025 : FF;
18026 : FF;
18027 : FF;
18028 : FF;
18029 : FF;
18030 : FF;
18031 : FF;
18032 : FF;
18033 : FF;
18034 : FF;
18035 : FF;
18036 : FF;
18037 : FF;
18038 : FF;
18039 : FF;
18040 : FF;
18041 : FF;
18042 : FF;
18043 : FF;
18044 : FF;
18045 : FF;
18046 : FF;
18047 : FF;
18048 : FF;
18049 : FF;
18050 : FF;
18051 : FF;
18052 : FF;
18053 : FF;
18054 : FF;
18055 : FF;
18056 : FF;
18057 : FF;
18058 : FF;
18059 : FF;
18060 : FF;
18061 : FF;
18062 : FF;
18063 : FF;
18064 : FF;
18065 : FF;
18066 : FF;
18067 : FF;
18068 : FF;
18069 : FF;
18070 : FF;
18071 : FF;
18072 : FF;
18073 : FF;
18074 : FF;
18075 : FF;
18076 : FF;
18077 : FF;
18078 : FF;
18079 : FF;
18080 : FF;
18081 : FF;
18082 : FF;
18083 : FF;
18084 : FF;
18085 : FF;
18086 : FF;
18087 : FF;
18088 : FF;
18089 : FF;
18090 : FF;
18091 : FF;
18092 : FF;
18093 : FF;
18094 : FF;
18095 : FF;
18096 : FF;
18097 : FF;
18098 : FF;
18099 : FF;
18100 : FF;
18101 : FF;
18102 : FF;
18103 : FF;
18104 : FF;
18105 : FF;
18106 : FF;
18107 : FF;
18108 : FF;
18109 : FF;
18110 : FF;
18111 : FF;
18112 : FF;
18113 : FF;
18114 : FF;
18115 : FF;
18116 : FF;
18117 : FF;
18118 : FF;
18119 : FF;
18120 : FF;
18121 : FF;
18122 : FF;
18123 : FF;
18124 : FF;
18125 : DB;
18126 : DB;
18127 : B6;
18128 : 92;
18129 : 6D;
18130 : 92;
18131 : DA;
18132 : DB;
18133 : DA;
18134 : 92;
18135 : 92;
18136 : DB;
18137 : DB;
18138 : DB;
18139 : B6;
18140 : 92;
18141 : B6;
18142 : FF;
18143 : FF;
18144 : FF;
18145 : FF;
18146 : FF;
18147 : FF;
18148 : FF;
18149 : FF;
18150 : FF;
18151 : FF;
18152 : FF;
18153 : FF;
18154 : FF;
18155 : FF;
18156 : FF;
18157 : FF;
18158 : FF;
18159 : FF;
18160 : FF;
18161 : FF;
18162 : FF;
18163 : FF;
18164 : FF;
18165 : FF;
18166 : FF;
18167 : FF;
18168 : FF;
18169 : FF;
18170 : FF;
18171 : FF;
18172 : FF;
18173 : FF;
18174 : FF;
18175 : FF;
18176 : FF;
18177 : FF;
18178 : FF;
18179 : FF;
18180 : FF;
18181 : FF;
18182 : FF;
18183 : FF;
18184 : FF;
18185 : FF;
18186 : FF;
18187 : FF;
18188 : FF;
18189 : FF;
18190 : FF;
18191 : FF;
18192 : FF;
18193 : FF;
18194 : FF;
18195 : FF;
18196 : FF;
18197 : FF;
18198 : FF;
18199 : FF;
18200 : FF;
18201 : FF;
18202 : FF;
18203 : FF;
18204 : FF;
18205 : FF;
18206 : FF;
18207 : FF;
18208 : FF;
18209 : FF;
18210 : FF;
18211 : FF;
18212 : FF;
18213 : FF;
18214 : FF;
18215 : FF;
18216 : FF;
18217 : FF;
18218 : FF;
18219 : FF;
18220 : FF;
18221 : FF;
18222 : FF;
18223 : FF;
18224 : FF;
18225 : FF;
18226 : FF;
18227 : FF;
18228 : FF;
18229 : FF;
18230 : FF;
18231 : FF;
18232 : FF;
18233 : FF;
18234 : FF;
18235 : FF;
18236 : FF;
18237 : FF;
18238 : FF;
18239 : FF;
18240 : FF;
18241 : FF;
18242 : FF;
18243 : FF;
18244 : FF;
18245 : FF;
18246 : FF;
18247 : FF;
18248 : FF;
18249 : FF;
18250 : FF;
18251 : FF;
18252 : FF;
18253 : FF;
18254 : FF;
18255 : FF;
18256 : FF;
18257 : FF;
18258 : FF;
18259 : FF;
18260 : FF;
18261 : FF;
18262 : FF;
18263 : FF;
18264 : FF;
18265 : FF;
18266 : FF;
18267 : FF;
18268 : FF;
18269 : FF;
18270 : FF;
18271 : FF;
18272 : FF;
18273 : FF;
18274 : FF;
18275 : FF;
18276 : FF;
18277 : FF;
18278 : FF;
18279 : FF;
18280 : FF;
18281 : FF;
18282 : FF;
18283 : FF;
18284 : FF;
18285 : DB;
18286 : DB;
18287 : 92;
18288 : 4D;
18289 : 49;
18290 : 92;
18291 : DA;
18292 : DB;
18293 : DB;
18294 : B6;
18295 : B6;
18296 : DA;
18297 : DB;
18298 : DB;
18299 : B6;
18300 : B6;
18301 : DA;
18302 : FF;
18303 : FF;
18304 : FF;
18305 : FF;
18306 : FF;
18307 : FF;
18308 : FF;
18309 : FF;
18310 : FF;
18311 : FF;
18312 : FF;
18313 : FF;
18314 : FF;
18315 : FF;
18316 : FF;
18317 : FF;
18318 : FF;
18319 : FF;
18320 : FF;
18321 : FF;
18322 : FF;
18323 : FF;
18324 : FF;
18325 : FF;
18326 : FF;
18327 : FF;
18328 : FF;
18329 : FF;
18330 : FF;
18331 : FF;
18332 : FF;
18333 : FF;
18334 : FF;
18335 : FF;
18336 : FF;
18337 : FF;
18338 : FF;
18339 : FF;
18340 : FF;
18341 : FF;
18342 : FF;
18343 : FF;
18344 : FF;
18345 : FF;
18346 : FF;
18347 : FF;
18348 : FF;
18349 : FF;
18350 : FF;
18351 : FF;
18352 : FF;
18353 : FF;
18354 : FF;
18355 : FF;
18356 : FF;
18357 : FF;
18358 : FF;
18359 : FF;
18360 : FF;
18361 : FF;
18362 : FF;
18363 : FF;
18364 : FF;
18365 : FF;
18366 : FF;
18367 : FF;
18368 : FF;
18369 : FF;
18370 : FF;
18371 : FF;
18372 : FF;
18373 : FF;
18374 : FF;
18375 : FF;
18376 : FF;
18377 : FF;
18378 : FF;
18379 : FF;
18380 : FF;
18381 : FF;
18382 : FF;
18383 : FF;
18384 : FF;
18385 : FF;
18386 : FF;
18387 : FF;
18388 : FF;
18389 : FF;
18390 : FF;
18391 : FF;
18392 : FF;
18393 : FF;
18394 : FF;
18395 : FF;
18396 : FF;
18397 : FF;
18398 : FF;
18399 : FF;
18400 : FF;
18401 : FF;
18402 : FF;
18403 : FF;
18404 : FF;
18405 : FF;
18406 : FF;
18407 : FF;
18408 : FF;
18409 : FF;
18410 : FF;
18411 : FF;
18412 : FF;
18413 : FF;
18414 : FF;
18415 : FF;
18416 : FF;
18417 : FF;
18418 : FF;
18419 : FF;
18420 : FF;
18421 : FF;
18422 : FF;
18423 : FF;
18424 : FF;
18425 : FF;
18426 : FF;
18427 : FF;
18428 : FF;
18429 : FF;
18430 : FF;
18431 : FF;
18432 : FF;
18433 : FF;
18434 : FF;
18435 : FF;
18436 : FF;
18437 : FF;
18438 : FF;
18439 : FF;
18440 : FF;
18441 : FF;
18442 : FF;
18443 : FF;
18444 : FF;
18445 : FF;
18446 : DB;
18447 : B6;
18448 : 91;
18449 : 6D;
18450 : 92;
18451 : B6;
18452 : B6;
18453 : B6;
18454 : 92;
18455 : 92;
18456 : B6;
18457 : DA;
18458 : DB;
18459 : DB;
18460 : DB;
18461 : FF;
18462 : FF;
18463 : FF;
18464 : FF;
18465 : FF;
18466 : FF;
18467 : FF;
18468 : FF;
18469 : FF;
18470 : FF;
18471 : FF;
18472 : FF;
18473 : FF;
18474 : FF;
18475 : FF;
18476 : FF;
18477 : FF;
18478 : FF;
18479 : FF;
18480 : FF;
18481 : FF;
18482 : FF;
18483 : FF;
18484 : FF;
18485 : FF;
18486 : FF;
18487 : FF;
18488 : FF;
18489 : FF;
18490 : FF;
18491 : FF;
18492 : FF;
18493 : FF;
18494 : FF;
18495 : FF;
18496 : FF;
18497 : FF;
18498 : FF;
18499 : FF;
18500 : FF;
18501 : FF;
18502 : FF;
18503 : FF;
18504 : FF;
18505 : FF;
18506 : FF;
18507 : FF;
18508 : FF;
18509 : FF;
18510 : FF;
18511 : FF;
18512 : FF;
18513 : FF;
18514 : FF;
18515 : FF;
18516 : FF;
18517 : FF;
18518 : FF;
18519 : FF;
18520 : FF;
18521 : FF;
18522 : FF;
18523 : FF;
18524 : FF;
18525 : FF;
18526 : FF;
18527 : FF;
18528 : FF;
18529 : FF;
18530 : FF;
18531 : FF;
18532 : FF;
18533 : FF;
18534 : FF;
18535 : FF;
18536 : FF;
18537 : FF;
18538 : FF;
18539 : FF;
18540 : FF;
18541 : FF;
18542 : FF;
18543 : FF;
18544 : FF;
18545 : FF;
18546 : FF;
18547 : FF;
18548 : FF;
18549 : FF;
18550 : FF;
18551 : FF;
18552 : FF;
18553 : FF;
18554 : FF;
18555 : FF;
18556 : FF;
18557 : FF;
18558 : FF;
18559 : FF;
18560 : FF;
18561 : FF;
18562 : FF;
18563 : FF;
18564 : FF;
18565 : FF;
18566 : FF;
18567 : FF;
18568 : FF;
18569 : FF;
18570 : FF;
18571 : FF;
18572 : FF;
18573 : FF;
18574 : FF;
18575 : FF;
18576 : FF;
18577 : FF;
18578 : FF;
18579 : FF;
18580 : FF;
18581 : FF;
18582 : FF;
18583 : FF;
18584 : FF;
18585 : FF;
18586 : FF;
18587 : FF;
18588 : FF;
18589 : FF;
18590 : FF;
18591 : FF;
18592 : FF;
18593 : FF;
18594 : FF;
18595 : FF;
18596 : FF;
18597 : FF;
18598 : FF;
18599 : FF;
18600 : FF;
18601 : FF;
18602 : FF;
18603 : FF;
18604 : FF;
18605 : FF;
18606 : FF;
18607 : DB;
18608 : DB;
18609 : B6;
18610 : B6;
18611 : B6;
18612 : B6;
18613 : 92;
18614 : 6D;
18615 : 91;
18616 : B6;
18617 : DA;
18618 : DB;
18619 : FF;
18620 : FF;
18621 : FF;
18622 : FF;
18623 : FF;
18624 : FF;
18625 : FF;
18626 : FF;
18627 : FF;
18628 : FF;
18629 : FF;
18630 : FF;
18631 : FF;
18632 : FF;
18633 : FF;
18634 : FF;
18635 : FF;
18636 : FF;
18637 : FF;
18638 : FF;
18639 : FF;
18640 : FF;
18641 : FF;
18642 : FF;
18643 : FF;
18644 : FF;
18645 : FF;
18646 : FF;
18647 : FF;
18648 : FF;
18649 : FF;
18650 : FF;
18651 : FF;
18652 : FF;
18653 : FF;
18654 : FF;
18655 : FF;
18656 : FF;
18657 : FF;
18658 : FF;
18659 : FF;
18660 : FF;
18661 : FF;
18662 : FF;
18663 : FF;
18664 : FF;
18665 : FF;
18666 : FF;
18667 : FF;
18668 : FF;
18669 : FF;
18670 : FF;
18671 : FF;
18672 : FF;
18673 : FF;
18674 : FF;
18675 : FF;
18676 : FF;
18677 : FF;
18678 : FF;
18679 : FF;
18680 : FF;
18681 : FF;
18682 : FF;
18683 : FF;
18684 : FF;
18685 : FF;
18686 : FF;
18687 : FF;
18688 : FF;
18689 : FF;
18690 : FF;
18691 : FF;
18692 : FF;
18693 : FF;
18694 : FF;
18695 : FF;
18696 : FF;
18697 : FF;
18698 : FF;
18699 : FF;
18700 : FF;
18701 : FF;
18702 : FF;
18703 : FF;
18704 : FF;
18705 : FF;
18706 : FF;
18707 : FF;
18708 : FF;
18709 : FF;
18710 : FF;
18711 : FF;
18712 : FF;
18713 : FF;
18714 : FF;
18715 : FF;
18716 : FF;
18717 : FF;
18718 : FF;
18719 : FF;
18720 : FF;
18721 : FF;
18722 : FF;
18723 : FF;
18724 : FF;
18725 : FF;
18726 : FF;
18727 : FF;
18728 : FF;
18729 : FF;
18730 : FF;
18731 : FF;
18732 : FF;
18733 : FF;
18734 : FF;
18735 : FF;
18736 : FF;
18737 : FF;
18738 : FF;
18739 : FF;
18740 : FF;
18741 : FF;
18742 : FF;
18743 : FF;
18744 : FF;
18745 : FF;
18746 : FF;
18747 : FF;
18748 : FF;
18749 : FF;
18750 : FF;
18751 : FF;
18752 : FF;
18753 : FF;
18754 : FF;
18755 : FF;
18756 : FF;
18757 : FF;
18758 : FF;
18759 : FF;
18760 : FF;
18761 : FF;
18762 : FF;
18763 : FF;
18764 : FF;
18765 : FF;
18766 : FF;
18767 : FF;
18768 : FF;
18769 : FF;
18770 : DB;
18771 : DB;
18772 : DB;
18773 : B6;
18774 : 92;
18775 : B6;
18776 : DB;
18777 : DB;
18778 : FF;
18779 : FF;
18780 : FF;
18781 : FF;
18782 : FF;
18783 : FF;
18784 : FF;
18785 : FF;
18786 : FF;
18787 : FF;
18788 : FF;
18789 : FF;
18790 : FF;
18791 : FF;
18792 : FF;
18793 : FF;
18794 : FF;
18795 : FF;
18796 : FF;
18797 : FF;
18798 : FF;
18799 : FF;
18800 : FF;
18801 : FF;
18802 : FF;
18803 : FF;
18804 : FF;
18805 : FF;
18806 : FF;
18807 : FF;
18808 : FF;
18809 : FF;
18810 : FF;
18811 : FF;
18812 : FF;
18813 : FF;
18814 : FF;
18815 : FF;
18816 : FF;
18817 : FF;
18818 : FF;
18819 : FF;
18820 : FF;
18821 : FF;
18822 : FF;
18823 : FF;
18824 : FF;
18825 : FF;
18826 : FF;
18827 : FF;
18828 : FF;
18829 : FF;
18830 : FF;
18831 : FF;
18832 : FF;
18833 : FF;
18834 : FF;
18835 : FF;
18836 : FF;
18837 : FF;
18838 : FF;
18839 : FF;
18840 : FF;
18841 : FF;
18842 : FF;
18843 : FF;
18844 : FF;
18845 : FF;
18846 : FF;
18847 : FF;
18848 : FF;
18849 : FF;
18850 : FF;
18851 : FF;
18852 : FF;
18853 : FF;
18854 : FF;
18855 : FF;
18856 : FF;
18857 : FF;
18858 : FF;
18859 : FF;
18860 : FF;
18861 : FF;
18862 : FF;
18863 : FF;
18864 : FF;
18865 : FF;
18866 : FF;
18867 : FF;
18868 : FF;
18869 : FF;
18870 : FF;
18871 : FF;
18872 : FF;
18873 : FF;
18874 : FF;
18875 : FF;
18876 : FF;
18877 : FF;
18878 : FF;
18879 : FF;
18880 : FF;
18881 : FF;
18882 : FF;
18883 : FF;
18884 : FF;
18885 : FF;
18886 : FF;
18887 : FF;
18888 : FF;
18889 : FF;
18890 : FF;
18891 : FF;
18892 : FF;
18893 : FF;
18894 : FF;
18895 : FF;
18896 : FF;
18897 : FF;
18898 : FF;
18899 : FF;
18900 : FF;
18901 : FF;
18902 : FF;
18903 : FF;
18904 : FF;
18905 : FF;
18906 : FF;
18907 : FF;
18908 : FF;
18909 : FF;
18910 : FF;
18911 : FF;
18912 : FF;
18913 : FF;
18914 : FF;
18915 : FF;
18916 : FF;
18917 : FF;
18918 : FF;
18919 : FF;
18920 : FF;
18921 : FF;
18922 : FF;
18923 : FF;
18924 : FF;
18925 : FF;
18926 : FF;
18927 : FF;
18928 : FF;
18929 : FF;
18930 : FF;
18931 : FF;
18932 : FF;
18933 : FF;
18934 : FF;
18935 : FF;
18936 : FF;
18937 : FF;
18938 : FF;
18939 : FF;
18940 : FF;
18941 : FF;
18942 : FF;
18943 : FF;
18944 : FF;
18945 : FF;
18946 : FF;
18947 : FF;
18948 : FF;
18949 : FF;
18950 : FF;
18951 : FF;
18952 : FF;
18953 : FF;
18954 : FF;
18955 : FF;
18956 : FF;
18957 : FF;
18958 : FF;
18959 : FF;
18960 : FF;
18961 : FF;
18962 : FF;
18963 : FF;
18964 : FF;
18965 : FF;
18966 : FF;
18967 : FF;
18968 : FF;
18969 : FF;
18970 : FF;
18971 : FF;
18972 : FF;
18973 : FF;
18974 : FF;
18975 : FF;
18976 : FF;
18977 : FF;
18978 : FF;
18979 : FF;
18980 : FF;
18981 : FF;
18982 : FF;
18983 : FF;
18984 : FF;
18985 : FF;
18986 : FF;
18987 : FF;
18988 : FF;
18989 : FF;
18990 : FF;
18991 : FF;
18992 : FF;
18993 : FF;
18994 : FF;
18995 : FF;
18996 : FF;
18997 : FF;
18998 : FF;
18999 : FF;
19000 : FF;
19001 : FF;
19002 : FF;
19003 : FF;
19004 : FF;
19005 : FF;
19006 : FF;
19007 : FF;
19008 : FF;
19009 : FF;
19010 : FF;
19011 : FF;
19012 : FF;
19013 : FF;
19014 : FF;
19015 : FF;
19016 : FF;
19017 : FF;
19018 : FF;
19019 : FF;
19020 : FF;
19021 : FF;
19022 : FF;
19023 : FF;
19024 : FF;
19025 : FF;
19026 : FF;
19027 : FF;
19028 : FF;
19029 : FF;
19030 : FF;
19031 : FF;
19032 : FF;
19033 : FF;
19034 : FF;
19035 : FF;
19036 : FF;
19037 : FF;
19038 : FF;
19039 : FF;
19040 : FF;
19041 : FF;
19042 : FF;
19043 : FF;
19044 : FF;
19045 : FF;
19046 : FF;
19047 : FF;
19048 : FF;
19049 : FF;
19050 : FF;
19051 : FF;
19052 : FF;
19053 : FF;
19054 : FF;
19055 : FF;
19056 : FF;
19057 : FF;
19058 : FF;
19059 : FF;
19060 : FF;
19061 : FF;
19062 : FF;
19063 : FF;
19064 : FF;
19065 : FF;
19066 : FF;
19067 : FF;
19068 : FF;
19069 : FF;
19070 : FF;
19071 : FF;
19072 : FF;
19073 : FF;
19074 : FF;
19075 : FF;
19076 : FF;
19077 : FF;
19078 : FF;
19079 : FF;
19080 : FF;
19081 : FF;
19082 : FF;
19083 : FF;
19084 : FF;
19085 : FF;
19086 : FF;
19087 : FF;
19088 : FF;
19089 : FF;
19090 : FF;
19091 : FF;
19092 : FF;
19093 : FF;
19094 : FF;
19095 : FF;
19096 : FF;
19097 : FF;
19098 : FF;
19099 : FF;
19100 : FF;
19101 : FF;
19102 : FF;
19103 : FF;
19104 : FF;
19105 : FF;
19106 : FF;
19107 : FF;
19108 : FF;
19109 : FF;
19110 : FF;
19111 : FF;
19112 : FF;
19113 : FF;
19114 : FF;
19115 : FF;
19116 : FF;
19117 : FF;
19118 : FF;
19119 : FF;
19120 : FF;
19121 : FF;
19122 : FF;
19123 : FF;
19124 : FF;
19125 : FF;
19126 : FF;
19127 : FF;
19128 : FF;
19129 : FF;
19130 : FF;
19131 : FF;
19132 : FF;
19133 : FF;
19134 : FF;
19135 : FF;
19136 : FF;
19137 : FF;
19138 : FF;
19139 : FF;
19140 : FF;
19141 : FF;
19142 : FF;
19143 : FF;
19144 : FF;
19145 : FF;
19146 : FF;
19147 : FF;
19148 : FF;
19149 : FF;
19150 : FF;
19151 : FF;
19152 : FF;
19153 : FF;
19154 : FF;
19155 : FF;
19156 : FF;
19157 : FF;
19158 : FF;
19159 : FF;
19160 : FF;
19161 : FF;
19162 : FF;
19163 : FF;
19164 : FF;
19165 : FF;
19166 : FF;
19167 : FF;
19168 : FF;
19169 : FF;
19170 : FF;
19171 : FF;
19172 : FF;
19173 : FF;
19174 : FF;
19175 : FF;
19176 : FF;
19177 : FF;
19178 : FF;
19179 : FF;
19180 : FF;
19181 : FF;
19182 : FF;
19183 : FF;
19184 : FF;
19185 : FF;
19186 : FF;
19187 : FF;
19188 : FF;
19189 : FF;
19190 : FF;
19191 : FF;
19192 : FF;
19193 : FF;
19194 : FF;
19195 : FF;
19196 : FF;
19197 : FF;
19198 : FF;
19199 : FF;
END;
