-- Memory Initialization File (.mif) para FPGA
-- Formato de cor: RRRGGGBB (8 bits)
DEPTH = 19200;
WIDTH = 8;
ADDRESS_RADIX = DEC;
DATA_RADIX = HEX;
CONTENT BEGIN
    0 : FF;
    1 : FF;
    2 : FF;
    3 : FF;
    4 : FF;
    5 : FF;
    6 : FF;
    7 : FF;
    8 : FF;
    9 : FF;
    10 : FF;
    11 : FF;
    12 : FF;
    13 : FF;
    14 : FF;
    15 : FF;
    16 : FF;
    17 : FF;
    18 : FF;
    19 : FF;
    20 : FF;
    21 : FF;
    22 : FF;
    23 : FF;
    24 : FF;
    25 : FF;
    26 : FF;
    27 : FF;
    28 : FF;
    29 : FF;
    30 : FF;
    31 : FF;
    32 : FF;
    33 : FF;
    34 : FF;
    35 : FF;
    36 : FF;
    37 : FF;
    38 : FF;
    39 : FF;
    40 : FF;
    41 : FF;
    42 : FF;
    43 : FF;
    44 : FF;
    45 : FF;
    46 : FF;
    47 : FF;
    48 : FF;
    49 : FF;
    50 : FF;
    51 : FF;
    52 : FF;
    53 : FF;
    54 : FF;
    55 : FF;
    56 : FF;
    57 : FF;
    58 : FF;
    59 : FF;
    60 : FF;
    61 : FF;
    62 : FF;
    63 : FF;
    64 : FF;
    65 : FF;
    66 : FF;
    67 : FF;
    68 : FF;
    69 : FF;
    70 : FF;
    71 : FF;
    72 : FF;
    73 : FF;
    74 : FF;
    75 : FF;
    76 : FF;
    77 : FF;
    78 : FF;
    79 : FF;
    80 : FF;
    81 : FF;
    82 : FF;
    83 : FF;
    84 : FF;
    85 : FF;
    86 : FF;
    87 : FF;
    88 : FF;
    89 : FF;
    90 : FF;
    91 : FF;
    92 : FF;
    93 : FF;
    94 : FF;
    95 : FF;
    96 : FF;
    97 : FF;
    98 : FF;
    99 : FF;
    100 : FF;
    101 : FF;
    102 : FF;
    103 : FF;
    104 : FF;
    105 : FF;
    106 : FF;
    107 : FF;
    108 : FF;
    109 : FF;
    110 : FF;
    111 : FF;
    112 : FF;
    113 : FF;
    114 : FF;
    115 : FF;
    116 : FF;
    117 : FF;
    118 : FF;
    119 : FF;
    120 : FF;
    121 : FF;
    122 : FF;
    123 : FF;
    124 : FF;
    125 : FF;
    126 : FF;
    127 : FF;
    128 : FF;
    129 : FF;
    130 : FF;
    131 : FF;
    132 : FF;
    133 : FF;
    134 : FF;
    135 : FF;
    136 : FF;
    137 : FF;
    138 : FF;
    139 : FF;
    140 : FF;
    141 : FF;
    142 : FF;
    143 : FF;
    144 : FF;
    145 : FF;
    146 : FF;
    147 : FF;
    148 : FF;
    149 : FF;
    150 : FF;
    151 : FF;
    152 : FF;
    153 : FF;
    154 : FF;
    155 : FF;
    156 : FF;
    157 : FF;
    158 : FF;
    159 : FF;
    160 : B2;
    161 : B1;
    162 : AD;
    163 : A9;
    164 : A8;
    165 : A8;
    166 : A4;
    167 : A8;
    168 : A9;
    169 : A8;
    170 : A4;
    171 : A9;
    172 : A8;
    173 : A8;
    174 : A8;
    175 : A8;
    176 : A8;
    177 : A9;
    178 : A9;
    179 : A8;
    180 : A8;
    181 : A8;
    182 : A4;
    183 : A8;
    184 : A8;
    185 : A4;
    186 : 84;
    187 : A4;
    188 : A8;
    189 : A4;
    190 : A9;
    191 : A8;
    192 : A4;
    193 : A4;
    194 : A4;
    195 : A4;
    196 : A8;
    197 : A9;
    198 : A9;
    199 : A8;
    200 : A8;
    201 : A9;
    202 : A8;
    203 : A9;
    204 : A9;
    205 : A8;
    206 : A8;
    207 : A9;
    208 : A9;
    209 : A9;
    210 : A9;
    211 : A9;
    212 : A9;
    213 : A9;
    214 : A9;
    215 : A9;
    216 : A9;
    217 : A9;
    218 : A8;
    219 : A9;
    220 : A9;
    221 : A8;
    222 : A8;
    223 : A8;
    224 : A9;
    225 : A9;
    226 : A9;
    227 : A9;
    228 : A9;
    229 : C9;
    230 : A9;
    231 : A8;
    232 : A8;
    233 : A8;
    234 : A4;
    235 : A8;
    236 : A4;
    237 : A4;
    238 : A4;
    239 : A8;
    240 : A8;
    241 : A4;
    242 : A8;
    243 : A9;
    244 : A4;
    245 : A4;
    246 : A4;
    247 : A4;
    248 : A8;
    249 : A9;
    250 : A8;
    251 : A9;
    252 : A9;
    253 : A4;
    254 : A8;
    255 : A9;
    256 : A8;
    257 : A9;
    258 : A4;
    259 : A8;
    260 : A8;
    261 : A8;
    262 : A9;
    263 : A8;
    264 : C9;
    265 : C9;
    266 : AD;
    267 : AD;
    268 : CD;
    269 : A9;
    270 : A9;
    271 : C9;
    272 : C9;
    273 : A9;
    274 : C9;
    275 : A9;
    276 : A9;
    277 : A9;
    278 : A9;
    279 : C9;
    280 : C9;
    281 : C9;
    282 : A9;
    283 : A9;
    284 : C9;
    285 : A9;
    286 : A9;
    287 : A9;
    288 : A9;
    289 : A9;
    290 : A8;
    291 : A8;
    292 : A8;
    293 : A8;
    294 : A8;
    295 : C8;
    296 : A8;
    297 : A8;
    298 : A8;
    299 : A8;
    300 : A8;
    301 : C8;
    302 : C9;
    303 : C9;
    304 : A8;
    305 : A8;
    306 : A9;
    307 : A8;
    308 : A9;
    309 : A9;
    310 : A8;
    311 : A9;
    312 : A9;
    313 : A9;
    314 : A9;
    315 : A9;
    316 : C9;
    317 : C9;
    318 : A4;
    319 : A9;
    320 : B6;
    321 : B1;
    322 : A8;
    323 : C0;
    324 : C0;
    325 : C0;
    326 : C4;
    327 : C0;
    328 : C0;
    329 : C5;
    330 : C4;
    331 : C0;
    332 : A0;
    333 : C0;
    334 : A0;
    335 : A0;
    336 : 80;
    337 : A0;
    338 : C0;
    339 : C4;
    340 : C4;
    341 : C0;
    342 : A0;
    343 : C0;
    344 : A0;
    345 : A0;
    346 : C4;
    347 : C4;
    348 : C0;
    349 : A0;
    350 : A0;
    351 : C0;
    352 : C0;
    353 : C4;
    354 : C5;
    355 : C4;
    356 : A0;
    357 : A0;
    358 : C0;
    359 : C5;
    360 : A0;
    361 : A0;
    362 : C0;
    363 : A0;
    364 : A0;
    365 : C0;
    366 : C4;
    367 : C0;
    368 : A0;
    369 : C4;
    370 : A0;
    371 : A0;
    372 : A0;
    373 : C4;
    374 : A0;
    375 : C0;
    376 : A0;
    377 : A0;
    378 : C4;
    379 : A0;
    380 : C0;
    381 : C0;
    382 : C0;
    383 : C4;
    384 : C0;
    385 : C0;
    386 : C0;
    387 : C0;
    388 : C0;
    389 : A0;
    390 : C0;
    391 : C0;
    392 : C0;
    393 : C0;
    394 : E0;
    395 : C0;
    396 : E0;
    397 : E0;
    398 : E4;
    399 : E0;
    400 : E0;
    401 : E4;
    402 : C0;
    403 : C0;
    404 : E4;
    405 : E9;
    406 : E9;
    407 : E9;
    408 : E0;
    409 : E0;
    410 : E9;
    411 : E4;
    412 : E9;
    413 : E9;
    414 : E5;
    415 : E9;
    416 : E9;
    417 : E9;
    418 : ED;
    419 : ED;
    420 : ED;
    421 : ED;
    422 : ED;
    423 : ED;
    424 : CD;
    425 : ED;
    426 : E9;
    427 : C9;
    428 : C9;
    429 : E9;
    430 : ED;
    431 : ED;
    432 : ED;
    433 : ED;
    434 : C9;
    435 : ED;
    436 : E9;
    437 : E9;
    438 : ED;
    439 : ED;
    440 : E9;
    441 : E4;
    442 : E4;
    443 : E5;
    444 : E9;
    445 : E9;
    446 : E9;
    447 : E9;
    448 : E0;
    449 : E0;
    450 : E4;
    451 : E9;
    452 : E4;
    453 : E0;
    454 : E4;
    455 : C0;
    456 : E0;
    457 : E4;
    458 : E9;
    459 : E4;
    460 : E4;
    461 : E5;
    462 : E0;
    463 : C0;
    464 : E0;
    465 : E5;
    466 : C0;
    467 : E4;
    468 : C0;
    469 : E0;
    470 : E5;
    471 : C0;
    472 : E0;
    473 : C0;
    474 : C0;
    475 : C4;
    476 : C0;
    477 : C0;
    478 : E4;
    479 : E0;
    480 : D6;
    481 : 91;
    482 : CD;
    483 : C0;
    484 : C9;
    485 : C4;
    486 : C9;
    487 : F2;
    488 : E5;
    489 : FB;
    490 : F6;
    491 : A4;
    492 : 84;
    493 : C9;
    494 : 80;
    495 : 60;
    496 : 84;
    497 : CD;
    498 : C9;
    499 : C9;
    500 : F6;
    501 : D2;
    502 : A9;
    503 : CD;
    504 : A0;
    505 : A5;
    506 : C9;
    507 : F6;
    508 : ED;
    509 : A9;
    510 : A4;
    511 : C9;
    512 : CD;
    513 : ED;
    514 : FB;
    515 : F2;
    516 : A4;
    517 : 80;
    518 : CD;
    519 : F6;
    520 : A9;
    521 : CD;
    522 : CD;
    523 : 64;
    524 : F2;
    525 : ED;
    526 : F2;
    527 : C9;
    528 : A0;
    529 : A9;
    530 : A9;
    531 : 80;
    532 : CD;
    533 : CD;
    534 : A9;
    535 : F2;
    536 : D2;
    537 : A0;
    538 : CD;
    539 : CD;
    540 : A0;
    541 : A9;
    542 : C9;
    543 : F6;
    544 : F6;
    545 : C9;
    546 : ED;
    547 : F6;
    548 : D2;
    549 : A9;
    550 : F6;
    551 : F2;
    552 : E9;
    553 : C9;
    554 : F2;
    555 : F6;
    556 : C9;
    557 : ED;
    558 : F2;
    559 : ED;
    560 : F2;
    561 : A9;
    562 : AD;
    563 : D2;
    564 : F2;
    565 : F6;
    566 : FF;
    567 : FB;
    568 : C9;
    569 : C5;
    570 : FB;
    571 : FB;
    572 : FB;
    573 : ED;
    574 : F2;
    575 : F2;
    576 : F2;
    577 : ED;
    578 : FB;
    579 : FF;
    580 : FF;
    581 : FF;
    582 : FF;
    583 : D1;
    584 : D2;
    585 : F2;
    586 : E9;
    587 : A4;
    588 : CD;
    589 : FA;
    590 : F6;
    591 : F2;
    592 : FB;
    593 : D6;
    594 : CD;
    595 : FB;
    596 : E9;
    597 : ED;
    598 : F2;
    599 : FB;
    600 : F2;
    601 : E5;
    602 : E9;
    603 : E4;
    604 : F2;
    605 : F2;
    606 : FB;
    607 : F2;
    608 : E9;
    609 : ED;
    610 : F6;
    611 : F2;
    612 : C4;
    613 : E5;
    614 : C4;
    615 : A9;
    616 : F2;
    617 : ED;
    618 : F2;
    619 : E9;
    620 : E9;
    621 : C9;
    622 : E9;
    623 : A0;
    624 : C9;
    625 : F2;
    626 : CD;
    627 : F6;
    628 : ED;
    629 : C5;
    630 : D2;
    631 : ED;
    632 : C4;
    633 : A4;
    634 : C4;
    635 : F6;
    636 : C9;
    637 : C9;
    638 : CD;
    639 : CD;
    640 : B6;
    641 : 91;
    642 : D1;
    643 : C0;
    644 : C5;
    645 : C9;
    646 : C0;
    647 : C0;
    648 : C0;
    649 : C0;
    650 : C0;
    651 : A0;
    652 : C0;
    653 : C0;
    654 : C0;
    655 : C0;
    656 : C0;
    657 : C0;
    658 : A0;
    659 : A0;
    660 : A0;
    661 : A0;
    662 : A0;
    663 : A0;
    664 : A0;
    665 : A0;
    666 : A0;
    667 : A0;
    668 : C0;
    669 : C0;
    670 : C0;
    671 : A0;
    672 : A0;
    673 : A0;
    674 : A0;
    675 : A0;
    676 : A0;
    677 : A0;
    678 : C0;
    679 : A0;
    680 : A0;
    681 : C0;
    682 : A0;
    683 : A0;
    684 : C0;
    685 : A0;
    686 : A0;
    687 : A0;
    688 : A0;
    689 : A0;
    690 : A0;
    691 : A0;
    692 : A0;
    693 : A0;
    694 : A0;
    695 : A0;
    696 : C0;
    697 : A0;
    698 : A0;
    699 : A0;
    700 : A0;
    701 : A0;
    702 : A0;
    703 : A0;
    704 : C0;
    705 : C0;
    706 : C0;
    707 : C0;
    708 : C0;
    709 : C0;
    710 : C0;
    711 : C0;
    712 : C0;
    713 : C0;
    714 : C0;
    715 : C0;
    716 : C0;
    717 : C0;
    718 : C0;
    719 : C0;
    720 : C0;
    721 : C0;
    722 : E0;
    723 : E0;
    724 : C0;
    725 : C0;
    726 : E0;
    727 : E0;
    728 : C0;
    729 : E4;
    730 : C4;
    731 : C4;
    732 : C4;
    733 : E4;
    734 : E9;
    735 : C4;
    736 : E4;
    737 : E5;
    738 : C9;
    739 : C9;
    740 : C9;
    741 : C9;
    742 : C9;
    743 : C9;
    744 : E9;
    745 : E9;
    746 : C9;
    747 : E9;
    748 : ED;
    749 : C9;
    750 : C9;
    751 : C9;
    752 : C9;
    753 : C9;
    754 : C5;
    755 : E5;
    756 : C4;
    757 : E4;
    758 : E4;
    759 : C4;
    760 : E4;
    761 : E4;
    762 : E4;
    763 : C0;
    764 : E4;
    765 : C0;
    766 : C0;
    767 : C0;
    768 : E4;
    769 : E4;
    770 : E0;
    771 : C0;
    772 : C0;
    773 : E0;
    774 : C0;
    775 : E0;
    776 : E0;
    777 : E0;
    778 : E0;
    779 : E0;
    780 : E0;
    781 : C0;
    782 : E0;
    783 : C0;
    784 : C0;
    785 : C0;
    786 : E0;
    787 : C0;
    788 : E0;
    789 : C0;
    790 : C0;
    791 : C0;
    792 : C0;
    793 : C0;
    794 : C0;
    795 : C0;
    796 : C0;
    797 : C0;
    798 : A0;
    799 : C4;
    800 : D6;
    801 : 91;
    802 : CD;
    803 : C0;
    804 : ED;
    805 : FB;
    806 : C0;
    807 : C8;
    808 : D5;
    809 : D1;
    810 : D1;
    811 : AC;
    812 : AC;
    813 : A8;
    814 : 88;
    815 : 88;
    816 : 88;
    817 : 88;
    818 : AC;
    819 : AC;
    820 : AC;
    821 : AC;
    822 : AC;
    823 : AC;
    824 : CC;
    825 : D1;
    826 : D1;
    827 : D6;
    828 : D6;
    829 : D6;
    830 : D6;
    831 : D1;
    832 : D1;
    833 : AC;
    834 : AC;
    835 : A8;
    836 : A8;
    837 : 88;
    838 : A8;
    839 : 88;
    840 : 88;
    841 : 88;
    842 : 88;
    843 : 8C;
    844 : AC;
    845 : AD;
    846 : AD;
    847 : AC;
    848 : AC;
    849 : AC;
    850 : AC;
    851 : B1;
    852 : D1;
    853 : D1;
    854 : D1;
    855 : D5;
    856 : D1;
    857 : D6;
    858 : F6;
    859 : D6;
    860 : D6;
    861 : D6;
    862 : D6;
    863 : D1;
    864 : D1;
    865 : D1;
    866 : D1;
    867 : D1;
    868 : AC;
    869 : AC;
    870 : A8;
    871 : 88;
    872 : 88;
    873 : 88;
    874 : A8;
    875 : A8;
    876 : A8;
    877 : A8;
    878 : A8;
    879 : A8;
    880 : CC;
    881 : CD;
    882 : D1;
    883 : D1;
    884 : F6;
    885 : F6;
    886 : F6;
    887 : F6;
    888 : D1;
    889 : CD;
    890 : CD;
    891 : AC;
    892 : AC;
    893 : AC;
    894 : A8;
    895 : AC;
    896 : 88;
    897 : 88;
    898 : 88;
    899 : 88;
    900 : 88;
    901 : 88;
    902 : 8C;
    903 : 8C;
    904 : 8C;
    905 : AC;
    906 : AC;
    907 : D0;
    908 : D1;
    909 : D1;
    910 : D5;
    911 : D5;
    912 : D5;
    913 : D6;
    914 : FA;
    915 : FA;
    916 : FA;
    917 : FA;
    918 : D6;
    919 : D5;
    920 : D1;
    921 : D1;
    922 : AC;
    923 : AC;
    924 : A8;
    925 : A8;
    926 : A8;
    927 : 88;
    928 : 88;
    929 : A8;
    930 : A8;
    931 : A8;
    932 : A8;
    933 : A8;
    934 : AC;
    935 : AC;
    936 : CC;
    937 : CC;
    938 : D1;
    939 : D1;
    940 : F6;
    941 : F6;
    942 : F6;
    943 : F6;
    944 : D1;
    945 : D1;
    946 : CD;
    947 : CC;
    948 : A8;
    949 : AD;
    950 : AD;
    951 : AD;
    952 : D1;
    953 : D1;
    954 : D6;
    955 : FA;
    956 : C9;
    957 : C0;
    958 : E9;
    959 : E4;
    960 : B1;
    961 : 8D;
    962 : D1;
    963 : C0;
    964 : C0;
    965 : CD;
    966 : C0;
    967 : A8;
    968 : 91;
    969 : 91;
    970 : 8D;
    971 : 8C;
    972 : 6C;
    973 : 6C;
    974 : 68;
    975 : 68;
    976 : 68;
    977 : 68;
    978 : 68;
    979 : 6C;
    980 : 6C;
    981 : 6C;
    982 : 6C;
    983 : 6C;
    984 : 8C;
    985 : 8C;
    986 : 8D;
    987 : B1;
    988 : B6;
    989 : D6;
    990 : B5;
    991 : 91;
    992 : 8C;
    993 : 8C;
    994 : 68;
    995 : 68;
    996 : 68;
    997 : 68;
    998 : 68;
    999 : 68;
    1000 : 68;
    1001 : 68;
    1002 : 68;
    1003 : 6C;
    1004 : 6C;
    1005 : 8C;
    1006 : 8C;
    1007 : 8C;
    1008 : 6C;
    1009 : 6C;
    1010 : 8C;
    1011 : 91;
    1012 : 91;
    1013 : 91;
    1014 : B1;
    1015 : B1;
    1016 : B5;
    1017 : B6;
    1018 : DA;
    1019 : DA;
    1020 : DA;
    1021 : B6;
    1022 : B1;
    1023 : 91;
    1024 : 91;
    1025 : 91;
    1026 : 91;
    1027 : 8C;
    1028 : 8C;
    1029 : 6C;
    1030 : 68;
    1031 : 68;
    1032 : 48;
    1033 : 48;
    1034 : 48;
    1035 : 68;
    1036 : 68;
    1037 : 68;
    1038 : 68;
    1039 : 68;
    1040 : 6C;
    1041 : 6C;
    1042 : 8C;
    1043 : 91;
    1044 : B5;
    1045 : D6;
    1046 : B6;
    1047 : B1;
    1048 : 8D;
    1049 : 8C;
    1050 : 68;
    1051 : 68;
    1052 : 68;
    1053 : 68;
    1054 : 68;
    1055 : 48;
    1056 : 44;
    1057 : 44;
    1058 : 44;
    1059 : 44;
    1060 : 44;
    1061 : 44;
    1062 : 48;
    1063 : 48;
    1064 : 48;
    1065 : 68;
    1066 : 68;
    1067 : 68;
    1068 : 6C;
    1069 : 8C;
    1070 : 8C;
    1071 : 8C;
    1072 : 8D;
    1073 : B1;
    1074 : B5;
    1075 : D6;
    1076 : D6;
    1077 : B6;
    1078 : B1;
    1079 : 8D;
    1080 : 8C;
    1081 : 6C;
    1082 : 68;
    1083 : 68;
    1084 : 68;
    1085 : 48;
    1086 : 48;
    1087 : 44;
    1088 : 44;
    1089 : 44;
    1090 : 44;
    1091 : 44;
    1092 : 48;
    1093 : 48;
    1094 : 68;
    1095 : 68;
    1096 : 68;
    1097 : 6C;
    1098 : 8C;
    1099 : 91;
    1100 : B5;
    1101 : DA;
    1102 : B6;
    1103 : B1;
    1104 : 91;
    1105 : 6C;
    1106 : 6C;
    1107 : 6C;
    1108 : 6C;
    1109 : 6C;
    1110 : 8D;
    1111 : 91;
    1112 : B5;
    1113 : DA;
    1114 : FF;
    1115 : FF;
    1116 : ED;
    1117 : C0;
    1118 : F6;
    1119 : ED;
    1120 : B1;
    1121 : 8D;
    1122 : D1;
    1123 : C0;
    1124 : C4;
    1125 : C9;
    1126 : C0;
    1127 : A8;
    1128 : 71;
    1129 : 71;
    1130 : 71;
    1131 : 71;
    1132 : 71;
    1133 : 6D;
    1134 : 6D;
    1135 : 6D;
    1136 : 6D;
    1137 : 4D;
    1138 : 49;
    1139 : 29;
    1140 : 24;
    1141 : 24;
    1142 : 24;
    1143 : 24;
    1144 : 24;
    1145 : 24;
    1146 : 24;
    1147 : 24;
    1148 : 29;
    1149 : 29;
    1150 : 29;
    1151 : 28;
    1152 : 29;
    1153 : 4D;
    1154 : 6D;
    1155 : 91;
    1156 : 92;
    1157 : B6;
    1158 : B6;
    1159 : 92;
    1160 : 92;
    1161 : 92;
    1162 : 92;
    1163 : 92;
    1164 : 92;
    1165 : 92;
    1166 : 71;
    1167 : 71;
    1168 : 92;
    1169 : 92;
    1170 : 96;
    1171 : 92;
    1172 : 92;
    1173 : 91;
    1174 : 91;
    1175 : 71;
    1176 : 91;
    1177 : 96;
    1178 : 96;
    1179 : 96;
    1180 : 92;
    1181 : 71;
    1182 : 71;
    1183 : 71;
    1184 : 71;
    1185 : 71;
    1186 : 72;
    1187 : 71;
    1188 : 71;
    1189 : 71;
    1190 : 71;
    1191 : 71;
    1192 : 71;
    1193 : 6D;
    1194 : 4D;
    1195 : 49;
    1196 : 49;
    1197 : 49;
    1198 : 29;
    1199 : 29;
    1200 : 24;
    1201 : 29;
    1202 : 29;
    1203 : 29;
    1204 : 29;
    1205 : 29;
    1206 : 29;
    1207 : 25;
    1208 : 25;
    1209 : 29;
    1210 : 24;
    1211 : 24;
    1212 : 24;
    1213 : 24;
    1214 : 24;
    1215 : 24;
    1216 : 24;
    1217 : 24;
    1218 : 29;
    1219 : 29;
    1220 : 29;
    1221 : 28;
    1222 : 28;
    1223 : 49;
    1224 : 6D;
    1225 : 71;
    1226 : 71;
    1227 : 6D;
    1228 : 71;
    1229 : 71;
    1230 : 71;
    1231 : 6D;
    1232 : 71;
    1233 : 92;
    1234 : 96;
    1235 : 96;
    1236 : 92;
    1237 : 96;
    1238 : 92;
    1239 : 92;
    1240 : 92;
    1241 : 71;
    1242 : 6D;
    1243 : 6D;
    1244 : 6D;
    1245 : 6D;
    1246 : 6D;
    1247 : 71;
    1248 : 92;
    1249 : 71;
    1250 : 71;
    1251 : D6;
    1252 : DA;
    1253 : D6;
    1254 : DB;
    1255 : DA;
    1256 : 71;
    1257 : 92;
    1258 : DB;
    1259 : DB;
    1260 : FF;
    1261 : FF;
    1262 : DB;
    1263 : DA;
    1264 : B6;
    1265 : B6;
    1266 : B6;
    1267 : 91;
    1268 : 71;
    1269 : 92;
    1270 : B6;
    1271 : 92;
    1272 : 91;
    1273 : B5;
    1274 : FA;
    1275 : FE;
    1276 : CD;
    1277 : C0;
    1278 : F2;
    1279 : F2;
    1280 : B1;
    1281 : 6C;
    1282 : CD;
    1283 : C0;
    1284 : C4;
    1285 : D2;
    1286 : C0;
    1287 : A9;
    1288 : 72;
    1289 : 71;
    1290 : 6D;
    1291 : 6D;
    1292 : 6D;
    1293 : 4D;
    1294 : 4D;
    1295 : 4D;
    1296 : 4D;
    1297 : 29;
    1298 : 29;
    1299 : 24;
    1300 : 04;
    1301 : 04;
    1302 : 04;
    1303 : 04;
    1304 : 4D;
    1305 : 92;
    1306 : 29;
    1307 : 29;
    1308 : 49;
    1309 : 4D;
    1310 : 4D;
    1311 : 6D;
    1312 : 71;
    1313 : 72;
    1314 : 71;
    1315 : 92;
    1316 : B6;
    1317 : BA;
    1318 : B6;
    1319 : B6;
    1320 : B6;
    1321 : 96;
    1322 : 96;
    1323 : B6;
    1324 : 96;
    1325 : 92;
    1326 : 92;
    1327 : 92;
    1328 : 96;
    1329 : 96;
    1330 : 96;
    1331 : 92;
    1332 : 96;
    1333 : 96;
    1334 : 96;
    1335 : 92;
    1336 : 72;
    1337 : 92;
    1338 : 92;
    1339 : 72;
    1340 : 71;
    1341 : 71;
    1342 : 71;
    1343 : 72;
    1344 : 72;
    1345 : 72;
    1346 : 72;
    1347 : 72;
    1348 : 4D;
    1349 : 4D;
    1350 : 4D;
    1351 : 4D;
    1352 : 29;
    1353 : 29;
    1354 : 29;
    1355 : 05;
    1356 : 04;
    1357 : 04;
    1358 : 04;
    1359 : 04;
    1360 : 04;
    1361 : 04;
    1362 : 04;
    1363 : 04;
    1364 : 04;
    1365 : 04;
    1366 : 04;
    1367 : 04;
    1368 : 04;
    1369 : 04;
    1370 : 04;
    1371 : 04;
    1372 : 05;
    1373 : 05;
    1374 : 25;
    1375 : 25;
    1376 : 25;
    1377 : 25;
    1378 : 25;
    1379 : 25;
    1380 : 29;
    1381 : 04;
    1382 : 04;
    1383 : 24;
    1384 : 29;
    1385 : 29;
    1386 : 29;
    1387 : 29;
    1388 : 4D;
    1389 : 6D;
    1390 : 6D;
    1391 : 6D;
    1392 : 72;
    1393 : 92;
    1394 : 92;
    1395 : 92;
    1396 : 72;
    1397 : 72;
    1398 : 92;
    1399 : 96;
    1400 : 92;
    1401 : 72;
    1402 : 72;
    1403 : 71;
    1404 : 71;
    1405 : 72;
    1406 : 71;
    1407 : 96;
    1408 : B6;
    1409 : 92;
    1410 : DB;
    1411 : FF;
    1412 : FF;
    1413 : FF;
    1414 : DB;
    1415 : FF;
    1416 : DB;
    1417 : FF;
    1418 : FF;
    1419 : DB;
    1420 : DB;
    1421 : DB;
    1422 : FF;
    1423 : FF;
    1424 : FF;
    1425 : FF;
    1426 : FF;
    1427 : DB;
    1428 : BA;
    1429 : DB;
    1430 : DB;
    1431 : DB;
    1432 : 71;
    1433 : B1;
    1434 : D5;
    1435 : D6;
    1436 : C9;
    1437 : C0;
    1438 : AD;
    1439 : A0;
    1440 : 8D;
    1441 : 6D;
    1442 : D1;
    1443 : C0;
    1444 : A4;
    1445 : CD;
    1446 : C0;
    1447 : 84;
    1448 : 4D;
    1449 : 4D;
    1450 : 4D;
    1451 : 4D;
    1452 : 49;
    1453 : 49;
    1454 : 29;
    1455 : 29;
    1456 : 29;
    1457 : 29;
    1458 : 29;
    1459 : 29;
    1460 : 29;
    1461 : 29;
    1462 : 29;
    1463 : 29;
    1464 : 4D;
    1465 : 71;
    1466 : 4D;
    1467 : 71;
    1468 : 72;
    1469 : 92;
    1470 : 96;
    1471 : 96;
    1472 : 96;
    1473 : 92;
    1474 : 71;
    1475 : 92;
    1476 : B6;
    1477 : B6;
    1478 : B6;
    1479 : B6;
    1480 : B6;
    1481 : 96;
    1482 : 96;
    1483 : 96;
    1484 : 92;
    1485 : 92;
    1486 : 72;
    1487 : 72;
    1488 : 92;
    1489 : 92;
    1490 : 96;
    1491 : 96;
    1492 : 96;
    1493 : 96;
    1494 : 92;
    1495 : 72;
    1496 : 92;
    1497 : 96;
    1498 : 72;
    1499 : 72;
    1500 : 71;
    1501 : 6D;
    1502 : 71;
    1503 : 71;
    1504 : 6D;
    1505 : 4D;
    1506 : 4D;
    1507 : 29;
    1508 : 29;
    1509 : 25;
    1510 : 04;
    1511 : 04;
    1512 : 04;
    1513 : 04;
    1514 : 04;
    1515 : 04;
    1516 : 04;
    1517 : 04;
    1518 : 04;
    1519 : 04;
    1520 : 04;
    1521 : 04;
    1522 : 04;
    1523 : 04;
    1524 : 04;
    1525 : 04;
    1526 : 04;
    1527 : 04;
    1528 : 04;
    1529 : 04;
    1530 : 04;
    1531 : 04;
    1532 : 04;
    1533 : 05;
    1534 : 25;
    1535 : 25;
    1536 : 29;
    1537 : 29;
    1538 : 29;
    1539 : 29;
    1540 : 29;
    1541 : 25;
    1542 : 04;
    1543 : 04;
    1544 : 04;
    1545 : 04;
    1546 : 04;
    1547 : 04;
    1548 : 04;
    1549 : 25;
    1550 : 29;
    1551 : 29;
    1552 : 4D;
    1553 : 92;
    1554 : 92;
    1555 : 72;
    1556 : 72;
    1557 : 72;
    1558 : 92;
    1559 : 92;
    1560 : 72;
    1561 : 72;
    1562 : 72;
    1563 : 71;
    1564 : 71;
    1565 : 72;
    1566 : 71;
    1567 : 92;
    1568 : 96;
    1569 : 92;
    1570 : BA;
    1571 : FF;
    1572 : B6;
    1573 : DB;
    1574 : FF;
    1575 : DB;
    1576 : FF;
    1577 : FB;
    1578 : FF;
    1579 : FF;
    1580 : FF;
    1581 : DB;
    1582 : FF;
    1583 : DB;
    1584 : FF;
    1585 : DA;
    1586 : DB;
    1587 : FF;
    1588 : FF;
    1589 : FB;
    1590 : DB;
    1591 : FF;
    1592 : B6;
    1593 : 8D;
    1594 : D5;
    1595 : 91;
    1596 : C8;
    1597 : C0;
    1598 : CD;
    1599 : F2;
    1600 : 91;
    1601 : 8D;
    1602 : CD;
    1603 : C0;
    1604 : C4;
    1605 : F6;
    1606 : C0;
    1607 : 84;
    1608 : 29;
    1609 : 29;
    1610 : 29;
    1611 : 29;
    1612 : 29;
    1613 : 29;
    1614 : 29;
    1615 : 29;
    1616 : 29;
    1617 : 29;
    1618 : 49;
    1619 : 4D;
    1620 : 4D;
    1621 : 6D;
    1622 : 6D;
    1623 : 4D;
    1624 : 49;
    1625 : 49;
    1626 : 71;
    1627 : 72;
    1628 : 92;
    1629 : 92;
    1630 : 92;
    1631 : 96;
    1632 : 92;
    1633 : 71;
    1634 : 71;
    1635 : 92;
    1636 : B6;
    1637 : B6;
    1638 : B6;
    1639 : B6;
    1640 : B6;
    1641 : 96;
    1642 : 92;
    1643 : 92;
    1644 : 92;
    1645 : 72;
    1646 : 72;
    1647 : 72;
    1648 : 72;
    1649 : 72;
    1650 : 92;
    1651 : 92;
    1652 : 96;
    1653 : 92;
    1654 : 72;
    1655 : 72;
    1656 : 92;
    1657 : 92;
    1658 : 72;
    1659 : 72;
    1660 : 71;
    1661 : 6D;
    1662 : 4D;
    1663 : 49;
    1664 : 29;
    1665 : 25;
    1666 : 05;
    1667 : 04;
    1668 : 04;
    1669 : 04;
    1670 : 04;
    1671 : 04;
    1672 : 04;
    1673 : 04;
    1674 : 04;
    1675 : 04;
    1676 : 04;
    1677 : 04;
    1678 : 04;
    1679 : 04;
    1680 : 04;
    1681 : 04;
    1682 : 04;
    1683 : 04;
    1684 : 04;
    1685 : 04;
    1686 : 04;
    1687 : 04;
    1688 : 04;
    1689 : 04;
    1690 : 04;
    1691 : 04;
    1692 : 05;
    1693 : 05;
    1694 : 25;
    1695 : 29;
    1696 : 29;
    1697 : 29;
    1698 : 29;
    1699 : 29;
    1700 : 29;
    1701 : 29;
    1702 : 05;
    1703 : 05;
    1704 : 05;
    1705 : 04;
    1706 : 04;
    1707 : 04;
    1708 : 04;
    1709 : 04;
    1710 : 04;
    1711 : 04;
    1712 : 29;
    1713 : 49;
    1714 : 4D;
    1715 : 4D;
    1716 : 72;
    1717 : 72;
    1718 : 92;
    1719 : 92;
    1720 : 72;
    1721 : 72;
    1722 : 92;
    1723 : 72;
    1724 : 72;
    1725 : 72;
    1726 : 72;
    1727 : 92;
    1728 : 96;
    1729 : 92;
    1730 : DB;
    1731 : FF;
    1732 : DB;
    1733 : DB;
    1734 : DB;
    1735 : DB;
    1736 : DB;
    1737 : DB;
    1738 : FF;
    1739 : FF;
    1740 : FF;
    1741 : DB;
    1742 : FB;
    1743 : BA;
    1744 : BA;
    1745 : DB;
    1746 : DB;
    1747 : DB;
    1748 : DB;
    1749 : B6;
    1750 : DB;
    1751 : FF;
    1752 : DA;
    1753 : 6C;
    1754 : B1;
    1755 : 8D;
    1756 : C4;
    1757 : E0;
    1758 : E0;
    1759 : E9;
    1760 : B1;
    1761 : 6D;
    1762 : CD;
    1763 : C0;
    1764 : C4;
    1765 : C4;
    1766 : C0;
    1767 : 84;
    1768 : 29;
    1769 : 29;
    1770 : 29;
    1771 : 29;
    1772 : 29;
    1773 : 29;
    1774 : 29;
    1775 : 29;
    1776 : 49;
    1777 : 4D;
    1778 : 6D;
    1779 : 6D;
    1780 : 71;
    1781 : 71;
    1782 : 71;
    1783 : 6D;
    1784 : 4D;
    1785 : 49;
    1786 : 6D;
    1787 : 72;
    1788 : 92;
    1789 : 92;
    1790 : 92;
    1791 : 96;
    1792 : 92;
    1793 : 91;
    1794 : 71;
    1795 : 92;
    1796 : B6;
    1797 : B6;
    1798 : B6;
    1799 : B6;
    1800 : B6;
    1801 : 96;
    1802 : 92;
    1803 : 72;
    1804 : 71;
    1805 : 71;
    1806 : 71;
    1807 : 71;
    1808 : 72;
    1809 : 72;
    1810 : 72;
    1811 : 92;
    1812 : 96;
    1813 : 96;
    1814 : 92;
    1815 : 92;
    1816 : 92;
    1817 : 96;
    1818 : 72;
    1819 : 72;
    1820 : 4D;
    1821 : 49;
    1822 : 29;
    1823 : 05;
    1824 : 04;
    1825 : 04;
    1826 : 04;
    1827 : 04;
    1828 : 04;
    1829 : 04;
    1830 : 04;
    1831 : 04;
    1832 : 04;
    1833 : 04;
    1834 : 04;
    1835 : 04;
    1836 : 04;
    1837 : 04;
    1838 : 04;
    1839 : 04;
    1840 : 04;
    1841 : 04;
    1842 : 05;
    1843 : 05;
    1844 : 25;
    1845 : 29;
    1846 : 25;
    1847 : 25;
    1848 : 29;
    1849 : 25;
    1850 : 05;
    1851 : 25;
    1852 : 29;
    1853 : 29;
    1854 : 29;
    1855 : 29;
    1856 : 29;
    1857 : 29;
    1858 : 29;
    1859 : 29;
    1860 : 29;
    1861 : 29;
    1862 : 29;
    1863 : 29;
    1864 : 29;
    1865 : 29;
    1866 : 05;
    1867 : 04;
    1868 : 04;
    1869 : 04;
    1870 : 04;
    1871 : 04;
    1872 : 04;
    1873 : 04;
    1874 : 04;
    1875 : 25;
    1876 : 29;
    1877 : 4D;
    1878 : 72;
    1879 : 92;
    1880 : 72;
    1881 : 72;
    1882 : 72;
    1883 : 72;
    1884 : 72;
    1885 : 72;
    1886 : 71;
    1887 : 92;
    1888 : 92;
    1889 : FF;
    1890 : FF;
    1891 : DB;
    1892 : FF;
    1893 : DB;
    1894 : DB;
    1895 : DB;
    1896 : DB;
    1897 : DB;
    1898 : FF;
    1899 : DB;
    1900 : DB;
    1901 : FF;
    1902 : DB;
    1903 : DB;
    1904 : DB;
    1905 : DB;
    1906 : DB;
    1907 : DB;
    1908 : DB;
    1909 : BA;
    1910 : DB;
    1911 : FF;
    1912 : 91;
    1913 : 68;
    1914 : AC;
    1915 : 6C;
    1916 : A4;
    1917 : C0;
    1918 : C9;
    1919 : E5;
    1920 : B1;
    1921 : 91;
    1922 : CD;
    1923 : C0;
    1924 : E9;
    1925 : E4;
    1926 : C0;
    1927 : 84;
    1928 : 29;
    1929 : 29;
    1930 : 29;
    1931 : 29;
    1932 : 4D;
    1933 : 4D;
    1934 : 4D;
    1935 : 4D;
    1936 : 4D;
    1937 : 6D;
    1938 : 6D;
    1939 : 6D;
    1940 : 6D;
    1941 : 71;
    1942 : 71;
    1943 : 6D;
    1944 : 49;
    1945 : 49;
    1946 : 6D;
    1947 : 71;
    1948 : 92;
    1949 : 72;
    1950 : 92;
    1951 : 96;
    1952 : 92;
    1953 : 91;
    1954 : 71;
    1955 : 96;
    1956 : B6;
    1957 : B6;
    1958 : B6;
    1959 : B6;
    1960 : B6;
    1961 : 92;
    1962 : 72;
    1963 : 71;
    1964 : 71;
    1965 : 71;
    1966 : 71;
    1967 : 71;
    1968 : 71;
    1969 : 71;
    1970 : 72;
    1971 : 72;
    1972 : 92;
    1973 : 92;
    1974 : 92;
    1975 : 72;
    1976 : 96;
    1977 : 96;
    1978 : 72;
    1979 : 4D;
    1980 : 25;
    1981 : 04;
    1982 : 04;
    1983 : 04;
    1984 : 04;
    1985 : 04;
    1986 : 04;
    1987 : 04;
    1988 : 04;
    1989 : 04;
    1990 : 04;
    1991 : 04;
    1992 : 04;
    1993 : 04;
    1994 : 04;
    1995 : 05;
    1996 : 05;
    1997 : 05;
    1998 : 05;
    1999 : 25;
    2000 : 29;
    2001 : 29;
    2002 : 29;
    2003 : 29;
    2004 : 29;
    2005 : 29;
    2006 : 29;
    2007 : 29;
    2008 : 29;
    2009 : 29;
    2010 : 29;
    2011 : 29;
    2012 : 29;
    2013 : 29;
    2014 : 29;
    2015 : 49;
    2016 : 4D;
    2017 : 4D;
    2018 : 29;
    2019 : 49;
    2020 : 29;
    2021 : 29;
    2022 : 29;
    2023 : 29;
    2024 : 29;
    2025 : 29;
    2026 : 29;
    2027 : 29;
    2028 : 05;
    2029 : 04;
    2030 : 04;
    2031 : 04;
    2032 : 04;
    2033 : 04;
    2034 : 04;
    2035 : 04;
    2036 : 04;
    2037 : 25;
    2038 : 49;
    2039 : 4D;
    2040 : 72;
    2041 : 72;
    2042 : 72;
    2043 : 72;
    2044 : 72;
    2045 : 92;
    2046 : 71;
    2047 : 72;
    2048 : 92;
    2049 : B6;
    2050 : DB;
    2051 : DB;
    2052 : DB;
    2053 : DB;
    2054 : DB;
    2055 : DB;
    2056 : DB;
    2057 : DB;
    2058 : DB;
    2059 : DB;
    2060 : DB;
    2061 : DB;
    2062 : DB;
    2063 : DB;
    2064 : FB;
    2065 : DB;
    2066 : DB;
    2067 : DB;
    2068 : FF;
    2069 : DB;
    2070 : DB;
    2071 : B6;
    2072 : 6D;
    2073 : 68;
    2074 : AC;
    2075 : 8C;
    2076 : C8;
    2077 : C0;
    2078 : F2;
    2079 : F6;
    2080 : D5;
    2081 : 91;
    2082 : CD;
    2083 : C0;
    2084 : E9;
    2085 : E9;
    2086 : E0;
    2087 : 84;
    2088 : 29;
    2089 : 4D;
    2090 : 4D;
    2091 : 6D;
    2092 : 6D;
    2093 : 6D;
    2094 : 6D;
    2095 : 6D;
    2096 : 71;
    2097 : 71;
    2098 : 71;
    2099 : 6D;
    2100 : 71;
    2101 : 71;
    2102 : 71;
    2103 : 6D;
    2104 : 49;
    2105 : 49;
    2106 : 6D;
    2107 : 71;
    2108 : 71;
    2109 : 71;
    2110 : 92;
    2111 : 92;
    2112 : 92;
    2113 : 91;
    2114 : 71;
    2115 : 92;
    2116 : B6;
    2117 : B6;
    2118 : B6;
    2119 : B6;
    2120 : 96;
    2121 : 71;
    2122 : 71;
    2123 : 71;
    2124 : 71;
    2125 : 72;
    2126 : 72;
    2127 : 72;
    2128 : 72;
    2129 : 72;
    2130 : 72;
    2131 : 92;
    2132 : 92;
    2133 : 92;
    2134 : 72;
    2135 : 72;
    2136 : 72;
    2137 : 4D;
    2138 : 29;
    2139 : 05;
    2140 : 04;
    2141 : 04;
    2142 : 04;
    2143 : 04;
    2144 : 04;
    2145 : 04;
    2146 : 04;
    2147 : 04;
    2148 : 04;
    2149 : 04;
    2150 : 04;
    2151 : 04;
    2152 : 05;
    2153 : 25;
    2154 : 29;
    2155 : 29;
    2156 : 29;
    2157 : 29;
    2158 : 29;
    2159 : 29;
    2160 : 29;
    2161 : 29;
    2162 : 29;
    2163 : 49;
    2164 : 29;
    2165 : 29;
    2166 : 4D;
    2167 : 49;
    2168 : 4D;
    2169 : 4D;
    2170 : 4D;
    2171 : 4D;
    2172 : 4D;
    2173 : 49;
    2174 : 49;
    2175 : 49;
    2176 : 4D;
    2177 : 4D;
    2178 : 4D;
    2179 : 4D;
    2180 : 49;
    2181 : 29;
    2182 : 29;
    2183 : 29;
    2184 : 29;
    2185 : 49;
    2186 : 29;
    2187 : 29;
    2188 : 29;
    2189 : 25;
    2190 : 25;
    2191 : 25;
    2192 : 05;
    2193 : 04;
    2194 : 04;
    2195 : 04;
    2196 : 04;
    2197 : 04;
    2198 : 04;
    2199 : 04;
    2200 : 29;
    2201 : 4D;
    2202 : 71;
    2203 : 72;
    2204 : 92;
    2205 : 92;
    2206 : 71;
    2207 : 72;
    2208 : 92;
    2209 : 71;
    2210 : 71;
    2211 : 92;
    2212 : 72;
    2213 : 71;
    2214 : 92;
    2215 : 71;
    2216 : 71;
    2217 : 92;
    2218 : 92;
    2219 : 71;
    2220 : 71;
    2221 : 92;
    2222 : 91;
    2223 : 92;
    2224 : B2;
    2225 : 92;
    2226 : 92;
    2227 : 92;
    2228 : 92;
    2229 : 92;
    2230 : 96;
    2231 : 96;
    2232 : 6D;
    2233 : 44;
    2234 : 8C;
    2235 : 68;
    2236 : C9;
    2237 : E0;
    2238 : E4;
    2239 : ED;
    2240 : D6;
    2241 : 91;
    2242 : CD;
    2243 : C0;
    2244 : F2;
    2245 : FB;
    2246 : C0;
    2247 : A9;
    2248 : 71;
    2249 : 71;
    2250 : 71;
    2251 : 71;
    2252 : 71;
    2253 : 6D;
    2254 : 6D;
    2255 : 6D;
    2256 : 71;
    2257 : 71;
    2258 : 71;
    2259 : 71;
    2260 : 71;
    2261 : 91;
    2262 : 71;
    2263 : 6D;
    2264 : 49;
    2265 : 49;
    2266 : 6D;
    2267 : 71;
    2268 : 71;
    2269 : 71;
    2270 : 72;
    2271 : 92;
    2272 : 92;
    2273 : 92;
    2274 : 71;
    2275 : 92;
    2276 : B6;
    2277 : B6;
    2278 : B6;
    2279 : B6;
    2280 : 96;
    2281 : 72;
    2282 : 71;
    2283 : 71;
    2284 : 71;
    2285 : 92;
    2286 : 92;
    2287 : 92;
    2288 : 92;
    2289 : 92;
    2290 : 72;
    2291 : 72;
    2292 : 72;
    2293 : 72;
    2294 : 72;
    2295 : 4D;
    2296 : 29;
    2297 : 05;
    2298 : 04;
    2299 : 04;
    2300 : 04;
    2301 : 04;
    2302 : 04;
    2303 : 04;
    2304 : 04;
    2305 : 04;
    2306 : 04;
    2307 : 04;
    2308 : 05;
    2309 : 05;
    2310 : 05;
    2311 : 05;
    2312 : 25;
    2313 : 29;
    2314 : 29;
    2315 : 29;
    2316 : 29;
    2317 : 29;
    2318 : 29;
    2319 : 29;
    2320 : 29;
    2321 : 29;
    2322 : 29;
    2323 : 4D;
    2324 : 4D;
    2325 : 4D;
    2326 : 4D;
    2327 : 4D;
    2328 : 4D;
    2329 : 4D;
    2330 : 4D;
    2331 : 4D;
    2332 : 4D;
    2333 : 4D;
    2334 : 4D;
    2335 : 4D;
    2336 : 4D;
    2337 : 4D;
    2338 : 4D;
    2339 : 4D;
    2340 : 49;
    2341 : 49;
    2342 : 49;
    2343 : 49;
    2344 : 29;
    2345 : 29;
    2346 : 29;
    2347 : 29;
    2348 : 29;
    2349 : 29;
    2350 : 29;
    2351 : 29;
    2352 : 29;
    2353 : 05;
    2354 : 04;
    2355 : 04;
    2356 : 04;
    2357 : 04;
    2358 : 04;
    2359 : 04;
    2360 : 04;
    2361 : 25;
    2362 : 29;
    2363 : 71;
    2364 : 92;
    2365 : 92;
    2366 : 71;
    2367 : 92;
    2368 : 92;
    2369 : 71;
    2370 : 92;
    2371 : 92;
    2372 : 92;
    2373 : 92;
    2374 : B6;
    2375 : 91;
    2376 : 71;
    2377 : 96;
    2378 : B6;
    2379 : 92;
    2380 : 91;
    2381 : 96;
    2382 : 91;
    2383 : 96;
    2384 : B6;
    2385 : 92;
    2386 : 96;
    2387 : B6;
    2388 : 96;
    2389 : 96;
    2390 : 96;
    2391 : B6;
    2392 : 6D;
    2393 : 44;
    2394 : 88;
    2395 : 68;
    2396 : C8;
    2397 : E0;
    2398 : E9;
    2399 : C4;
    2400 : B5;
    2401 : 91;
    2402 : D1;
    2403 : C0;
    2404 : E9;
    2405 : FB;
    2406 : C0;
    2407 : A9;
    2408 : 72;
    2409 : 71;
    2410 : 71;
    2411 : 71;
    2412 : 71;
    2413 : 6D;
    2414 : 6D;
    2415 : 6D;
    2416 : 71;
    2417 : 71;
    2418 : 71;
    2419 : 6D;
    2420 : 71;
    2421 : 71;
    2422 : 71;
    2423 : 6D;
    2424 : 49;
    2425 : 28;
    2426 : 4D;
    2427 : 71;
    2428 : 71;
    2429 : 71;
    2430 : 71;
    2431 : 92;
    2432 : 92;
    2433 : 92;
    2434 : 92;
    2435 : 92;
    2436 : B6;
    2437 : B6;
    2438 : B6;
    2439 : B6;
    2440 : 96;
    2441 : 96;
    2442 : 92;
    2443 : 92;
    2444 : 72;
    2445 : 92;
    2446 : 92;
    2447 : 92;
    2448 : 96;
    2449 : 92;
    2450 : 72;
    2451 : 72;
    2452 : 71;
    2453 : 4D;
    2454 : 29;
    2455 : 25;
    2456 : 04;
    2457 : 04;
    2458 : 04;
    2459 : 04;
    2460 : 04;
    2461 : 04;
    2462 : 04;
    2463 : 04;
    2464 : 04;
    2465 : 04;
    2466 : 04;
    2467 : 05;
    2468 : 05;
    2469 : 25;
    2470 : 25;
    2471 : 25;
    2472 : 29;
    2473 : 29;
    2474 : 29;
    2475 : 29;
    2476 : 29;
    2477 : 29;
    2478 : 29;
    2479 : 29;
    2480 : 29;
    2481 : 29;
    2482 : 4D;
    2483 : 4D;
    2484 : 4D;
    2485 : 4D;
    2486 : 4D;
    2487 : 4D;
    2488 : 71;
    2489 : 71;
    2490 : 6D;
    2491 : 4D;
    2492 : 4D;
    2493 : 4D;
    2494 : 4D;
    2495 : 4D;
    2496 : 6D;
    2497 : 6D;
    2498 : 4D;
    2499 : 4D;
    2500 : 4D;
    2501 : 4D;
    2502 : 4D;
    2503 : 4D;
    2504 : 29;
    2505 : 29;
    2506 : 29;
    2507 : 29;
    2508 : 29;
    2509 : 29;
    2510 : 29;
    2511 : 29;
    2512 : 29;
    2513 : 29;
    2514 : 25;
    2515 : 05;
    2516 : 05;
    2517 : 04;
    2518 : 04;
    2519 : 04;
    2520 : 04;
    2521 : 04;
    2522 : 04;
    2523 : 29;
    2524 : 71;
    2525 : 96;
    2526 : 71;
    2527 : 92;
    2528 : 92;
    2529 : 91;
    2530 : 92;
    2531 : 92;
    2532 : 92;
    2533 : 96;
    2534 : B6;
    2535 : 91;
    2536 : 91;
    2537 : B6;
    2538 : B6;
    2539 : 96;
    2540 : 91;
    2541 : 96;
    2542 : 91;
    2543 : 92;
    2544 : B7;
    2545 : 92;
    2546 : B6;
    2547 : 96;
    2548 : 92;
    2549 : 92;
    2550 : B6;
    2551 : B6;
    2552 : 6D;
    2553 : 44;
    2554 : 8C;
    2555 : 91;
    2556 : C9;
    2557 : C0;
    2558 : F6;
    2559 : F2;
    2560 : B1;
    2561 : 8D;
    2562 : CD;
    2563 : E0;
    2564 : C4;
    2565 : A9;
    2566 : C0;
    2567 : A8;
    2568 : 71;
    2569 : 6D;
    2570 : 71;
    2571 : 71;
    2572 : 71;
    2573 : 71;
    2574 : 6D;
    2575 : 6D;
    2576 : 71;
    2577 : 71;
    2578 : 71;
    2579 : 71;
    2580 : 71;
    2581 : 71;
    2582 : 71;
    2583 : 6D;
    2584 : 49;
    2585 : 28;
    2586 : 4D;
    2587 : 71;
    2588 : 71;
    2589 : 71;
    2590 : 71;
    2591 : 72;
    2592 : 92;
    2593 : 92;
    2594 : 92;
    2595 : 96;
    2596 : B6;
    2597 : B6;
    2598 : B6;
    2599 : B6;
    2600 : B6;
    2601 : B6;
    2602 : 96;
    2603 : 92;
    2604 : 92;
    2605 : 72;
    2606 : 92;
    2607 : 92;
    2608 : 92;
    2609 : 92;
    2610 : 92;
    2611 : 72;
    2612 : 49;
    2613 : 25;
    2614 : 04;
    2615 : 04;
    2616 : 04;
    2617 : 04;
    2618 : 04;
    2619 : 04;
    2620 : 04;
    2621 : 04;
    2622 : 04;
    2623 : 05;
    2624 : 25;
    2625 : 29;
    2626 : 29;
    2627 : 29;
    2628 : 05;
    2629 : 25;
    2630 : 29;
    2631 : 29;
    2632 : 29;
    2633 : 29;
    2634 : 29;
    2635 : 29;
    2636 : 29;
    2637 : 29;
    2638 : 29;
    2639 : 49;
    2640 : 49;
    2641 : 4D;
    2642 : 4D;
    2643 : 4D;
    2644 : 4D;
    2645 : 4D;
    2646 : 6D;
    2647 : 72;
    2648 : 72;
    2649 : 72;
    2650 : 72;
    2651 : 72;
    2652 : 71;
    2653 : 71;
    2654 : 71;
    2655 : 71;
    2656 : 71;
    2657 : 71;
    2658 : 6D;
    2659 : 71;
    2660 : 4D;
    2661 : 4D;
    2662 : 4D;
    2663 : 4D;
    2664 : 4D;
    2665 : 4D;
    2666 : 4D;
    2667 : 4D;
    2668 : 4D;
    2669 : 29;
    2670 : 29;
    2671 : 29;
    2672 : 29;
    2673 : 29;
    2674 : 29;
    2675 : 29;
    2676 : 25;
    2677 : 25;
    2678 : 04;
    2679 : 04;
    2680 : 04;
    2681 : 04;
    2682 : 04;
    2683 : 04;
    2684 : 29;
    2685 : 4D;
    2686 : 6D;
    2687 : 71;
    2688 : 92;
    2689 : 92;
    2690 : 92;
    2691 : 92;
    2692 : 96;
    2693 : B6;
    2694 : B6;
    2695 : 91;
    2696 : 91;
    2697 : B6;
    2698 : B6;
    2699 : 92;
    2700 : 91;
    2701 : 91;
    2702 : 91;
    2703 : 96;
    2704 : DB;
    2705 : 92;
    2706 : B6;
    2707 : B6;
    2708 : 91;
    2709 : 96;
    2710 : B6;
    2711 : 96;
    2712 : 6D;
    2713 : 44;
    2714 : AC;
    2715 : 8C;
    2716 : C8;
    2717 : E0;
    2718 : ED;
    2719 : F2;
    2720 : B1;
    2721 : 91;
    2722 : CD;
    2723 : C0;
    2724 : F2;
    2725 : C9;
    2726 : E0;
    2727 : A8;
    2728 : 71;
    2729 : 71;
    2730 : 71;
    2731 : 91;
    2732 : 71;
    2733 : 71;
    2734 : 71;
    2735 : 71;
    2736 : 71;
    2737 : 72;
    2738 : 71;
    2739 : 71;
    2740 : 71;
    2741 : 71;
    2742 : 71;
    2743 : 71;
    2744 : 4D;
    2745 : 28;
    2746 : 4D;
    2747 : 71;
    2748 : 72;
    2749 : 71;
    2750 : 92;
    2751 : 92;
    2752 : 92;
    2753 : 92;
    2754 : 92;
    2755 : 96;
    2756 : B6;
    2757 : B6;
    2758 : B6;
    2759 : B6;
    2760 : B6;
    2761 : 96;
    2762 : 92;
    2763 : 92;
    2764 : 91;
    2765 : 71;
    2766 : 72;
    2767 : 71;
    2768 : 72;
    2769 : 71;
    2770 : 4D;
    2771 : 49;
    2772 : 29;
    2773 : 04;
    2774 : 04;
    2775 : 04;
    2776 : 04;
    2777 : 05;
    2778 : 05;
    2779 : 04;
    2780 : 05;
    2781 : 25;
    2782 : 05;
    2783 : 05;
    2784 : 25;
    2785 : 29;
    2786 : 29;
    2787 : 29;
    2788 : 29;
    2789 : 29;
    2790 : 29;
    2791 : 29;
    2792 : 29;
    2793 : 29;
    2794 : 29;
    2795 : 29;
    2796 : 29;
    2797 : 29;
    2798 : 49;
    2799 : 49;
    2800 : 49;
    2801 : 4D;
    2802 : 4D;
    2803 : 4D;
    2804 : 4D;
    2805 : 4D;
    2806 : 71;
    2807 : 72;
    2808 : 72;
    2809 : 72;
    2810 : 72;
    2811 : 72;
    2812 : 72;
    2813 : 72;
    2814 : 72;
    2815 : 72;
    2816 : 72;
    2817 : 72;
    2818 : 71;
    2819 : 71;
    2820 : 6D;
    2821 : 4D;
    2822 : 4D;
    2823 : 6D;
    2824 : 4D;
    2825 : 6D;
    2826 : 4D;
    2827 : 4D;
    2828 : 4D;
    2829 : 4D;
    2830 : 4D;
    2831 : 29;
    2832 : 29;
    2833 : 29;
    2834 : 29;
    2835 : 29;
    2836 : 29;
    2837 : 05;
    2838 : 05;
    2839 : 04;
    2840 : 04;
    2841 : 04;
    2842 : 04;
    2843 : 00;
    2844 : 04;
    2845 : 24;
    2846 : 29;
    2847 : 71;
    2848 : 92;
    2849 : 92;
    2850 : 92;
    2851 : 96;
    2852 : 96;
    2853 : B6;
    2854 : 96;
    2855 : 91;
    2856 : 91;
    2857 : B6;
    2858 : B6;
    2859 : 91;
    2860 : 71;
    2861 : 71;
    2862 : 71;
    2863 : 96;
    2864 : DB;
    2865 : B6;
    2866 : B6;
    2867 : 92;
    2868 : 71;
    2869 : 96;
    2870 : B6;
    2871 : 96;
    2872 : 6D;
    2873 : 64;
    2874 : AC;
    2875 : 68;
    2876 : C4;
    2877 : E0;
    2878 : FB;
    2879 : F2;
    2880 : B1;
    2881 : 6D;
    2882 : CD;
    2883 : E0;
    2884 : A4;
    2885 : 84;
    2886 : E0;
    2887 : A9;
    2888 : 71;
    2889 : 71;
    2890 : 71;
    2891 : 91;
    2892 : 91;
    2893 : 91;
    2894 : 71;
    2895 : 91;
    2896 : 92;
    2897 : 92;
    2898 : 71;
    2899 : 71;
    2900 : 71;
    2901 : 72;
    2902 : 92;
    2903 : 72;
    2904 : 6D;
    2905 : 49;
    2906 : 4D;
    2907 : 71;
    2908 : 72;
    2909 : 72;
    2910 : 92;
    2911 : 92;
    2912 : 96;
    2913 : 96;
    2914 : 92;
    2915 : 96;
    2916 : B6;
    2917 : B6;
    2918 : B6;
    2919 : B6;
    2920 : B6;
    2921 : 96;
    2922 : 71;
    2923 : 6D;
    2924 : 6D;
    2925 : 4D;
    2926 : 4D;
    2927 : 4D;
    2928 : 4D;
    2929 : 4D;
    2930 : 29;
    2931 : 24;
    2932 : 04;
    2933 : 04;
    2934 : 04;
    2935 : 04;
    2936 : 05;
    2937 : 29;
    2938 : 25;
    2939 : 25;
    2940 : 25;
    2941 : 25;
    2942 : 25;
    2943 : 05;
    2944 : 25;
    2945 : 29;
    2946 : 29;
    2947 : 29;
    2948 : 29;
    2949 : 29;
    2950 : 29;
    2951 : 29;
    2952 : 29;
    2953 : 29;
    2954 : 49;
    2955 : 29;
    2956 : 29;
    2957 : 49;
    2958 : 29;
    2959 : 29;
    2960 : 29;
    2961 : 4D;
    2962 : 4D;
    2963 : 4D;
    2964 : 4D;
    2965 : 4D;
    2966 : 72;
    2967 : 72;
    2968 : 72;
    2969 : 72;
    2970 : 72;
    2971 : 72;
    2972 : 72;
    2973 : 72;
    2974 : 72;
    2975 : 72;
    2976 : 72;
    2977 : 72;
    2978 : 71;
    2979 : 71;
    2980 : 6D;
    2981 : 6D;
    2982 : 6D;
    2983 : 71;
    2984 : 71;
    2985 : 71;
    2986 : 6D;
    2987 : 6D;
    2988 : 4D;
    2989 : 4D;
    2990 : 4D;
    2991 : 49;
    2992 : 29;
    2993 : 29;
    2994 : 29;
    2995 : 29;
    2996 : 29;
    2997 : 25;
    2998 : 25;
    2999 : 05;
    3000 : 05;
    3001 : 04;
    3002 : 04;
    3003 : 04;
    3004 : 04;
    3005 : 04;
    3006 : 04;
    3007 : 4D;
    3008 : 71;
    3009 : 72;
    3010 : 92;
    3011 : 96;
    3012 : B6;
    3013 : B6;
    3014 : 92;
    3015 : 91;
    3016 : 92;
    3017 : B6;
    3018 : B6;
    3019 : 92;
    3020 : 71;
    3021 : 6D;
    3022 : 91;
    3023 : B6;
    3024 : FB;
    3025 : B7;
    3026 : B6;
    3027 : 91;
    3028 : 91;
    3029 : 96;
    3030 : B6;
    3031 : 96;
    3032 : 6D;
    3033 : 68;
    3034 : AC;
    3035 : 8C;
    3036 : C4;
    3037 : E0;
    3038 : D6;
    3039 : A9;
    3040 : D6;
    3041 : 91;
    3042 : CD;
    3043 : E0;
    3044 : A0;
    3045 : C0;
    3046 : E0;
    3047 : A9;
    3048 : 71;
    3049 : 71;
    3050 : 71;
    3051 : 91;
    3052 : 91;
    3053 : 91;
    3054 : 71;
    3055 : 71;
    3056 : 71;
    3057 : 71;
    3058 : 71;
    3059 : 71;
    3060 : 71;
    3061 : 72;
    3062 : 92;
    3063 : 92;
    3064 : 71;
    3065 : 4D;
    3066 : 6D;
    3067 : 71;
    3068 : 92;
    3069 : 92;
    3070 : 92;
    3071 : 92;
    3072 : 96;
    3073 : 92;
    3074 : 92;
    3075 : 96;
    3076 : B6;
    3077 : B6;
    3078 : B6;
    3079 : B6;
    3080 : B6;
    3081 : 91;
    3082 : 6D;
    3083 : 49;
    3084 : 49;
    3085 : 49;
    3086 : 49;
    3087 : 49;
    3088 : 4D;
    3089 : 29;
    3090 : 24;
    3091 : 04;
    3092 : 04;
    3093 : 04;
    3094 : 04;
    3095 : 25;
    3096 : 29;
    3097 : 29;
    3098 : 29;
    3099 : 29;
    3100 : 29;
    3101 : 25;
    3102 : 25;
    3103 : 05;
    3104 : 25;
    3105 : 29;
    3106 : 29;
    3107 : 29;
    3108 : 29;
    3109 : 29;
    3110 : 29;
    3111 : 29;
    3112 : 29;
    3113 : 29;
    3114 : 49;
    3115 : 29;
    3116 : 49;
    3117 : 4D;
    3118 : 49;
    3119 : 49;
    3120 : 29;
    3121 : 29;
    3122 : 4D;
    3123 : 4D;
    3124 : 4D;
    3125 : 4D;
    3126 : 6D;
    3127 : 6D;
    3128 : 6D;
    3129 : 71;
    3130 : 72;
    3131 : 72;
    3132 : 72;
    3133 : 72;
    3134 : 72;
    3135 : 72;
    3136 : 72;
    3137 : 72;
    3138 : 72;
    3139 : 72;
    3140 : 71;
    3141 : 6D;
    3142 : 71;
    3143 : 71;
    3144 : 71;
    3145 : 71;
    3146 : 71;
    3147 : 6D;
    3148 : 4D;
    3149 : 4D;
    3150 : 4D;
    3151 : 49;
    3152 : 29;
    3153 : 29;
    3154 : 29;
    3155 : 29;
    3156 : 29;
    3157 : 25;
    3158 : 25;
    3159 : 29;
    3160 : 25;
    3161 : 04;
    3162 : 04;
    3163 : 04;
    3164 : 04;
    3165 : 04;
    3166 : 04;
    3167 : 25;
    3168 : 49;
    3169 : 71;
    3170 : 92;
    3171 : B6;
    3172 : B6;
    3173 : B6;
    3174 : 92;
    3175 : 91;
    3176 : B6;
    3177 : B6;
    3178 : B6;
    3179 : 92;
    3180 : 92;
    3181 : 6D;
    3182 : 92;
    3183 : DB;
    3184 : FF;
    3185 : DB;
    3186 : B6;
    3187 : 92;
    3188 : 92;
    3189 : 96;
    3190 : 92;
    3191 : 92;
    3192 : 6D;
    3193 : 68;
    3194 : B0;
    3195 : 8C;
    3196 : C4;
    3197 : E0;
    3198 : 89;
    3199 : A9;
    3200 : D6;
    3201 : 91;
    3202 : CD;
    3203 : C0;
    3204 : C9;
    3205 : CD;
    3206 : E0;
    3207 : A9;
    3208 : 92;
    3209 : 91;
    3210 : 91;
    3211 : 71;
    3212 : 71;
    3213 : 71;
    3214 : 71;
    3215 : 71;
    3216 : 6D;
    3217 : 71;
    3218 : 71;
    3219 : 71;
    3220 : 71;
    3221 : 92;
    3222 : 92;
    3223 : 92;
    3224 : 71;
    3225 : 4D;
    3226 : 4D;
    3227 : 71;
    3228 : 92;
    3229 : 92;
    3230 : 92;
    3231 : 92;
    3232 : 92;
    3233 : 92;
    3234 : 92;
    3235 : 96;
    3236 : B6;
    3237 : B6;
    3238 : B6;
    3239 : B6;
    3240 : B6;
    3241 : 91;
    3242 : 4D;
    3243 : 48;
    3244 : 48;
    3245 : 49;
    3246 : 49;
    3247 : 49;
    3248 : 29;
    3249 : 24;
    3250 : 04;
    3251 : 04;
    3252 : 04;
    3253 : 05;
    3254 : 25;
    3255 : 29;
    3256 : 29;
    3257 : 29;
    3258 : 29;
    3259 : 29;
    3260 : 29;
    3261 : 25;
    3262 : 25;
    3263 : 29;
    3264 : 29;
    3265 : 29;
    3266 : 29;
    3267 : 29;
    3268 : 29;
    3269 : 29;
    3270 : 29;
    3271 : 29;
    3272 : 29;
    3273 : 29;
    3274 : 29;
    3275 : 49;
    3276 : 4D;
    3277 : 4D;
    3278 : 4D;
    3279 : 49;
    3280 : 4D;
    3281 : 4D;
    3282 : 4D;
    3283 : 4D;
    3284 : 4D;
    3285 : 6D;
    3286 : 6D;
    3287 : 71;
    3288 : 71;
    3289 : 72;
    3290 : 72;
    3291 : 72;
    3292 : 72;
    3293 : 72;
    3294 : 71;
    3295 : 71;
    3296 : 72;
    3297 : 72;
    3298 : 72;
    3299 : 72;
    3300 : 71;
    3301 : 4D;
    3302 : 4D;
    3303 : 4D;
    3304 : 4D;
    3305 : 6D;
    3306 : 71;
    3307 : 6D;
    3308 : 4D;
    3309 : 4D;
    3310 : 4D;
    3311 : 49;
    3312 : 29;
    3313 : 29;
    3314 : 29;
    3315 : 29;
    3316 : 29;
    3317 : 25;
    3318 : 25;
    3319 : 25;
    3320 : 05;
    3321 : 05;
    3322 : 04;
    3323 : 04;
    3324 : 04;
    3325 : 04;
    3326 : 04;
    3327 : 04;
    3328 : 25;
    3329 : 4D;
    3330 : 92;
    3331 : 96;
    3332 : B6;
    3333 : 96;
    3334 : 92;
    3335 : 92;
    3336 : B6;
    3337 : B6;
    3338 : B2;
    3339 : 92;
    3340 : 92;
    3341 : 92;
    3342 : 92;
    3343 : DB;
    3344 : FF;
    3345 : DB;
    3346 : 92;
    3347 : 91;
    3348 : 92;
    3349 : B6;
    3350 : 92;
    3351 : 71;
    3352 : 6D;
    3353 : 68;
    3354 : D1;
    3355 : 8C;
    3356 : A4;
    3357 : E0;
    3358 : F2;
    3359 : ED;
    3360 : DA;
    3361 : B6;
    3362 : CD;
    3363 : C0;
    3364 : E4;
    3365 : ED;
    3366 : C0;
    3367 : A9;
    3368 : 96;
    3369 : 92;
    3370 : 71;
    3371 : 71;
    3372 : 91;
    3373 : 71;
    3374 : 6D;
    3375 : 6D;
    3376 : 6D;
    3377 : 71;
    3378 : 71;
    3379 : 71;
    3380 : 72;
    3381 : 92;
    3382 : 92;
    3383 : 92;
    3384 : 71;
    3385 : 4D;
    3386 : 4D;
    3387 : 71;
    3388 : 96;
    3389 : 92;
    3390 : 92;
    3391 : 92;
    3392 : 92;
    3393 : 92;
    3394 : 91;
    3395 : 96;
    3396 : B6;
    3397 : B6;
    3398 : B6;
    3399 : B6;
    3400 : B6;
    3401 : 96;
    3402 : 71;
    3403 : 4D;
    3404 : 49;
    3405 : 49;
    3406 : 4D;
    3407 : 49;
    3408 : 24;
    3409 : 04;
    3410 : 04;
    3411 : 04;
    3412 : 05;
    3413 : 05;
    3414 : 29;
    3415 : 29;
    3416 : 29;
    3417 : 29;
    3418 : 29;
    3419 : 29;
    3420 : 29;
    3421 : 29;
    3422 : 29;
    3423 : 29;
    3424 : 29;
    3425 : 29;
    3426 : 29;
    3427 : 29;
    3428 : 29;
    3429 : 29;
    3430 : 29;
    3431 : 29;
    3432 : 29;
    3433 : 4D;
    3434 : 4D;
    3435 : 4D;
    3436 : 4D;
    3437 : 4D;
    3438 : 4D;
    3439 : 29;
    3440 : 49;
    3441 : 4D;
    3442 : 4D;
    3443 : 4D;
    3444 : 4D;
    3445 : 71;
    3446 : 71;
    3447 : 71;
    3448 : 72;
    3449 : 72;
    3450 : 72;
    3451 : 72;
    3452 : 72;
    3453 : 72;
    3454 : 71;
    3455 : 72;
    3456 : 72;
    3457 : 72;
    3458 : 72;
    3459 : 71;
    3460 : 6D;
    3461 : 4D;
    3462 : 4D;
    3463 : 4D;
    3464 : 4D;
    3465 : 4D;
    3466 : 6D;
    3467 : 6D;
    3468 : 4D;
    3469 : 4D;
    3470 : 4D;
    3471 : 4D;
    3472 : 4D;
    3473 : 29;
    3474 : 29;
    3475 : 29;
    3476 : 29;
    3477 : 29;
    3478 : 25;
    3479 : 25;
    3480 : 05;
    3481 : 05;
    3482 : 04;
    3483 : 04;
    3484 : 04;
    3485 : 04;
    3486 : 04;
    3487 : 04;
    3488 : 04;
    3489 : 29;
    3490 : 71;
    3491 : 92;
    3492 : 92;
    3493 : 91;
    3494 : 71;
    3495 : 91;
    3496 : 91;
    3497 : 92;
    3498 : B6;
    3499 : B6;
    3500 : B2;
    3501 : 92;
    3502 : B6;
    3503 : FB;
    3504 : FF;
    3505 : DA;
    3506 : 92;
    3507 : B6;
    3508 : B7;
    3509 : B6;
    3510 : 91;
    3511 : 6D;
    3512 : 6D;
    3513 : 8C;
    3514 : D5;
    3515 : B0;
    3516 : C8;
    3517 : E0;
    3518 : FB;
    3519 : F6;
    3520 : D6;
    3521 : 6D;
    3522 : CD;
    3523 : C0;
    3524 : ED;
    3525 : E9;
    3526 : E0;
    3527 : C9;
    3528 : 96;
    3529 : 71;
    3530 : 71;
    3531 : 91;
    3532 : 91;
    3533 : 71;
    3534 : 6D;
    3535 : 4D;
    3536 : 6D;
    3537 : 71;
    3538 : 71;
    3539 : 71;
    3540 : 72;
    3541 : 92;
    3542 : 92;
    3543 : 96;
    3544 : 71;
    3545 : 4D;
    3546 : 4D;
    3547 : 71;
    3548 : 92;
    3549 : 92;
    3550 : 92;
    3551 : 92;
    3552 : 92;
    3553 : 92;
    3554 : 91;
    3555 : 96;
    3556 : B6;
    3557 : B6;
    3558 : B6;
    3559 : B6;
    3560 : B6;
    3561 : 96;
    3562 : 92;
    3563 : 71;
    3564 : 4D;
    3565 : 4D;
    3566 : 4D;
    3567 : 29;
    3568 : 04;
    3569 : 04;
    3570 : 04;
    3571 : 05;
    3572 : 25;
    3573 : 25;
    3574 : 29;
    3575 : 29;
    3576 : 29;
    3577 : 29;
    3578 : 29;
    3579 : 29;
    3580 : 29;
    3581 : 29;
    3582 : 29;
    3583 : 29;
    3584 : 29;
    3585 : 29;
    3586 : 29;
    3587 : 29;
    3588 : 29;
    3589 : 29;
    3590 : 29;
    3591 : 29;
    3592 : 29;
    3593 : 4D;
    3594 : 4D;
    3595 : 4D;
    3596 : 4D;
    3597 : 4D;
    3598 : 29;
    3599 : 49;
    3600 : 4D;
    3601 : 4D;
    3602 : 4D;
    3603 : 4D;
    3604 : 4D;
    3605 : 72;
    3606 : 72;
    3607 : 72;
    3608 : 72;
    3609 : 72;
    3610 : 72;
    3611 : 72;
    3612 : 72;
    3613 : 72;
    3614 : 71;
    3615 : 71;
    3616 : 72;
    3617 : 72;
    3618 : 71;
    3619 : 6D;
    3620 : 71;
    3621 : 71;
    3622 : 6D;
    3623 : 4D;
    3624 : 4D;
    3625 : 4D;
    3626 : 4D;
    3627 : 4D;
    3628 : 4D;
    3629 : 4D;
    3630 : 4D;
    3631 : 4D;
    3632 : 4D;
    3633 : 4D;
    3634 : 29;
    3635 : 29;
    3636 : 25;
    3637 : 29;
    3638 : 25;
    3639 : 05;
    3640 : 04;
    3641 : 04;
    3642 : 04;
    3643 : 04;
    3644 : 04;
    3645 : 04;
    3646 : 04;
    3647 : 04;
    3648 : 04;
    3649 : 24;
    3650 : 4D;
    3651 : 6D;
    3652 : 71;
    3653 : 6D;
    3654 : 6D;
    3655 : 6D;
    3656 : 71;
    3657 : 71;
    3658 : 92;
    3659 : B6;
    3660 : DB;
    3661 : D6;
    3662 : D6;
    3663 : FB;
    3664 : FF;
    3665 : DA;
    3666 : D6;
    3667 : DB;
    3668 : B6;
    3669 : 92;
    3670 : 92;
    3671 : 92;
    3672 : B1;
    3673 : 8D;
    3674 : FA;
    3675 : B0;
    3676 : C4;
    3677 : E0;
    3678 : ED;
    3679 : FA;
    3680 : 91;
    3681 : 91;
    3682 : F2;
    3683 : C0;
    3684 : ED;
    3685 : ED;
    3686 : E0;
    3687 : C9;
    3688 : 96;
    3689 : 92;
    3690 : 92;
    3691 : 91;
    3692 : 92;
    3693 : 71;
    3694 : 6D;
    3695 : 6D;
    3696 : 71;
    3697 : 92;
    3698 : 92;
    3699 : 92;
    3700 : 96;
    3701 : 96;
    3702 : 96;
    3703 : 92;
    3704 : 71;
    3705 : 6D;
    3706 : 6D;
    3707 : 71;
    3708 : 92;
    3709 : 96;
    3710 : 92;
    3711 : 92;
    3712 : 96;
    3713 : 92;
    3714 : 91;
    3715 : 92;
    3716 : B6;
    3717 : BA;
    3718 : B6;
    3719 : B6;
    3720 : B6;
    3721 : 96;
    3722 : 92;
    3723 : 71;
    3724 : 71;
    3725 : 71;
    3726 : 4D;
    3727 : 29;
    3728 : 04;
    3729 : 04;
    3730 : 04;
    3731 : 25;
    3732 : 25;
    3733 : 29;
    3734 : 29;
    3735 : 29;
    3736 : 29;
    3737 : 29;
    3738 : 29;
    3739 : 29;
    3740 : 29;
    3741 : 29;
    3742 : 29;
    3743 : 29;
    3744 : 29;
    3745 : 29;
    3746 : 29;
    3747 : 29;
    3748 : 29;
    3749 : 49;
    3750 : 29;
    3751 : 29;
    3752 : 49;
    3753 : 4D;
    3754 : 4D;
    3755 : 4D;
    3756 : 4D;
    3757 : 4D;
    3758 : 4D;
    3759 : 4D;
    3760 : 4D;
    3761 : 4D;
    3762 : 4D;
    3763 : 4D;
    3764 : 6D;
    3765 : 72;
    3766 : 72;
    3767 : 72;
    3768 : 71;
    3769 : 72;
    3770 : 72;
    3771 : 72;
    3772 : 72;
    3773 : 72;
    3774 : 71;
    3775 : 6D;
    3776 : 72;
    3777 : 72;
    3778 : 72;
    3779 : 71;
    3780 : 72;
    3781 : 71;
    3782 : 72;
    3783 : 6D;
    3784 : 4D;
    3785 : 4D;
    3786 : 4D;
    3787 : 4D;
    3788 : 4D;
    3789 : 4D;
    3790 : 4D;
    3791 : 4D;
    3792 : 4D;
    3793 : 49;
    3794 : 29;
    3795 : 29;
    3796 : 29;
    3797 : 29;
    3798 : 25;
    3799 : 05;
    3800 : 04;
    3801 : 04;
    3802 : 04;
    3803 : 04;
    3804 : 04;
    3805 : 04;
    3806 : 04;
    3807 : 04;
    3808 : 04;
    3809 : 04;
    3810 : 29;
    3811 : 6D;
    3812 : 92;
    3813 : 92;
    3814 : 92;
    3815 : 92;
    3816 : 96;
    3817 : B6;
    3818 : B2;
    3819 : B6;
    3820 : DA;
    3821 : FA;
    3822 : FA;
    3823 : FB;
    3824 : FF;
    3825 : DA;
    3826 : FA;
    3827 : DA;
    3828 : B6;
    3829 : B6;
    3830 : B6;
    3831 : B6;
    3832 : DA;
    3833 : B5;
    3834 : FF;
    3835 : B5;
    3836 : A4;
    3837 : E0;
    3838 : A4;
    3839 : 84;
    3840 : B1;
    3841 : 8D;
    3842 : CD;
    3843 : E0;
    3844 : F2;
    3845 : F2;
    3846 : E0;
    3847 : C9;
    3848 : 96;
    3849 : 96;
    3850 : 96;
    3851 : 92;
    3852 : 92;
    3853 : 92;
    3854 : 92;
    3855 : 92;
    3856 : 92;
    3857 : 96;
    3858 : 92;
    3859 : 92;
    3860 : 92;
    3861 : 96;
    3862 : 92;
    3863 : 92;
    3864 : 72;
    3865 : 6D;
    3866 : 6D;
    3867 : 71;
    3868 : 92;
    3869 : 92;
    3870 : 92;
    3871 : 96;
    3872 : 96;
    3873 : 92;
    3874 : 71;
    3875 : 91;
    3876 : 96;
    3877 : BA;
    3878 : B6;
    3879 : B6;
    3880 : B6;
    3881 : 91;
    3882 : 71;
    3883 : 6D;
    3884 : 71;
    3885 : 6D;
    3886 : 49;
    3887 : 04;
    3888 : 04;
    3889 : 04;
    3890 : 04;
    3891 : 25;
    3892 : 29;
    3893 : 25;
    3894 : 25;
    3895 : 25;
    3896 : 29;
    3897 : 29;
    3898 : 29;
    3899 : 29;
    3900 : 29;
    3901 : 49;
    3902 : 49;
    3903 : 49;
    3904 : 49;
    3905 : 29;
    3906 : 49;
    3907 : 49;
    3908 : 49;
    3909 : 49;
    3910 : 49;
    3911 : 49;
    3912 : 29;
    3913 : 49;
    3914 : 4D;
    3915 : 4D;
    3916 : 4D;
    3917 : 4D;
    3918 : 4D;
    3919 : 4D;
    3920 : 4D;
    3921 : 4D;
    3922 : 4D;
    3923 : 4D;
    3924 : 6D;
    3925 : 71;
    3926 : 71;
    3927 : 72;
    3928 : 72;
    3929 : 72;
    3930 : 72;
    3931 : 72;
    3932 : 72;
    3933 : 72;
    3934 : 71;
    3935 : 71;
    3936 : 71;
    3937 : 72;
    3938 : 72;
    3939 : 72;
    3940 : 71;
    3941 : 71;
    3942 : 71;
    3943 : 71;
    3944 : 71;
    3945 : 4D;
    3946 : 4D;
    3947 : 4D;
    3948 : 4D;
    3949 : 4D;
    3950 : 4D;
    3951 : 4D;
    3952 : 4D;
    3953 : 4D;
    3954 : 29;
    3955 : 29;
    3956 : 29;
    3957 : 29;
    3958 : 29;
    3959 : 25;
    3960 : 05;
    3961 : 04;
    3962 : 05;
    3963 : 04;
    3964 : 04;
    3965 : 05;
    3966 : 04;
    3967 : 04;
    3968 : 05;
    3969 : 25;
    3970 : 29;
    3971 : 72;
    3972 : B6;
    3973 : B6;
    3974 : B6;
    3975 : B6;
    3976 : B7;
    3977 : DB;
    3978 : DB;
    3979 : DA;
    3980 : DA;
    3981 : FA;
    3982 : FF;
    3983 : FF;
    3984 : FF;
    3985 : FF;
    3986 : FA;
    3987 : DA;
    3988 : FA;
    3989 : DB;
    3990 : DB;
    3991 : DB;
    3992 : DB;
    3993 : B5;
    3994 : FB;
    3995 : DA;
    3996 : C8;
    3997 : E0;
    3998 : CD;
    3999 : C0;
    4000 : 8D;
    4001 : 68;
    4002 : CD;
    4003 : C0;
    4004 : F6;
    4005 : FB;
    4006 : E0;
    4007 : C9;
    4008 : 96;
    4009 : 96;
    4010 : B6;
    4011 : B6;
    4012 : B6;
    4013 : B6;
    4014 : B6;
    4015 : 92;
    4016 : 92;
    4017 : 96;
    4018 : B6;
    4019 : 92;
    4020 : 92;
    4021 : 72;
    4022 : 72;
    4023 : 72;
    4024 : 6D;
    4025 : 4D;
    4026 : 29;
    4027 : 4D;
    4028 : 6D;
    4029 : 72;
    4030 : 92;
    4031 : 92;
    4032 : 92;
    4033 : 91;
    4034 : 6D;
    4035 : 6D;
    4036 : 91;
    4037 : B6;
    4038 : B6;
    4039 : B6;
    4040 : B6;
    4041 : 71;
    4042 : 6D;
    4043 : 6D;
    4044 : 71;
    4045 : 4D;
    4046 : 29;
    4047 : 04;
    4048 : 04;
    4049 : 04;
    4050 : 04;
    4051 : 25;
    4052 : 25;
    4053 : 25;
    4054 : 05;
    4055 : 25;
    4056 : 29;
    4057 : 49;
    4058 : 4D;
    4059 : 4D;
    4060 : 4D;
    4061 : 6D;
    4062 : 6D;
    4063 : 6D;
    4064 : 6D;
    4065 : 6D;
    4066 : 6D;
    4067 : 4D;
    4068 : 6D;
    4069 : 4D;
    4070 : 4D;
    4071 : 49;
    4072 : 49;
    4073 : 4D;
    4074 : 4D;
    4075 : 4D;
    4076 : 6D;
    4077 : 4D;
    4078 : 4D;
    4079 : 4D;
    4080 : 6D;
    4081 : 4D;
    4082 : 4D;
    4083 : 4D;
    4084 : 4D;
    4085 : 6D;
    4086 : 6D;
    4087 : 71;
    4088 : 71;
    4089 : 71;
    4090 : 72;
    4091 : 72;
    4092 : 72;
    4093 : 72;
    4094 : 72;
    4095 : 72;
    4096 : 72;
    4097 : 72;
    4098 : 72;
    4099 : 72;
    4100 : 71;
    4101 : 71;
    4102 : 71;
    4103 : 6D;
    4104 : 71;
    4105 : 6D;
    4106 : 4D;
    4107 : 4D;
    4108 : 4D;
    4109 : 4D;
    4110 : 4D;
    4111 : 4D;
    4112 : 4D;
    4113 : 4D;
    4114 : 49;
    4115 : 29;
    4116 : 29;
    4117 : 29;
    4118 : 29;
    4119 : 29;
    4120 : 29;
    4121 : 05;
    4122 : 05;
    4123 : 04;
    4124 : 05;
    4125 : 05;
    4126 : 05;
    4127 : 04;
    4128 : 29;
    4129 : 6E;
    4130 : 72;
    4131 : 96;
    4132 : B6;
    4133 : DB;
    4134 : DB;
    4135 : DB;
    4136 : DB;
    4137 : DB;
    4138 : DB;
    4139 : DB;
    4140 : FB;
    4141 : FB;
    4142 : FF;
    4143 : FF;
    4144 : FF;
    4145 : FF;
    4146 : FB;
    4147 : FB;
    4148 : FB;
    4149 : DB;
    4150 : DB;
    4151 : FB;
    4152 : D6;
    4153 : 8D;
    4154 : DA;
    4155 : B1;
    4156 : C8;
    4157 : E0;
    4158 : A9;
    4159 : ED;
    4160 : 91;
    4161 : 6D;
    4162 : CD;
    4163 : E0;
    4164 : CD;
    4165 : 89;
    4166 : C0;
    4167 : A9;
    4168 : 96;
    4169 : 96;
    4170 : B6;
    4171 : B6;
    4172 : 96;
    4173 : 96;
    4174 : 92;
    4175 : 71;
    4176 : 6D;
    4177 : 71;
    4178 : 71;
    4179 : 6D;
    4180 : 71;
    4181 : 72;
    4182 : 71;
    4183 : 4D;
    4184 : 29;
    4185 : 24;
    4186 : 04;
    4187 : 25;
    4188 : 29;
    4189 : 4D;
    4190 : 71;
    4191 : 92;
    4192 : 72;
    4193 : 71;
    4194 : 4D;
    4195 : 6D;
    4196 : 92;
    4197 : B6;
    4198 : B6;
    4199 : B6;
    4200 : B6;
    4201 : 91;
    4202 : 71;
    4203 : 71;
    4204 : 72;
    4205 : 4D;
    4206 : 25;
    4207 : 04;
    4208 : 04;
    4209 : 04;
    4210 : 04;
    4211 : 05;
    4212 : 05;
    4213 : 25;
    4214 : 25;
    4215 : 29;
    4216 : 29;
    4217 : 49;
    4218 : 4D;
    4219 : 71;
    4220 : 71;
    4221 : 92;
    4222 : 92;
    4223 : 92;
    4224 : 92;
    4225 : 92;
    4226 : 92;
    4227 : 92;
    4228 : 91;
    4229 : 91;
    4230 : 91;
    4231 : 91;
    4232 : 91;
    4233 : 92;
    4234 : 92;
    4235 : 92;
    4236 : 92;
    4237 : 92;
    4238 : 92;
    4239 : 92;
    4240 : 92;
    4241 : 92;
    4242 : 92;
    4243 : 91;
    4244 : 71;
    4245 : 6D;
    4246 : 6D;
    4247 : 6D;
    4248 : 6D;
    4249 : 71;
    4250 : 71;
    4251 : 71;
    4252 : 71;
    4253 : 92;
    4254 : 92;
    4255 : 92;
    4256 : 92;
    4257 : 92;
    4258 : 92;
    4259 : 92;
    4260 : 71;
    4261 : 71;
    4262 : 71;
    4263 : 71;
    4264 : 71;
    4265 : 71;
    4266 : 71;
    4267 : 6D;
    4268 : 6D;
    4269 : 6D;
    4270 : 6D;
    4271 : 4D;
    4272 : 4D;
    4273 : 4D;
    4274 : 49;
    4275 : 49;
    4276 : 49;
    4277 : 29;
    4278 : 29;
    4279 : 29;
    4280 : 29;
    4281 : 29;
    4282 : 25;
    4283 : 25;
    4284 : 25;
    4285 : 05;
    4286 : 05;
    4287 : 05;
    4288 : 04;
    4289 : 04;
    4290 : 04;
    4291 : 4D;
    4292 : 92;
    4293 : B6;
    4294 : B6;
    4295 : D6;
    4296 : D6;
    4297 : B6;
    4298 : B6;
    4299 : 92;
    4300 : B6;
    4301 : DA;
    4302 : FB;
    4303 : FF;
    4304 : FF;
    4305 : FB;
    4306 : DA;
    4307 : B6;
    4308 : B6;
    4309 : B6;
    4310 : B6;
    4311 : D6;
    4312 : B1;
    4313 : 6C;
    4314 : D5;
    4315 : 8C;
    4316 : C8;
    4317 : E0;
    4318 : C9;
    4319 : ED;
    4320 : B5;
    4321 : 91;
    4322 : CD;
    4323 : E0;
    4324 : C9;
    4325 : C9;
    4326 : E0;
    4327 : A9;
    4328 : 72;
    4329 : 92;
    4330 : 96;
    4331 : 92;
    4332 : 92;
    4333 : 72;
    4334 : 71;
    4335 : 4D;
    4336 : 4D;
    4337 : 49;
    4338 : 29;
    4339 : 29;
    4340 : 29;
    4341 : 4D;
    4342 : 4D;
    4343 : 29;
    4344 : 04;
    4345 : 04;
    4346 : 04;
    4347 : 04;
    4348 : 24;
    4349 : 29;
    4350 : 6D;
    4351 : 72;
    4352 : 92;
    4353 : 92;
    4354 : 4D;
    4355 : 6D;
    4356 : 96;
    4357 : B6;
    4358 : B6;
    4359 : B6;
    4360 : B6;
    4361 : 92;
    4362 : 71;
    4363 : 72;
    4364 : 72;
    4365 : 4D;
    4366 : 29;
    4367 : 04;
    4368 : 04;
    4369 : 04;
    4370 : 04;
    4371 : 05;
    4372 : 05;
    4373 : 25;
    4374 : 29;
    4375 : 29;
    4376 : 49;
    4377 : 49;
    4378 : 6D;
    4379 : 71;
    4380 : 92;
    4381 : 92;
    4382 : 92;
    4383 : 91;
    4384 : 92;
    4385 : 92;
    4386 : 92;
    4387 : B2;
    4388 : B2;
    4389 : B6;
    4390 : B6;
    4391 : B6;
    4392 : B6;
    4393 : B6;
    4394 : B6;
    4395 : B6;
    4396 : B6;
    4397 : B6;
    4398 : B6;
    4399 : B6;
    4400 : B6;
    4401 : B6;
    4402 : B6;
    4403 : B6;
    4404 : B6;
    4405 : B6;
    4406 : 92;
    4407 : 92;
    4408 : 91;
    4409 : 91;
    4410 : 71;
    4411 : 71;
    4412 : 91;
    4413 : 92;
    4414 : B6;
    4415 : B2;
    4416 : 92;
    4417 : 91;
    4418 : 71;
    4419 : 6D;
    4420 : 6D;
    4421 : 71;
    4422 : 71;
    4423 : 71;
    4424 : 71;
    4425 : 91;
    4426 : 71;
    4427 : 71;
    4428 : 71;
    4429 : 71;
    4430 : 71;
    4431 : 71;
    4432 : 6D;
    4433 : 4D;
    4434 : 4D;
    4435 : 49;
    4436 : 29;
    4437 : 29;
    4438 : 29;
    4439 : 29;
    4440 : 29;
    4441 : 29;
    4442 : 29;
    4443 : 29;
    4444 : 25;
    4445 : 25;
    4446 : 25;
    4447 : 05;
    4448 : 04;
    4449 : 04;
    4450 : 04;
    4451 : 49;
    4452 : 91;
    4453 : B6;
    4454 : B6;
    4455 : D6;
    4456 : D6;
    4457 : DA;
    4458 : B6;
    4459 : B6;
    4460 : DA;
    4461 : DA;
    4462 : D6;
    4463 : DB;
    4464 : FF;
    4465 : DA;
    4466 : DA;
    4467 : D6;
    4468 : B6;
    4469 : B6;
    4470 : B6;
    4471 : B6;
    4472 : B1;
    4473 : 68;
    4474 : D1;
    4475 : 68;
    4476 : C8;
    4477 : E4;
    4478 : CD;
    4479 : ED;
    4480 : D5;
    4481 : 8D;
    4482 : CD;
    4483 : E0;
    4484 : F6;
    4485 : F2;
    4486 : E0;
    4487 : A9;
    4488 : 71;
    4489 : 4D;
    4490 : 4D;
    4491 : 6D;
    4492 : 6D;
    4493 : 4D;
    4494 : 49;
    4495 : 49;
    4496 : 49;
    4497 : 29;
    4498 : 24;
    4499 : 04;
    4500 : 29;
    4501 : 29;
    4502 : 25;
    4503 : 04;
    4504 : 04;
    4505 : 04;
    4506 : 04;
    4507 : 04;
    4508 : 24;
    4509 : 29;
    4510 : 49;
    4511 : 6D;
    4512 : 92;
    4513 : 72;
    4514 : 4D;
    4515 : 6D;
    4516 : 91;
    4517 : B6;
    4518 : B6;
    4519 : B6;
    4520 : B6;
    4521 : 91;
    4522 : 71;
    4523 : 71;
    4524 : 71;
    4525 : 6D;
    4526 : 29;
    4527 : 04;
    4528 : 04;
    4529 : 04;
    4530 : 04;
    4531 : 04;
    4532 : 25;
    4533 : 29;
    4534 : 29;
    4535 : 49;
    4536 : 4D;
    4537 : 4D;
    4538 : 6D;
    4539 : 6D;
    4540 : 91;
    4541 : 91;
    4542 : 91;
    4543 : 91;
    4544 : 92;
    4545 : B2;
    4546 : B6;
    4547 : B6;
    4548 : B6;
    4549 : B6;
    4550 : B6;
    4551 : B6;
    4552 : B6;
    4553 : B6;
    4554 : B6;
    4555 : D6;
    4556 : D6;
    4557 : D6;
    4558 : D6;
    4559 : D6;
    4560 : D6;
    4561 : D6;
    4562 : D6;
    4563 : D6;
    4564 : D6;
    4565 : DA;
    4566 : DA;
    4567 : B6;
    4568 : B6;
    4569 : B6;
    4570 : B6;
    4571 : B6;
    4572 : B6;
    4573 : B6;
    4574 : B6;
    4575 : B6;
    4576 : B6;
    4577 : 96;
    4578 : 92;
    4579 : 92;
    4580 : 92;
    4581 : B6;
    4582 : B6;
    4583 : 92;
    4584 : 92;
    4585 : 96;
    4586 : 96;
    4587 : 92;
    4588 : 92;
    4589 : 96;
    4590 : 92;
    4591 : 92;
    4592 : 72;
    4593 : 71;
    4594 : 4D;
    4595 : 4D;
    4596 : 49;
    4597 : 49;
    4598 : 49;
    4599 : 49;
    4600 : 49;
    4601 : 29;
    4602 : 29;
    4603 : 29;
    4604 : 29;
    4605 : 29;
    4606 : 25;
    4607 : 25;
    4608 : 05;
    4609 : 04;
    4610 : 04;
    4611 : 29;
    4612 : 71;
    4613 : B6;
    4614 : D6;
    4615 : D6;
    4616 : DA;
    4617 : B6;
    4618 : B6;
    4619 : D6;
    4620 : D6;
    4621 : B6;
    4622 : B6;
    4623 : DB;
    4624 : FF;
    4625 : D6;
    4626 : B6;
    4627 : D6;
    4628 : B6;
    4629 : B6;
    4630 : B6;
    4631 : DA;
    4632 : B1;
    4633 : 68;
    4634 : AC;
    4635 : 8C;
    4636 : C9;
    4637 : E0;
    4638 : C4;
    4639 : ED;
    4640 : B1;
    4641 : 6D;
    4642 : CD;
    4643 : C0;
    4644 : F6;
    4645 : FB;
    4646 : E0;
    4647 : A9;
    4648 : 72;
    4649 : 4D;
    4650 : 29;
    4651 : 29;
    4652 : 29;
    4653 : 25;
    4654 : 25;
    4655 : 25;
    4656 : 25;
    4657 : 04;
    4658 : 04;
    4659 : 04;
    4660 : 04;
    4661 : 25;
    4662 : 04;
    4663 : 04;
    4664 : 04;
    4665 : 04;
    4666 : 04;
    4667 : 04;
    4668 : 29;
    4669 : 29;
    4670 : 29;
    4671 : 49;
    4672 : 6D;
    4673 : 71;
    4674 : 4D;
    4675 : 6D;
    4676 : 96;
    4677 : B6;
    4678 : B6;
    4679 : B6;
    4680 : B6;
    4681 : 91;
    4682 : 71;
    4683 : 6D;
    4684 : 6D;
    4685 : 6D;
    4686 : 29;
    4687 : 04;
    4688 : 04;
    4689 : 04;
    4690 : 04;
    4691 : 04;
    4692 : 25;
    4693 : 29;
    4694 : 49;
    4695 : 49;
    4696 : 4D;
    4697 : 6D;
    4698 : 6D;
    4699 : 6D;
    4700 : 8D;
    4701 : 91;
    4702 : 91;
    4703 : 91;
    4704 : 91;
    4705 : 91;
    4706 : B2;
    4707 : B2;
    4708 : B2;
    4709 : B2;
    4710 : B6;
    4711 : B6;
    4712 : B6;
    4713 : B6;
    4714 : D6;
    4715 : B6;
    4716 : D6;
    4717 : D6;
    4718 : D6;
    4719 : D6;
    4720 : D6;
    4721 : D6;
    4722 : D6;
    4723 : D6;
    4724 : D6;
    4725 : D6;
    4726 : D6;
    4727 : D6;
    4728 : D6;
    4729 : DA;
    4730 : DA;
    4731 : DA;
    4732 : DA;
    4733 : DA;
    4734 : D6;
    4735 : D6;
    4736 : DA;
    4737 : DA;
    4738 : D6;
    4739 : D6;
    4740 : DA;
    4741 : DA;
    4742 : D6;
    4743 : D6;
    4744 : D6;
    4745 : D6;
    4746 : D6;
    4747 : D6;
    4748 : B6;
    4749 : B6;
    4750 : B6;
    4751 : B6;
    4752 : B6;
    4753 : 92;
    4754 : 91;
    4755 : 71;
    4756 : 71;
    4757 : 6D;
    4758 : 6D;
    4759 : 6D;
    4760 : 4D;
    4761 : 4D;
    4762 : 49;
    4763 : 29;
    4764 : 29;
    4765 : 29;
    4766 : 29;
    4767 : 25;
    4768 : 25;
    4769 : 04;
    4770 : 04;
    4771 : 29;
    4772 : 71;
    4773 : B6;
    4774 : D6;
    4775 : D6;
    4776 : DA;
    4777 : B6;
    4778 : B6;
    4779 : DA;
    4780 : B6;
    4781 : 92;
    4782 : B6;
    4783 : DB;
    4784 : FF;
    4785 : D6;
    4786 : D6;
    4787 : D6;
    4788 : B6;
    4789 : B6;
    4790 : B6;
    4791 : DA;
    4792 : 91;
    4793 : 68;
    4794 : AC;
    4795 : 8C;
    4796 : C9;
    4797 : E0;
    4798 : F2;
    4799 : F6;
    4800 : D5;
    4801 : 91;
    4802 : CD;
    4803 : E0;
    4804 : F6;
    4805 : AD;
    4806 : C0;
    4807 : A9;
    4808 : 51;
    4809 : 49;
    4810 : 29;
    4811 : 25;
    4812 : 25;
    4813 : 04;
    4814 : 04;
    4815 : 04;
    4816 : 04;
    4817 : 04;
    4818 : 04;
    4819 : 04;
    4820 : 24;
    4821 : 25;
    4822 : 29;
    4823 : 29;
    4824 : 29;
    4825 : 25;
    4826 : 04;
    4827 : 29;
    4828 : 29;
    4829 : 49;
    4830 : 29;
    4831 : 4D;
    4832 : 4D;
    4833 : 4D;
    4834 : 4D;
    4835 : 6D;
    4836 : 96;
    4837 : B6;
    4838 : B6;
    4839 : B6;
    4840 : B6;
    4841 : 91;
    4842 : 71;
    4843 : 6D;
    4844 : 6D;
    4845 : 6D;
    4846 : 49;
    4847 : 24;
    4848 : 04;
    4849 : 04;
    4850 : 04;
    4851 : 04;
    4852 : 25;
    4853 : 29;
    4854 : 49;
    4855 : 49;
    4856 : 4D;
    4857 : 6D;
    4858 : 6D;
    4859 : 6D;
    4860 : 6D;
    4861 : 6D;
    4862 : 8D;
    4863 : 91;
    4864 : 91;
    4865 : 91;
    4866 : 91;
    4867 : 91;
    4868 : B1;
    4869 : B1;
    4870 : B2;
    4871 : B2;
    4872 : B6;
    4873 : B6;
    4874 : D6;
    4875 : D6;
    4876 : D6;
    4877 : D6;
    4878 : D6;
    4879 : D6;
    4880 : D6;
    4881 : D6;
    4882 : D6;
    4883 : D6;
    4884 : D6;
    4885 : D6;
    4886 : D6;
    4887 : D6;
    4888 : D6;
    4889 : D6;
    4890 : D6;
    4891 : D6;
    4892 : D6;
    4893 : D6;
    4894 : D6;
    4895 : D6;
    4896 : D6;
    4897 : D6;
    4898 : D6;
    4899 : D6;
    4900 : D6;
    4901 : D6;
    4902 : D6;
    4903 : D6;
    4904 : D6;
    4905 : D6;
    4906 : D6;
    4907 : D6;
    4908 : D6;
    4909 : D6;
    4910 : D6;
    4911 : D6;
    4912 : B6;
    4913 : B6;
    4914 : B6;
    4915 : B6;
    4916 : B2;
    4917 : 91;
    4918 : 91;
    4919 : 91;
    4920 : 8D;
    4921 : 6D;
    4922 : 6D;
    4923 : 6D;
    4924 : 4D;
    4925 : 49;
    4926 : 29;
    4927 : 29;
    4928 : 25;
    4929 : 04;
    4930 : 04;
    4931 : 49;
    4932 : 71;
    4933 : B6;
    4934 : B6;
    4935 : D6;
    4936 : D6;
    4937 : D6;
    4938 : D6;
    4939 : D6;
    4940 : DA;
    4941 : B6;
    4942 : B2;
    4943 : DB;
    4944 : FF;
    4945 : B6;
    4946 : D6;
    4947 : D6;
    4948 : DA;
    4949 : D6;
    4950 : B6;
    4951 : DA;
    4952 : 91;
    4953 : 68;
    4954 : AC;
    4955 : 8C;
    4956 : C8;
    4957 : E0;
    4958 : ED;
    4959 : F2;
    4960 : D5;
    4961 : B1;
    4962 : CD;
    4963 : E0;
    4964 : CD;
    4965 : A4;
    4966 : E0;
    4967 : 89;
    4968 : 2D;
    4969 : 29;
    4970 : 29;
    4971 : 29;
    4972 : 25;
    4973 : 25;
    4974 : 25;
    4975 : 25;
    4976 : 04;
    4977 : 04;
    4978 : 04;
    4979 : 29;
    4980 : 29;
    4981 : 29;
    4982 : 29;
    4983 : 29;
    4984 : 29;
    4985 : 29;
    4986 : 05;
    4987 : 25;
    4988 : 29;
    4989 : 29;
    4990 : 29;
    4991 : 4D;
    4992 : 4D;
    4993 : 49;
    4994 : 29;
    4995 : 6D;
    4996 : 96;
    4997 : B6;
    4998 : B6;
    4999 : B6;
    5000 : B6;
    5001 : 91;
    5002 : 6D;
    5003 : 71;
    5004 : 92;
    5005 : 72;
    5006 : 49;
    5007 : 24;
    5008 : 04;
    5009 : 04;
    5010 : 04;
    5011 : 04;
    5012 : 29;
    5013 : 29;
    5014 : 49;
    5015 : 4D;
    5016 : 4D;
    5017 : 6D;
    5018 : 6D;
    5019 : 6D;
    5020 : 6D;
    5021 : 6D;
    5022 : 8D;
    5023 : 91;
    5024 : 91;
    5025 : B1;
    5026 : B1;
    5027 : B1;
    5028 : B1;
    5029 : B1;
    5030 : B2;
    5031 : B2;
    5032 : B6;
    5033 : B6;
    5034 : D6;
    5035 : D6;
    5036 : D6;
    5037 : D6;
    5038 : D6;
    5039 : D6;
    5040 : D6;
    5041 : D6;
    5042 : D6;
    5043 : D6;
    5044 : D6;
    5045 : D6;
    5046 : D6;
    5047 : D6;
    5048 : D6;
    5049 : D6;
    5050 : D6;
    5051 : D6;
    5052 : D6;
    5053 : D6;
    5054 : D6;
    5055 : D6;
    5056 : D6;
    5057 : D6;
    5058 : D6;
    5059 : D6;
    5060 : D6;
    5061 : D6;
    5062 : D6;
    5063 : D6;
    5064 : D6;
    5065 : D6;
    5066 : D6;
    5067 : D6;
    5068 : D6;
    5069 : D6;
    5070 : D6;
    5071 : B6;
    5072 : B6;
    5073 : B6;
    5074 : B6;
    5075 : B6;
    5076 : B6;
    5077 : B6;
    5078 : B6;
    5079 : B2;
    5080 : 91;
    5081 : 91;
    5082 : 92;
    5083 : 72;
    5084 : 6D;
    5085 : 4D;
    5086 : 29;
    5087 : 29;
    5088 : 25;
    5089 : 04;
    5090 : 04;
    5091 : 4D;
    5092 : 92;
    5093 : B6;
    5094 : B6;
    5095 : D6;
    5096 : D6;
    5097 : DA;
    5098 : D6;
    5099 : D6;
    5100 : DA;
    5101 : B6;
    5102 : B6;
    5103 : DB;
    5104 : FB;
    5105 : DA;
    5106 : D6;
    5107 : D6;
    5108 : D6;
    5109 : D6;
    5110 : D6;
    5111 : DA;
    5112 : 91;
    5113 : 68;
    5114 : AC;
    5115 : 8C;
    5116 : CD;
    5117 : E4;
    5118 : D2;
    5119 : F2;
    5120 : B1;
    5121 : B6;
    5122 : D1;
    5123 : C0;
    5124 : F2;
    5125 : ED;
    5126 : E0;
    5127 : 89;
    5128 : 29;
    5129 : 49;
    5130 : 4D;
    5131 : 49;
    5132 : 29;
    5133 : 29;
    5134 : 29;
    5135 : 29;
    5136 : 24;
    5137 : 04;
    5138 : 04;
    5139 : 29;
    5140 : 29;
    5141 : 25;
    5142 : 04;
    5143 : 04;
    5144 : 29;
    5145 : 29;
    5146 : 04;
    5147 : 04;
    5148 : 04;
    5149 : 04;
    5150 : 25;
    5151 : 29;
    5152 : 29;
    5153 : 29;
    5154 : 29;
    5155 : 4D;
    5156 : 92;
    5157 : B6;
    5158 : B6;
    5159 : B6;
    5160 : B6;
    5161 : 92;
    5162 : 91;
    5163 : 6D;
    5164 : 92;
    5165 : 92;
    5166 : 6D;
    5167 : 29;
    5168 : 00;
    5169 : 00;
    5170 : 04;
    5171 : 25;
    5172 : 29;
    5173 : 49;
    5174 : 4D;
    5175 : 4D;
    5176 : 4D;
    5177 : 6D;
    5178 : 6D;
    5179 : 6D;
    5180 : 6D;
    5181 : 91;
    5182 : 91;
    5183 : 91;
    5184 : 91;
    5185 : B1;
    5186 : B2;
    5187 : B2;
    5188 : B1;
    5189 : B1;
    5190 : B2;
    5191 : B6;
    5192 : B6;
    5193 : B2;
    5194 : D2;
    5195 : D5;
    5196 : D2;
    5197 : D6;
    5198 : D6;
    5199 : D6;
    5200 : D6;
    5201 : D6;
    5202 : D6;
    5203 : D6;
    5204 : D6;
    5205 : D6;
    5206 : D6;
    5207 : D6;
    5208 : D6;
    5209 : D6;
    5210 : D6;
    5211 : D6;
    5212 : D6;
    5213 : D6;
    5214 : D6;
    5215 : D6;
    5216 : D6;
    5217 : D6;
    5218 : D6;
    5219 : D6;
    5220 : D6;
    5221 : D6;
    5222 : D6;
    5223 : D6;
    5224 : D6;
    5225 : D6;
    5226 : D6;
    5227 : D6;
    5228 : D6;
    5229 : D6;
    5230 : D6;
    5231 : B6;
    5232 : B6;
    5233 : B6;
    5234 : B6;
    5235 : B6;
    5236 : B2;
    5237 : B1;
    5238 : B1;
    5239 : B1;
    5240 : 91;
    5241 : 91;
    5242 : 92;
    5243 : 72;
    5244 : 6D;
    5245 : 49;
    5246 : 29;
    5247 : 29;
    5248 : 24;
    5249 : 04;
    5250 : 24;
    5251 : 6D;
    5252 : B6;
    5253 : B6;
    5254 : D6;
    5255 : DA;
    5256 : D6;
    5257 : D6;
    5258 : D6;
    5259 : D6;
    5260 : D6;
    5261 : DA;
    5262 : DA;
    5263 : DB;
    5264 : DB;
    5265 : DA;
    5266 : D6;
    5267 : D6;
    5268 : D6;
    5269 : D6;
    5270 : B6;
    5271 : DA;
    5272 : 91;
    5273 : 68;
    5274 : B0;
    5275 : 8C;
    5276 : C9;
    5277 : E4;
    5278 : CD;
    5279 : CD;
    5280 : B1;
    5281 : B6;
    5282 : F2;
    5283 : C0;
    5284 : F2;
    5285 : F6;
    5286 : E0;
    5287 : 84;
    5288 : 29;
    5289 : 29;
    5290 : 49;
    5291 : 29;
    5292 : 29;
    5293 : 29;
    5294 : 29;
    5295 : 25;
    5296 : 04;
    5297 : 04;
    5298 : 04;
    5299 : 04;
    5300 : 04;
    5301 : 04;
    5302 : 04;
    5303 : 04;
    5304 : 04;
    5305 : 04;
    5306 : 04;
    5307 : 04;
    5308 : 04;
    5309 : 04;
    5310 : 04;
    5311 : 25;
    5312 : 25;
    5313 : 25;
    5314 : 24;
    5315 : 49;
    5316 : 71;
    5317 : B6;
    5318 : B6;
    5319 : B6;
    5320 : B6;
    5321 : B6;
    5322 : 91;
    5323 : 6D;
    5324 : 6D;
    5325 : 92;
    5326 : 92;
    5327 : 49;
    5328 : 04;
    5329 : 00;
    5330 : 04;
    5331 : 29;
    5332 : 49;
    5333 : 4D;
    5334 : 4D;
    5335 : 49;
    5336 : 4D;
    5337 : 6D;
    5338 : 6D;
    5339 : 6D;
    5340 : 6D;
    5341 : 4D;
    5342 : 6D;
    5343 : 6D;
    5344 : 6D;
    5345 : 91;
    5346 : 91;
    5347 : 92;
    5348 : B2;
    5349 : B6;
    5350 : B6;
    5351 : B6;
    5352 : B6;
    5353 : B6;
    5354 : B6;
    5355 : D6;
    5356 : D6;
    5357 : D6;
    5358 : D6;
    5359 : D6;
    5360 : D6;
    5361 : D6;
    5362 : D6;
    5363 : D6;
    5364 : D6;
    5365 : D6;
    5366 : D6;
    5367 : D6;
    5368 : D6;
    5369 : D6;
    5370 : D6;
    5371 : D6;
    5372 : D6;
    5373 : D6;
    5374 : D6;
    5375 : D6;
    5376 : D6;
    5377 : D6;
    5378 : D6;
    5379 : D6;
    5380 : D6;
    5381 : D6;
    5382 : D6;
    5383 : D6;
    5384 : D6;
    5385 : D6;
    5386 : D6;
    5387 : D6;
    5388 : D6;
    5389 : D6;
    5390 : D6;
    5391 : B2;
    5392 : B2;
    5393 : B2;
    5394 : B1;
    5395 : B1;
    5396 : B1;
    5397 : B1;
    5398 : 91;
    5399 : 91;
    5400 : 91;
    5401 : 91;
    5402 : 91;
    5403 : 71;
    5404 : 6D;
    5405 : 49;
    5406 : 29;
    5407 : 29;
    5408 : 24;
    5409 : 24;
    5410 : 49;
    5411 : 92;
    5412 : B6;
    5413 : B6;
    5414 : D6;
    5415 : D6;
    5416 : D6;
    5417 : D6;
    5418 : D6;
    5419 : D6;
    5420 : D6;
    5421 : D6;
    5422 : B6;
    5423 : B6;
    5424 : DB;
    5425 : D6;
    5426 : D6;
    5427 : D6;
    5428 : D6;
    5429 : D6;
    5430 : B6;
    5431 : DA;
    5432 : 91;
    5433 : 6C;
    5434 : B1;
    5435 : B5;
    5436 : ED;
    5437 : E4;
    5438 : FB;
    5439 : F6;
    5440 : B5;
    5441 : 91;
    5442 : CD;
    5443 : C0;
    5444 : ED;
    5445 : F6;
    5446 : E4;
    5447 : 84;
    5448 : 09;
    5449 : 29;
    5450 : 29;
    5451 : 29;
    5452 : 25;
    5453 : 25;
    5454 : 25;
    5455 : 04;
    5456 : 04;
    5457 : 04;
    5458 : 04;
    5459 : 04;
    5460 : 04;
    5461 : 04;
    5462 : 04;
    5463 : 04;
    5464 : 04;
    5465 : 04;
    5466 : 04;
    5467 : 04;
    5468 : 04;
    5469 : 04;
    5470 : 04;
    5471 : 04;
    5472 : 04;
    5473 : 04;
    5474 : 04;
    5475 : 29;
    5476 : 6D;
    5477 : 96;
    5478 : B6;
    5479 : B6;
    5480 : B6;
    5481 : B6;
    5482 : 92;
    5483 : 8D;
    5484 : 6D;
    5485 : 8D;
    5486 : 92;
    5487 : 6D;
    5488 : 25;
    5489 : 04;
    5490 : 04;
    5491 : 29;
    5492 : 49;
    5493 : 49;
    5494 : 49;
    5495 : 49;
    5496 : 49;
    5497 : 4D;
    5498 : 4D;
    5499 : 29;
    5500 : 24;
    5501 : 24;
    5502 : 24;
    5503 : 24;
    5504 : 24;
    5505 : 49;
    5506 : 49;
    5507 : 6D;
    5508 : 6D;
    5509 : 91;
    5510 : 92;
    5511 : 92;
    5512 : B6;
    5513 : B6;
    5514 : B6;
    5515 : B6;
    5516 : D6;
    5517 : D6;
    5518 : D6;
    5519 : D6;
    5520 : D6;
    5521 : D6;
    5522 : D6;
    5523 : D6;
    5524 : D6;
    5525 : D6;
    5526 : D6;
    5527 : D6;
    5528 : D6;
    5529 : D6;
    5530 : D6;
    5531 : D6;
    5532 : D6;
    5533 : D6;
    5534 : D6;
    5535 : D6;
    5536 : D6;
    5537 : D6;
    5538 : D6;
    5539 : D6;
    5540 : D6;
    5541 : D6;
    5542 : D6;
    5543 : D6;
    5544 : D6;
    5545 : D6;
    5546 : D6;
    5547 : D6;
    5548 : D6;
    5549 : D6;
    5550 : D6;
    5551 : B2;
    5552 : B2;
    5553 : B1;
    5554 : B1;
    5555 : B1;
    5556 : B1;
    5557 : 91;
    5558 : 91;
    5559 : 91;
    5560 : 8D;
    5561 : 8D;
    5562 : 71;
    5563 : 71;
    5564 : 6D;
    5565 : 49;
    5566 : 29;
    5567 : 24;
    5568 : 24;
    5569 : 28;
    5570 : 6D;
    5571 : 96;
    5572 : B6;
    5573 : B6;
    5574 : B6;
    5575 : B6;
    5576 : D6;
    5577 : D6;
    5578 : D6;
    5579 : B6;
    5580 : D6;
    5581 : D6;
    5582 : B6;
    5583 : B6;
    5584 : DB;
    5585 : D6;
    5586 : D6;
    5587 : D6;
    5588 : D6;
    5589 : D6;
    5590 : D6;
    5591 : DA;
    5592 : B1;
    5593 : 8C;
    5594 : B5;
    5595 : D9;
    5596 : F1;
    5597 : E4;
    5598 : FB;
    5599 : FB;
    5600 : D6;
    5601 : B5;
    5602 : D1;
    5603 : C0;
    5604 : F6;
    5605 : FA;
    5606 : E4;
    5607 : 84;
    5608 : 05;
    5609 : 24;
    5610 : 25;
    5611 : 25;
    5612 : 29;
    5613 : 29;
    5614 : 29;
    5615 : 29;
    5616 : 29;
    5617 : 29;
    5618 : 29;
    5619 : 29;
    5620 : 29;
    5621 : 29;
    5622 : 25;
    5623 : 25;
    5624 : 04;
    5625 : 04;
    5626 : 04;
    5627 : 25;
    5628 : 25;
    5629 : 29;
    5630 : 25;
    5631 : 25;
    5632 : 29;
    5633 : 29;
    5634 : 29;
    5635 : 49;
    5636 : 6D;
    5637 : 92;
    5638 : B6;
    5639 : B6;
    5640 : B6;
    5641 : B2;
    5642 : 92;
    5643 : 91;
    5644 : 6D;
    5645 : 6D;
    5646 : 91;
    5647 : 4D;
    5648 : 24;
    5649 : 04;
    5650 : 04;
    5651 : 29;
    5652 : 49;
    5653 : 49;
    5654 : 29;
    5655 : 29;
    5656 : 49;
    5657 : 29;
    5658 : 04;
    5659 : 04;
    5660 : 04;
    5661 : 04;
    5662 : 04;
    5663 : 04;
    5664 : 04;
    5665 : 04;
    5666 : 04;
    5667 : 24;
    5668 : 24;
    5669 : 49;
    5670 : 49;
    5671 : 4D;
    5672 : 6D;
    5673 : 92;
    5674 : 92;
    5675 : B6;
    5676 : B6;
    5677 : B6;
    5678 : B6;
    5679 : D6;
    5680 : D6;
    5681 : D6;
    5682 : D6;
    5683 : D6;
    5684 : D6;
    5685 : D6;
    5686 : D6;
    5687 : D6;
    5688 : D6;
    5689 : D6;
    5690 : D6;
    5691 : D6;
    5692 : D6;
    5693 : D6;
    5694 : D6;
    5695 : D6;
    5696 : D6;
    5697 : D6;
    5698 : D6;
    5699 : D6;
    5700 : D6;
    5701 : D6;
    5702 : D6;
    5703 : D6;
    5704 : D6;
    5705 : D6;
    5706 : D6;
    5707 : D6;
    5708 : D6;
    5709 : D6;
    5710 : D6;
    5711 : D6;
    5712 : D6;
    5713 : B6;
    5714 : B2;
    5715 : B1;
    5716 : B1;
    5717 : B1;
    5718 : B1;
    5719 : 91;
    5720 : 91;
    5721 : 8D;
    5722 : 71;
    5723 : 71;
    5724 : 6D;
    5725 : 49;
    5726 : 29;
    5727 : 24;
    5728 : 24;
    5729 : 49;
    5730 : 92;
    5731 : B6;
    5732 : B6;
    5733 : B6;
    5734 : B6;
    5735 : B6;
    5736 : B6;
    5737 : B6;
    5738 : B6;
    5739 : B6;
    5740 : B6;
    5741 : D6;
    5742 : D6;
    5743 : B6;
    5744 : B7;
    5745 : D6;
    5746 : D6;
    5747 : D6;
    5748 : D6;
    5749 : D6;
    5750 : D6;
    5751 : DA;
    5752 : B1;
    5753 : 8C;
    5754 : D5;
    5755 : D9;
    5756 : F2;
    5757 : E4;
    5758 : FF;
    5759 : FB;
    5760 : DA;
    5761 : DA;
    5762 : D1;
    5763 : C4;
    5764 : FA;
    5765 : D6;
    5766 : E4;
    5767 : 89;
    5768 : 29;
    5769 : 25;
    5770 : 25;
    5771 : 29;
    5772 : 29;
    5773 : 49;
    5774 : 29;
    5775 : 49;
    5776 : 44;
    5777 : 44;
    5778 : 49;
    5779 : 49;
    5780 : 49;
    5781 : 29;
    5782 : 29;
    5783 : 29;
    5784 : 29;
    5785 : 29;
    5786 : 04;
    5787 : 04;
    5788 : 29;
    5789 : 29;
    5790 : 29;
    5791 : 49;
    5792 : 49;
    5793 : 49;
    5794 : 49;
    5795 : 49;
    5796 : 4D;
    5797 : 71;
    5798 : 91;
    5799 : B6;
    5800 : B6;
    5801 : 92;
    5802 : 91;
    5803 : 91;
    5804 : 91;
    5805 : 92;
    5806 : 91;
    5807 : 49;
    5808 : 24;
    5809 : 04;
    5810 : 24;
    5811 : 29;
    5812 : 49;
    5813 : 29;
    5814 : 29;
    5815 : 29;
    5816 : 29;
    5817 : 25;
    5818 : 29;
    5819 : 29;
    5820 : 4D;
    5821 : 4D;
    5822 : 4D;
    5823 : 4D;
    5824 : 4D;
    5825 : 4D;
    5826 : 49;
    5827 : 49;
    5828 : 29;
    5829 : 29;
    5830 : 24;
    5831 : 04;
    5832 : 24;
    5833 : 49;
    5834 : 4D;
    5835 : 6D;
    5836 : 72;
    5837 : 92;
    5838 : B6;
    5839 : B6;
    5840 : D6;
    5841 : D6;
    5842 : D6;
    5843 : D6;
    5844 : D6;
    5845 : D6;
    5846 : D6;
    5847 : D6;
    5848 : D6;
    5849 : D6;
    5850 : D6;
    5851 : D6;
    5852 : D6;
    5853 : D6;
    5854 : D6;
    5855 : D6;
    5856 : D6;
    5857 : D6;
    5858 : D6;
    5859 : D6;
    5860 : D6;
    5861 : D6;
    5862 : D6;
    5863 : D6;
    5864 : D6;
    5865 : D6;
    5866 : D6;
    5867 : B6;
    5868 : B6;
    5869 : D6;
    5870 : B6;
    5871 : B6;
    5872 : B6;
    5873 : B6;
    5874 : B6;
    5875 : B2;
    5876 : B2;
    5877 : B2;
    5878 : 92;
    5879 : 91;
    5880 : 91;
    5881 : 91;
    5882 : 91;
    5883 : 71;
    5884 : 6D;
    5885 : 49;
    5886 : 48;
    5887 : 24;
    5888 : 24;
    5889 : 4D;
    5890 : 92;
    5891 : B6;
    5892 : B6;
    5893 : B6;
    5894 : D6;
    5895 : D6;
    5896 : B6;
    5897 : D6;
    5898 : B6;
    5899 : B6;
    5900 : B6;
    5901 : B6;
    5902 : B6;
    5903 : B6;
    5904 : B6;
    5905 : D6;
    5906 : D6;
    5907 : D6;
    5908 : D6;
    5909 : D6;
    5910 : D6;
    5911 : DA;
    5912 : B1;
    5913 : 8C;
    5914 : B1;
    5915 : B1;
    5916 : F1;
    5917 : E5;
    5918 : FF;
    5919 : FB;
    5920 : FA;
    5921 : FE;
    5922 : D2;
    5923 : C4;
    5924 : AD;
    5925 : A9;
    5926 : E4;
    5927 : 89;
    5928 : 29;
    5929 : 29;
    5930 : 25;
    5931 : 29;
    5932 : 29;
    5933 : 49;
    5934 : 4D;
    5935 : 44;
    5936 : 20;
    5937 : 20;
    5938 : 40;
    5939 : 49;
    5940 : 29;
    5941 : 29;
    5942 : 29;
    5943 : 29;
    5944 : 29;
    5945 : 29;
    5946 : 04;
    5947 : 04;
    5948 : 24;
    5949 : 29;
    5950 : 29;
    5951 : 29;
    5952 : 29;
    5953 : 29;
    5954 : 28;
    5955 : 49;
    5956 : 49;
    5957 : 6D;
    5958 : 91;
    5959 : 92;
    5960 : B2;
    5961 : B2;
    5962 : 91;
    5963 : 91;
    5964 : B2;
    5965 : B6;
    5966 : B2;
    5967 : 6D;
    5968 : 04;
    5969 : 04;
    5970 : 24;
    5971 : 29;
    5972 : 49;
    5973 : 49;
    5974 : 29;
    5975 : 29;
    5976 : 49;
    5977 : 4D;
    5978 : 71;
    5979 : 72;
    5980 : 92;
    5981 : 92;
    5982 : 92;
    5983 : B6;
    5984 : B6;
    5985 : B6;
    5986 : B2;
    5987 : 92;
    5988 : 92;
    5989 : 92;
    5990 : 6D;
    5991 : 6D;
    5992 : 49;
    5993 : 29;
    5994 : 25;
    5995 : 25;
    5996 : 29;
    5997 : 4D;
    5998 : 6D;
    5999 : 91;
    6000 : 92;
    6001 : B6;
    6002 : B6;
    6003 : B6;
    6004 : D6;
    6005 : D6;
    6006 : D6;
    6007 : D6;
    6008 : D6;
    6009 : D6;
    6010 : D6;
    6011 : D6;
    6012 : D6;
    6013 : D6;
    6014 : D6;
    6015 : D6;
    6016 : D6;
    6017 : D6;
    6018 : D6;
    6019 : D6;
    6020 : B6;
    6021 : D6;
    6022 : D6;
    6023 : B6;
    6024 : B6;
    6025 : D6;
    6026 : D6;
    6027 : B6;
    6028 : B6;
    6029 : B6;
    6030 : B6;
    6031 : B6;
    6032 : B2;
    6033 : 91;
    6034 : 91;
    6035 : 6D;
    6036 : 49;
    6037 : 49;
    6038 : 49;
    6039 : 49;
    6040 : 4D;
    6041 : 6D;
    6042 : 71;
    6043 : 6D;
    6044 : 6D;
    6045 : 4D;
    6046 : 49;
    6047 : 28;
    6048 : 49;
    6049 : 6D;
    6050 : 91;
    6051 : 92;
    6052 : B6;
    6053 : B6;
    6054 : B6;
    6055 : D6;
    6056 : B6;
    6057 : B6;
    6058 : B6;
    6059 : B6;
    6060 : B6;
    6061 : B6;
    6062 : B6;
    6063 : B6;
    6064 : B6;
    6065 : B6;
    6066 : D6;
    6067 : D6;
    6068 : B6;
    6069 : D6;
    6070 : D6;
    6071 : DA;
    6072 : 91;
    6073 : 6C;
    6074 : B0;
    6075 : 8C;
    6076 : CD;
    6077 : E5;
    6078 : AD;
    6079 : D2;
    6080 : FA;
    6081 : FF;
    6082 : F2;
    6083 : C4;
    6084 : F6;
    6085 : F6;
    6086 : E4;
    6087 : 89;
    6088 : 29;
    6089 : 29;
    6090 : 29;
    6091 : 29;
    6092 : 29;
    6093 : 29;
    6094 : 69;
    6095 : 60;
    6096 : 20;
    6097 : 20;
    6098 : 20;
    6099 : 40;
    6100 : 44;
    6101 : 24;
    6102 : 24;
    6103 : 25;
    6104 : 25;
    6105 : 24;
    6106 : 04;
    6107 : 04;
    6108 : 24;
    6109 : 24;
    6110 : 28;
    6111 : 24;
    6112 : 24;
    6113 : 28;
    6114 : 28;
    6115 : 49;
    6116 : 4D;
    6117 : 6D;
    6118 : 91;
    6119 : B2;
    6120 : B2;
    6121 : B2;
    6122 : 91;
    6123 : 91;
    6124 : B6;
    6125 : B6;
    6126 : B6;
    6127 : 6D;
    6128 : 24;
    6129 : 04;
    6130 : 24;
    6131 : 29;
    6132 : 49;
    6133 : 49;
    6134 : 49;
    6135 : 49;
    6136 : 4D;
    6137 : 6D;
    6138 : 91;
    6139 : 92;
    6140 : 92;
    6141 : B6;
    6142 : B6;
    6143 : B6;
    6144 : B6;
    6145 : B6;
    6146 : B6;
    6147 : B6;
    6148 : B6;
    6149 : B6;
    6150 : B6;
    6151 : 92;
    6152 : 92;
    6153 : 71;
    6154 : 4D;
    6155 : 49;
    6156 : 29;
    6157 : 25;
    6158 : 28;
    6159 : 49;
    6160 : 6D;
    6161 : 6D;
    6162 : 8D;
    6163 : 91;
    6164 : B2;
    6165 : B6;
    6166 : D6;
    6167 : D6;
    6168 : D6;
    6169 : D6;
    6170 : D6;
    6171 : D6;
    6172 : D6;
    6173 : D6;
    6174 : D6;
    6175 : D6;
    6176 : D6;
    6177 : D6;
    6178 : D6;
    6179 : D6;
    6180 : B6;
    6181 : B6;
    6182 : B6;
    6183 : B6;
    6184 : B6;
    6185 : B6;
    6186 : B6;
    6187 : B6;
    6188 : 96;
    6189 : 92;
    6190 : 91;
    6191 : 6D;
    6192 : 49;
    6193 : 49;
    6194 : 24;
    6195 : 24;
    6196 : 24;
    6197 : 04;
    6198 : 04;
    6199 : 04;
    6200 : 24;
    6201 : 29;
    6202 : 6D;
    6203 : 6D;
    6204 : 6D;
    6205 : 4D;
    6206 : 49;
    6207 : 49;
    6208 : 6D;
    6209 : 92;
    6210 : 92;
    6211 : 92;
    6212 : B6;
    6213 : B6;
    6214 : B6;
    6215 : B6;
    6216 : B6;
    6217 : B6;
    6218 : B6;
    6219 : D6;
    6220 : D6;
    6221 : D6;
    6222 : D6;
    6223 : B6;
    6224 : B6;
    6225 : B6;
    6226 : D6;
    6227 : D6;
    6228 : D6;
    6229 : D6;
    6230 : D6;
    6231 : DA;
    6232 : 91;
    6233 : 68;
    6234 : AC;
    6235 : 8C;
    6236 : CD;
    6237 : E5;
    6238 : F2;
    6239 : FB;
    6240 : DA;
    6241 : DA;
    6242 : D2;
    6243 : E4;
    6244 : A9;
    6245 : CD;
    6246 : E5;
    6247 : 89;
    6248 : 29;
    6249 : 29;
    6250 : 29;
    6251 : 29;
    6252 : 29;
    6253 : 49;
    6254 : 4D;
    6255 : 40;
    6256 : 20;
    6257 : 40;
    6258 : 40;
    6259 : 60;
    6260 : 64;
    6261 : 24;
    6262 : 04;
    6263 : 24;
    6264 : 24;
    6265 : 24;
    6266 : 24;
    6267 : 24;
    6268 : 28;
    6269 : 49;
    6270 : 49;
    6271 : 49;
    6272 : 69;
    6273 : 6D;
    6274 : 6D;
    6275 : 6D;
    6276 : 6D;
    6277 : 91;
    6278 : 91;
    6279 : B1;
    6280 : B1;
    6281 : B1;
    6282 : 91;
    6283 : 91;
    6284 : B2;
    6285 : B6;
    6286 : B2;
    6287 : 6D;
    6288 : 24;
    6289 : 24;
    6290 : 24;
    6291 : 49;
    6292 : 49;
    6293 : 49;
    6294 : 49;
    6295 : 4D;
    6296 : 6D;
    6297 : 6D;
    6298 : 8D;
    6299 : 91;
    6300 : 92;
    6301 : 92;
    6302 : 91;
    6303 : 91;
    6304 : 91;
    6305 : 91;
    6306 : 91;
    6307 : 91;
    6308 : 92;
    6309 : 92;
    6310 : 92;
    6311 : 92;
    6312 : 92;
    6313 : 92;
    6314 : 92;
    6315 : 72;
    6316 : 6D;
    6317 : 4D;
    6318 : 4D;
    6319 : 49;
    6320 : 6D;
    6321 : 4D;
    6322 : 6D;
    6323 : 6D;
    6324 : 91;
    6325 : B6;
    6326 : B6;
    6327 : D6;
    6328 : D6;
    6329 : D6;
    6330 : D6;
    6331 : D6;
    6332 : D6;
    6333 : D6;
    6334 : D6;
    6335 : D6;
    6336 : D6;
    6337 : B6;
    6338 : B6;
    6339 : B2;
    6340 : 92;
    6341 : 72;
    6342 : 6D;
    6343 : 6D;
    6344 : 6D;
    6345 : 4D;
    6346 : 4D;
    6347 : 4D;
    6348 : 49;
    6349 : 49;
    6350 : 49;
    6351 : 49;
    6352 : 49;
    6353 : 49;
    6354 : 49;
    6355 : 49;
    6356 : 49;
    6357 : 29;
    6358 : 24;
    6359 : 24;
    6360 : 04;
    6361 : 04;
    6362 : 29;
    6363 : 4D;
    6364 : 6D;
    6365 : 49;
    6366 : 49;
    6367 : 6D;
    6368 : 92;
    6369 : B6;
    6370 : B6;
    6371 : B6;
    6372 : B6;
    6373 : B6;
    6374 : B6;
    6375 : B6;
    6376 : B6;
    6377 : B6;
    6378 : D6;
    6379 : D6;
    6380 : D6;
    6381 : D6;
    6382 : D6;
    6383 : D6;
    6384 : D6;
    6385 : D6;
    6386 : DA;
    6387 : D6;
    6388 : DA;
    6389 : DA;
    6390 : D6;
    6391 : DA;
    6392 : 91;
    6393 : 68;
    6394 : B0;
    6395 : 8C;
    6396 : CD;
    6397 : E9;
    6398 : CD;
    6399 : F2;
    6400 : D6;
    6401 : B5;
    6402 : D1;
    6403 : C4;
    6404 : F2;
    6405 : F6;
    6406 : E5;
    6407 : 89;
    6408 : 29;
    6409 : 24;
    6410 : 24;
    6411 : 28;
    6412 : 29;
    6413 : 29;
    6414 : 69;
    6415 : 60;
    6416 : C4;
    6417 : C4;
    6418 : C5;
    6419 : ED;
    6420 : ED;
    6421 : 84;
    6422 : 49;
    6423 : 49;
    6424 : 4D;
    6425 : 4D;
    6426 : 4D;
    6427 : 6D;
    6428 : 6D;
    6429 : 6D;
    6430 : 91;
    6431 : 64;
    6432 : 89;
    6433 : 92;
    6434 : 91;
    6435 : 91;
    6436 : 91;
    6437 : 91;
    6438 : 91;
    6439 : 91;
    6440 : B1;
    6441 : B1;
    6442 : 91;
    6443 : 91;
    6444 : 91;
    6445 : B2;
    6446 : 92;
    6447 : 6D;
    6448 : 29;
    6449 : 24;
    6450 : 28;
    6451 : 49;
    6452 : 49;
    6453 : 49;
    6454 : 49;
    6455 : 6D;
    6456 : 6D;
    6457 : 6D;
    6458 : 8D;
    6459 : 91;
    6460 : 8D;
    6461 : 8D;
    6462 : 8D;
    6463 : 6D;
    6464 : 6D;
    6465 : 6D;
    6466 : 6D;
    6467 : 71;
    6468 : 6D;
    6469 : 6D;
    6470 : 71;
    6471 : 72;
    6472 : 72;
    6473 : 72;
    6474 : 92;
    6475 : 92;
    6476 : 92;
    6477 : 92;
    6478 : 91;
    6479 : 6D;
    6480 : 6D;
    6481 : 6D;
    6482 : 6D;
    6483 : 8D;
    6484 : 91;
    6485 : B6;
    6486 : B6;
    6487 : D6;
    6488 : D6;
    6489 : D6;
    6490 : D6;
    6491 : D6;
    6492 : D6;
    6493 : D6;
    6494 : D6;
    6495 : D6;
    6496 : B6;
    6497 : B6;
    6498 : B2;
    6499 : 91;
    6500 : 6D;
    6501 : 49;
    6502 : 49;
    6503 : 29;
    6504 : 24;
    6505 : 24;
    6506 : 29;
    6507 : 29;
    6508 : 49;
    6509 : 4D;
    6510 : 6D;
    6511 : 71;
    6512 : 92;
    6513 : 92;
    6514 : 92;
    6515 : B6;
    6516 : B6;
    6517 : 92;
    6518 : 6D;
    6519 : 6D;
    6520 : 49;
    6521 : 28;
    6522 : 24;
    6523 : 49;
    6524 : 6D;
    6525 : 6D;
    6526 : 6D;
    6527 : 91;
    6528 : B6;
    6529 : B6;
    6530 : B6;
    6531 : B6;
    6532 : B6;
    6533 : B6;
    6534 : B6;
    6535 : D6;
    6536 : D6;
    6537 : D6;
    6538 : D6;
    6539 : D6;
    6540 : D6;
    6541 : D6;
    6542 : D6;
    6543 : D6;
    6544 : DA;
    6545 : D6;
    6546 : D6;
    6547 : D6;
    6548 : D6;
    6549 : D6;
    6550 : D6;
    6551 : DA;
    6552 : B1;
    6553 : 68;
    6554 : D0;
    6555 : 8C;
    6556 : F1;
    6557 : E5;
    6558 : D2;
    6559 : FB;
    6560 : B1;
    6561 : 91;
    6562 : D1;
    6563 : C4;
    6564 : F6;
    6565 : F2;
    6566 : E5;
    6567 : 89;
    6568 : 49;
    6569 : 49;
    6570 : 4D;
    6571 : 6D;
    6572 : 6D;
    6573 : 6D;
    6574 : 69;
    6575 : 80;
    6576 : E4;
    6577 : E4;
    6578 : E9;
    6579 : F2;
    6580 : F6;
    6581 : A9;
    6582 : 89;
    6583 : 92;
    6584 : 91;
    6585 : 91;
    6586 : 91;
    6587 : 91;
    6588 : 92;
    6589 : B6;
    6590 : 8D;
    6591 : 40;
    6592 : B2;
    6593 : B6;
    6594 : B6;
    6595 : B6;
    6596 : B6;
    6597 : B2;
    6598 : B1;
    6599 : B1;
    6600 : B1;
    6601 : B1;
    6602 : B1;
    6603 : B1;
    6604 : 91;
    6605 : 91;
    6606 : 92;
    6607 : 91;
    6608 : 49;
    6609 : 24;
    6610 : 29;
    6611 : 49;
    6612 : 49;
    6613 : 6D;
    6614 : 6D;
    6615 : 6D;
    6616 : 6D;
    6617 : 6D;
    6618 : 6D;
    6619 : 69;
    6620 : 49;
    6621 : 48;
    6622 : 49;
    6623 : 4D;
    6624 : 6D;
    6625 : 71;
    6626 : 92;
    6627 : 71;
    6628 : 4D;
    6629 : 4D;
    6630 : 4D;
    6631 : 6D;
    6632 : 6D;
    6633 : 71;
    6634 : 92;
    6635 : 92;
    6636 : 92;
    6637 : 92;
    6638 : 91;
    6639 : 91;
    6640 : 91;
    6641 : 91;
    6642 : 91;
    6643 : 91;
    6644 : B2;
    6645 : B6;
    6646 : D6;
    6647 : D6;
    6648 : D6;
    6649 : D6;
    6650 : D6;
    6651 : D6;
    6652 : D6;
    6653 : D6;
    6654 : D6;
    6655 : B6;
    6656 : B6;
    6657 : B6;
    6658 : B2;
    6659 : B2;
    6660 : 91;
    6661 : 6D;
    6662 : 6D;
    6663 : 6D;
    6664 : 4D;
    6665 : 6D;
    6666 : 71;
    6667 : 72;
    6668 : 92;
    6669 : 92;
    6670 : 96;
    6671 : B6;
    6672 : B6;
    6673 : B6;
    6674 : B6;
    6675 : B6;
    6676 : B6;
    6677 : B6;
    6678 : B2;
    6679 : B2;
    6680 : 91;
    6681 : 6D;
    6682 : 48;
    6683 : 49;
    6684 : 6D;
    6685 : 91;
    6686 : 92;
    6687 : 92;
    6688 : B6;
    6689 : B6;
    6690 : B6;
    6691 : B6;
    6692 : B6;
    6693 : D6;
    6694 : D6;
    6695 : D6;
    6696 : D6;
    6697 : D6;
    6698 : D6;
    6699 : D6;
    6700 : D6;
    6701 : D6;
    6702 : DA;
    6703 : D6;
    6704 : D6;
    6705 : D6;
    6706 : D6;
    6707 : D6;
    6708 : D6;
    6709 : D6;
    6710 : D6;
    6711 : DA;
    6712 : B1;
    6713 : 68;
    6714 : D4;
    6715 : B1;
    6716 : D2;
    6717 : E9;
    6718 : F6;
    6719 : FF;
    6720 : B1;
    6721 : B1;
    6722 : D1;
    6723 : C4;
    6724 : FB;
    6725 : FB;
    6726 : E9;
    6727 : AD;
    6728 : 71;
    6729 : 91;
    6730 : 92;
    6731 : 92;
    6732 : B6;
    6733 : B6;
    6734 : 8D;
    6735 : 60;
    6736 : E9;
    6737 : CD;
    6738 : CD;
    6739 : F6;
    6740 : F6;
    6741 : F2;
    6742 : 80;
    6743 : 8D;
    6744 : 96;
    6745 : B6;
    6746 : B6;
    6747 : B6;
    6748 : B6;
    6749 : B6;
    6750 : 40;
    6751 : 89;
    6752 : B6;
    6753 : B6;
    6754 : B6;
    6755 : B6;
    6756 : B6;
    6757 : B6;
    6758 : B2;
    6759 : B2;
    6760 : B2;
    6761 : B6;
    6762 : B6;
    6763 : B6;
    6764 : 91;
    6765 : 91;
    6766 : 92;
    6767 : 92;
    6768 : 4D;
    6769 : 24;
    6770 : 28;
    6771 : 49;
    6772 : 49;
    6773 : 6D;
    6774 : 6D;
    6775 : 8D;
    6776 : 8D;
    6777 : 6D;
    6778 : 69;
    6779 : 48;
    6780 : 24;
    6781 : 28;
    6782 : 49;
    6783 : 6D;
    6784 : 92;
    6785 : B6;
    6786 : 96;
    6787 : 72;
    6788 : 4D;
    6789 : 29;
    6790 : 49;
    6791 : 4D;
    6792 : 6D;
    6793 : 72;
    6794 : 92;
    6795 : B6;
    6796 : 92;
    6797 : 91;
    6798 : 8D;
    6799 : 91;
    6800 : 91;
    6801 : 91;
    6802 : 91;
    6803 : 91;
    6804 : B1;
    6805 : B6;
    6806 : B6;
    6807 : D6;
    6808 : D6;
    6809 : D6;
    6810 : D6;
    6811 : D6;
    6812 : D6;
    6813 : D6;
    6814 : D6;
    6815 : B6;
    6816 : B6;
    6817 : B2;
    6818 : B2;
    6819 : B2;
    6820 : 92;
    6821 : 91;
    6822 : 91;
    6823 : 91;
    6824 : 92;
    6825 : 92;
    6826 : 92;
    6827 : 71;
    6828 : 92;
    6829 : 92;
    6830 : 92;
    6831 : 92;
    6832 : 91;
    6833 : 91;
    6834 : 92;
    6835 : 92;
    6836 : B1;
    6837 : B2;
    6838 : B2;
    6839 : B1;
    6840 : 91;
    6841 : 6D;
    6842 : 4D;
    6843 : 6D;
    6844 : 91;
    6845 : B2;
    6846 : B6;
    6847 : B6;
    6848 : B6;
    6849 : B6;
    6850 : B6;
    6851 : B6;
    6852 : B6;
    6853 : D6;
    6854 : D6;
    6855 : D6;
    6856 : D6;
    6857 : D6;
    6858 : D6;
    6859 : D6;
    6860 : DA;
    6861 : B6;
    6862 : B6;
    6863 : DA;
    6864 : D6;
    6865 : D6;
    6866 : D6;
    6867 : D6;
    6868 : D6;
    6869 : D6;
    6870 : D6;
    6871 : DA;
    6872 : B1;
    6873 : 6C;
    6874 : D5;
    6875 : B0;
    6876 : D1;
    6877 : E9;
    6878 : FB;
    6879 : FB;
    6880 : B1;
    6881 : 91;
    6882 : D1;
    6883 : C5;
    6884 : F6;
    6885 : FB;
    6886 : C9;
    6887 : B1;
    6888 : 96;
    6889 : B6;
    6890 : 96;
    6891 : 96;
    6892 : B6;
    6893 : B6;
    6894 : 89;
    6895 : 80;
    6896 : E9;
    6897 : ED;
    6898 : C9;
    6899 : F2;
    6900 : F6;
    6901 : F2;
    6902 : A0;
    6903 : 64;
    6904 : B6;
    6905 : B6;
    6906 : B6;
    6907 : B6;
    6908 : B6;
    6909 : 84;
    6910 : 60;
    6911 : B2;
    6912 : B6;
    6913 : B6;
    6914 : B6;
    6915 : B6;
    6916 : B6;
    6917 : B6;
    6918 : B6;
    6919 : B6;
    6920 : B6;
    6921 : B6;
    6922 : B6;
    6923 : B6;
    6924 : B2;
    6925 : 91;
    6926 : 6D;
    6927 : 6D;
    6928 : 49;
    6929 : 24;
    6930 : 29;
    6931 : 49;
    6932 : 69;
    6933 : 6D;
    6934 : 8D;
    6935 : 91;
    6936 : 91;
    6937 : 8D;
    6938 : 6D;
    6939 : 6D;
    6940 : 49;
    6941 : 49;
    6942 : 6D;
    6943 : 92;
    6944 : B6;
    6945 : B6;
    6946 : 96;
    6947 : 72;
    6948 : 4D;
    6949 : 4D;
    6950 : 4D;
    6951 : 6D;
    6952 : 72;
    6953 : 92;
    6954 : B6;
    6955 : DA;
    6956 : B6;
    6957 : B2;
    6958 : 91;
    6959 : 91;
    6960 : 91;
    6961 : 91;
    6962 : 91;
    6963 : 91;
    6964 : 91;
    6965 : B1;
    6966 : B6;
    6967 : B6;
    6968 : D6;
    6969 : D6;
    6970 : D6;
    6971 : D6;
    6972 : D6;
    6973 : D6;
    6974 : D6;
    6975 : B6;
    6976 : B1;
    6977 : B1;
    6978 : 91;
    6979 : 91;
    6980 : 91;
    6981 : 91;
    6982 : 91;
    6983 : 92;
    6984 : 92;
    6985 : 71;
    6986 : 6D;
    6987 : 4D;
    6988 : 6D;
    6989 : 6D;
    6990 : 71;
    6991 : 71;
    6992 : 71;
    6993 : 6D;
    6994 : 8D;
    6995 : 8D;
    6996 : 91;
    6997 : 91;
    6998 : 91;
    6999 : 8D;
    7000 : 8D;
    7001 : 6D;
    7002 : 6D;
    7003 : 6D;
    7004 : 92;
    7005 : B6;
    7006 : B6;
    7007 : B2;
    7008 : B6;
    7009 : B6;
    7010 : B6;
    7011 : B6;
    7012 : B6;
    7013 : B6;
    7014 : B6;
    7015 : B6;
    7016 : B6;
    7017 : D6;
    7018 : D6;
    7019 : B6;
    7020 : 91;
    7021 : 64;
    7022 : 60;
    7023 : B1;
    7024 : D6;
    7025 : B6;
    7026 : B6;
    7027 : D6;
    7028 : D6;
    7029 : D6;
    7030 : D6;
    7031 : D6;
    7032 : B1;
    7033 : 6C;
    7034 : D5;
    7035 : 8C;
    7036 : CD;
    7037 : E9;
    7038 : D6;
    7039 : 89;
    7040 : B5;
    7041 : 91;
    7042 : D1;
    7043 : C5;
    7044 : FB;
    7045 : FB;
    7046 : C9;
    7047 : B1;
    7048 : 91;
    7049 : 91;
    7050 : 91;
    7051 : 91;
    7052 : 92;
    7053 : B2;
    7054 : 64;
    7055 : A0;
    7056 : ED;
    7057 : F2;
    7058 : F2;
    7059 : ED;
    7060 : F6;
    7061 : ED;
    7062 : A0;
    7063 : 60;
    7064 : B1;
    7065 : B6;
    7066 : B6;
    7067 : B6;
    7068 : AD;
    7069 : 60;
    7070 : A9;
    7071 : B6;
    7072 : B6;
    7073 : B6;
    7074 : B6;
    7075 : B5;
    7076 : B5;
    7077 : B6;
    7078 : B6;
    7079 : B6;
    7080 : B6;
    7081 : B6;
    7082 : B6;
    7083 : B6;
    7084 : B6;
    7085 : 8D;
    7086 : 6D;
    7087 : 49;
    7088 : 49;
    7089 : 24;
    7090 : 24;
    7091 : 49;
    7092 : 49;
    7093 : 6D;
    7094 : 8D;
    7095 : 91;
    7096 : 91;
    7097 : 91;
    7098 : 91;
    7099 : 91;
    7100 : 6D;
    7101 : 69;
    7102 : 69;
    7103 : 6D;
    7104 : 92;
    7105 : B6;
    7106 : B6;
    7107 : B6;
    7108 : 92;
    7109 : 92;
    7110 : 96;
    7111 : 96;
    7112 : B6;
    7113 : B6;
    7114 : DA;
    7115 : DA;
    7116 : D6;
    7117 : B6;
    7118 : B6;
    7119 : B2;
    7120 : B2;
    7121 : B2;
    7122 : B1;
    7123 : B1;
    7124 : B1;
    7125 : B1;
    7126 : B2;
    7127 : B6;
    7128 : D6;
    7129 : D6;
    7130 : D6;
    7131 : D6;
    7132 : D6;
    7133 : B6;
    7134 : B6;
    7135 : B2;
    7136 : B1;
    7137 : B2;
    7138 : B1;
    7139 : B1;
    7140 : 91;
    7141 : 92;
    7142 : 96;
    7143 : 96;
    7144 : 71;
    7145 : 4D;
    7146 : 4D;
    7147 : 4D;
    7148 : 4D;
    7149 : 4D;
    7150 : 71;
    7151 : 92;
    7152 : 92;
    7153 : 92;
    7154 : 6D;
    7155 : 4D;
    7156 : 6D;
    7157 : 6D;
    7158 : 8D;
    7159 : 6D;
    7160 : 6D;
    7161 : 6D;
    7162 : 6D;
    7163 : 91;
    7164 : 92;
    7165 : B2;
    7166 : B2;
    7167 : B2;
    7168 : B6;
    7169 : B6;
    7170 : B6;
    7171 : B6;
    7172 : B6;
    7173 : B6;
    7174 : B6;
    7175 : B6;
    7176 : B6;
    7177 : 91;
    7178 : B6;
    7179 : 8D;
    7180 : 80;
    7181 : A4;
    7182 : 60;
    7183 : 6D;
    7184 : B6;
    7185 : B6;
    7186 : B6;
    7187 : D6;
    7188 : D6;
    7189 : D6;
    7190 : D6;
    7191 : D6;
    7192 : B5;
    7193 : 8D;
    7194 : DA;
    7195 : 8C;
    7196 : CD;
    7197 : E9;
    7198 : CD;
    7199 : D6;
    7200 : D6;
    7201 : B5;
    7202 : D1;
    7203 : C9;
    7204 : FF;
    7205 : FF;
    7206 : C9;
    7207 : D1;
    7208 : B6;
    7209 : B6;
    7210 : B6;
    7211 : B2;
    7212 : B6;
    7213 : B1;
    7214 : 60;
    7215 : ED;
    7216 : ED;
    7217 : ED;
    7218 : F6;
    7219 : CD;
    7220 : ED;
    7221 : E9;
    7222 : C0;
    7223 : 60;
    7224 : 84;
    7225 : D6;
    7226 : B6;
    7227 : B2;
    7228 : 60;
    7229 : 80;
    7230 : B1;
    7231 : B6;
    7232 : B6;
    7233 : B6;
    7234 : B6;
    7235 : B6;
    7236 : B6;
    7237 : B6;
    7238 : B6;
    7239 : B6;
    7240 : B6;
    7241 : B6;
    7242 : B6;
    7243 : B6;
    7244 : B6;
    7245 : 92;
    7246 : 6D;
    7247 : 6D;
    7248 : 49;
    7249 : 49;
    7250 : 49;
    7251 : 49;
    7252 : 49;
    7253 : 6D;
    7254 : 8D;
    7255 : 91;
    7256 : 91;
    7257 : 91;
    7258 : 91;
    7259 : 91;
    7260 : 91;
    7261 : 8D;
    7262 : 6D;
    7263 : 69;
    7264 : 6D;
    7265 : 8D;
    7266 : 91;
    7267 : 92;
    7268 : B6;
    7269 : B6;
    7270 : B6;
    7271 : B6;
    7272 : B6;
    7273 : B6;
    7274 : B6;
    7275 : B6;
    7276 : B6;
    7277 : B1;
    7278 : B1;
    7279 : B6;
    7280 : B6;
    7281 : B6;
    7282 : B2;
    7283 : B1;
    7284 : B1;
    7285 : B1;
    7286 : B2;
    7287 : D6;
    7288 : D6;
    7289 : D6;
    7290 : D6;
    7291 : D6;
    7292 : D6;
    7293 : B6;
    7294 : B6;
    7295 : B2;
    7296 : B6;
    7297 : B6;
    7298 : B6;
    7299 : B2;
    7300 : B6;
    7301 : B6;
    7302 : BA;
    7303 : B6;
    7304 : 96;
    7305 : 71;
    7306 : 4D;
    7307 : 4D;
    7308 : 49;
    7309 : 4D;
    7310 : 72;
    7311 : 96;
    7312 : B6;
    7313 : B6;
    7314 : 92;
    7315 : 49;
    7316 : 49;
    7317 : 49;
    7318 : 6D;
    7319 : 6D;
    7320 : 6D;
    7321 : 6D;
    7322 : 71;
    7323 : 91;
    7324 : 92;
    7325 : 92;
    7326 : B2;
    7327 : B6;
    7328 : B6;
    7329 : B6;
    7330 : B6;
    7331 : B6;
    7332 : B6;
    7333 : B6;
    7334 : B6;
    7335 : B6;
    7336 : B6;
    7337 : B2;
    7338 : 28;
    7339 : 20;
    7340 : A0;
    7341 : A0;
    7342 : 60;
    7343 : 69;
    7344 : DA;
    7345 : B6;
    7346 : D6;
    7347 : B6;
    7348 : B6;
    7349 : D6;
    7350 : D6;
    7351 : D6;
    7352 : DA;
    7353 : B1;
    7354 : FA;
    7355 : B1;
    7356 : CD;
    7357 : E9;
    7358 : F2;
    7359 : F6;
    7360 : DA;
    7361 : B5;
    7362 : D1;
    7363 : C9;
    7364 : F6;
    7365 : F6;
    7366 : C9;
    7367 : D1;
    7368 : B6;
    7369 : B6;
    7370 : B6;
    7371 : B6;
    7372 : B6;
    7373 : B2;
    7374 : 84;
    7375 : C9;
    7376 : F2;
    7377 : ED;
    7378 : E9;
    7379 : F2;
    7380 : C9;
    7381 : E4;
    7382 : E0;
    7383 : 80;
    7384 : 60;
    7385 : CD;
    7386 : D6;
    7387 : 84;
    7388 : 60;
    7389 : A9;
    7390 : D6;
    7391 : B6;
    7392 : B6;
    7393 : D6;
    7394 : D6;
    7395 : B6;
    7396 : D6;
    7397 : D6;
    7398 : D6;
    7399 : B6;
    7400 : B6;
    7401 : B6;
    7402 : B6;
    7403 : B6;
    7404 : D6;
    7405 : B6;
    7406 : B2;
    7407 : 91;
    7408 : 91;
    7409 : 91;
    7410 : 6D;
    7411 : 49;
    7412 : 69;
    7413 : 6D;
    7414 : 8D;
    7415 : 91;
    7416 : 91;
    7417 : B1;
    7418 : B1;
    7419 : B2;
    7420 : B1;
    7421 : B1;
    7422 : B1;
    7423 : 8D;
    7424 : 8D;
    7425 : 6D;
    7426 : 8D;
    7427 : 8D;
    7428 : 91;
    7429 : 91;
    7430 : 91;
    7431 : B1;
    7432 : B1;
    7433 : B1;
    7434 : B1;
    7435 : B1;
    7436 : B2;
    7437 : B2;
    7438 : B6;
    7439 : B6;
    7440 : B6;
    7441 : B2;
    7442 : B1;
    7443 : B1;
    7444 : B1;
    7445 : B1;
    7446 : B6;
    7447 : D6;
    7448 : D6;
    7449 : D6;
    7450 : D6;
    7451 : D6;
    7452 : D6;
    7453 : D6;
    7454 : D6;
    7455 : D6;
    7456 : D6;
    7457 : D6;
    7458 : B6;
    7459 : B2;
    7460 : B2;
    7461 : B6;
    7462 : D6;
    7463 : B6;
    7464 : B6;
    7465 : B6;
    7466 : 92;
    7467 : 91;
    7468 : 91;
    7469 : 92;
    7470 : B6;
    7471 : B6;
    7472 : B6;
    7473 : B6;
    7474 : 92;
    7475 : 6D;
    7476 : 49;
    7477 : 49;
    7478 : 6D;
    7479 : 6D;
    7480 : 6D;
    7481 : 6D;
    7482 : 91;
    7483 : 91;
    7484 : 92;
    7485 : 96;
    7486 : B6;
    7487 : B6;
    7488 : B6;
    7489 : B6;
    7490 : B6;
    7491 : B6;
    7492 : B6;
    7493 : B6;
    7494 : B6;
    7495 : B6;
    7496 : B6;
    7497 : D6;
    7498 : 92;
    7499 : 28;
    7500 : 40;
    7501 : 40;
    7502 : 20;
    7503 : 91;
    7504 : DA;
    7505 : B6;
    7506 : D6;
    7507 : D6;
    7508 : D6;
    7509 : D6;
    7510 : D6;
    7511 : B6;
    7512 : DA;
    7513 : B5;
    7514 : FF;
    7515 : B1;
    7516 : AD;
    7517 : E9;
    7518 : FB;
    7519 : F6;
    7520 : DA;
    7521 : DA;
    7522 : D2;
    7523 : C9;
    7524 : F6;
    7525 : F2;
    7526 : C9;
    7527 : D1;
    7528 : B6;
    7529 : B6;
    7530 : B6;
    7531 : B6;
    7532 : B6;
    7533 : B6;
    7534 : B1;
    7535 : 88;
    7536 : A9;
    7537 : F2;
    7538 : ED;
    7539 : C9;
    7540 : E4;
    7541 : C0;
    7542 : E0;
    7543 : A0;
    7544 : 40;
    7545 : A9;
    7546 : C9;
    7547 : 60;
    7548 : 80;
    7549 : D6;
    7550 : B6;
    7551 : B1;
    7552 : B6;
    7553 : D6;
    7554 : B6;
    7555 : D6;
    7556 : D6;
    7557 : D6;
    7558 : D6;
    7559 : B6;
    7560 : B6;
    7561 : B6;
    7562 : B6;
    7563 : B6;
    7564 : B6;
    7565 : D6;
    7566 : D6;
    7567 : D6;
    7568 : B6;
    7569 : B6;
    7570 : 6D;
    7571 : 49;
    7572 : 49;
    7573 : 6D;
    7574 : 8D;
    7575 : 91;
    7576 : 91;
    7577 : B1;
    7578 : B2;
    7579 : B6;
    7580 : B2;
    7581 : B6;
    7582 : B6;
    7583 : B6;
    7584 : B1;
    7585 : B1;
    7586 : B1;
    7587 : B1;
    7588 : B1;
    7589 : B1;
    7590 : B1;
    7591 : B1;
    7592 : B2;
    7593 : B6;
    7594 : B6;
    7595 : B6;
    7596 : D6;
    7597 : D6;
    7598 : D6;
    7599 : B6;
    7600 : B6;
    7601 : B2;
    7602 : B1;
    7603 : B1;
    7604 : B1;
    7605 : B6;
    7606 : D6;
    7607 : D6;
    7608 : D6;
    7609 : D6;
    7610 : D6;
    7611 : D6;
    7612 : D6;
    7613 : B6;
    7614 : B6;
    7615 : B6;
    7616 : D6;
    7617 : D6;
    7618 : D6;
    7619 : B2;
    7620 : B2;
    7621 : B2;
    7622 : B2;
    7623 : B6;
    7624 : B6;
    7625 : B6;
    7626 : B6;
    7627 : B6;
    7628 : B6;
    7629 : B6;
    7630 : B6;
    7631 : B6;
    7632 : 92;
    7633 : 91;
    7634 : 6D;
    7635 : 6D;
    7636 : 6D;
    7637 : 8D;
    7638 : 8D;
    7639 : 91;
    7640 : 8D;
    7641 : 8D;
    7642 : 6D;
    7643 : 6D;
    7644 : 91;
    7645 : B6;
    7646 : B6;
    7647 : B6;
    7648 : B6;
    7649 : B6;
    7650 : B6;
    7651 : B6;
    7652 : B6;
    7653 : B6;
    7654 : B6;
    7655 : B6;
    7656 : B6;
    7657 : B6;
    7658 : B6;
    7659 : D6;
    7660 : 6D;
    7661 : 4D;
    7662 : 6D;
    7663 : 49;
    7664 : B1;
    7665 : D6;
    7666 : B6;
    7667 : D6;
    7668 : D6;
    7669 : D6;
    7670 : D6;
    7671 : B6;
    7672 : DA;
    7673 : B5;
    7674 : FF;
    7675 : D5;
    7676 : CD;
    7677 : E9;
    7678 : D6;
    7679 : AD;
    7680 : DA;
    7681 : FF;
    7682 : F2;
    7683 : C5;
    7684 : FF;
    7685 : FF;
    7686 : C9;
    7687 : D1;
    7688 : B6;
    7689 : B6;
    7690 : B6;
    7691 : B6;
    7692 : 8D;
    7693 : 84;
    7694 : A9;
    7695 : A9;
    7696 : A4;
    7697 : A4;
    7698 : D1;
    7699 : ED;
    7700 : E4;
    7701 : C0;
    7702 : C0;
    7703 : C0;
    7704 : 60;
    7705 : 40;
    7706 : 80;
    7707 : 60;
    7708 : AD;
    7709 : D2;
    7710 : CD;
    7711 : D6;
    7712 : B6;
    7713 : D6;
    7714 : D6;
    7715 : D6;
    7716 : D6;
    7717 : D6;
    7718 : D6;
    7719 : B6;
    7720 : B6;
    7721 : B6;
    7722 : B6;
    7723 : B6;
    7724 : B6;
    7725 : D6;
    7726 : D6;
    7727 : D6;
    7728 : B6;
    7729 : B2;
    7730 : 6D;
    7731 : 49;
    7732 : 49;
    7733 : 6D;
    7734 : 6D;
    7735 : 91;
    7736 : 91;
    7737 : B1;
    7738 : B2;
    7739 : B2;
    7740 : B6;
    7741 : D6;
    7742 : D6;
    7743 : D6;
    7744 : D6;
    7745 : D6;
    7746 : D6;
    7747 : D6;
    7748 : D6;
    7749 : D6;
    7750 : D6;
    7751 : D6;
    7752 : D6;
    7753 : D6;
    7754 : D6;
    7755 : D6;
    7756 : D6;
    7757 : D6;
    7758 : D6;
    7759 : B6;
    7760 : B6;
    7761 : B1;
    7762 : B1;
    7763 : B1;
    7764 : B1;
    7765 : B6;
    7766 : D6;
    7767 : D6;
    7768 : D6;
    7769 : D6;
    7770 : D6;
    7771 : D6;
    7772 : D6;
    7773 : B2;
    7774 : B2;
    7775 : D6;
    7776 : D6;
    7777 : D6;
    7778 : D6;
    7779 : D6;
    7780 : B6;
    7781 : B2;
    7782 : B1;
    7783 : B1;
    7784 : B1;
    7785 : 91;
    7786 : 91;
    7787 : 91;
    7788 : 91;
    7789 : 91;
    7790 : 91;
    7791 : 6D;
    7792 : 6D;
    7793 : 6D;
    7794 : 6D;
    7795 : 8D;
    7796 : 91;
    7797 : 91;
    7798 : 91;
    7799 : 91;
    7800 : 8D;
    7801 : 6D;
    7802 : 6D;
    7803 : 6D;
    7804 : 91;
    7805 : B6;
    7806 : B6;
    7807 : D6;
    7808 : D6;
    7809 : B6;
    7810 : B6;
    7811 : B6;
    7812 : B6;
    7813 : B6;
    7814 : B6;
    7815 : B6;
    7816 : B6;
    7817 : B6;
    7818 : B6;
    7819 : D6;
    7820 : 49;
    7821 : 91;
    7822 : DA;
    7823 : B6;
    7824 : B6;
    7825 : D6;
    7826 : B6;
    7827 : D6;
    7828 : D6;
    7829 : D6;
    7830 : D6;
    7831 : D6;
    7832 : D6;
    7833 : B1;
    7834 : DA;
    7835 : D5;
    7836 : D1;
    7837 : E9;
    7838 : CD;
    7839 : AD;
    7840 : FA;
    7841 : FF;
    7842 : D2;
    7843 : C5;
    7844 : FF;
    7845 : FB;
    7846 : C5;
    7847 : D1;
    7848 : B6;
    7849 : B6;
    7850 : B6;
    7851 : 69;
    7852 : 40;
    7853 : F2;
    7854 : F6;
    7855 : F6;
    7856 : F6;
    7857 : F2;
    7858 : CD;
    7859 : A4;
    7860 : C0;
    7861 : A0;
    7862 : A0;
    7863 : A0;
    7864 : A0;
    7865 : 40;
    7866 : 60;
    7867 : 84;
    7868 : D1;
    7869 : D1;
    7870 : D6;
    7871 : B6;
    7872 : D6;
    7873 : B6;
    7874 : D6;
    7875 : D6;
    7876 : D6;
    7877 : D6;
    7878 : D6;
    7879 : B6;
    7880 : B6;
    7881 : B6;
    7882 : B6;
    7883 : B6;
    7884 : B6;
    7885 : B6;
    7886 : D6;
    7887 : D6;
    7888 : B6;
    7889 : B6;
    7890 : 6D;
    7891 : 49;
    7892 : 49;
    7893 : 69;
    7894 : 6D;
    7895 : 6D;
    7896 : 91;
    7897 : 91;
    7898 : B1;
    7899 : B2;
    7900 : B6;
    7901 : D6;
    7902 : D6;
    7903 : D6;
    7904 : D6;
    7905 : D6;
    7906 : D6;
    7907 : D6;
    7908 : D6;
    7909 : D6;
    7910 : D6;
    7911 : D6;
    7912 : D6;
    7913 : D6;
    7914 : D6;
    7915 : D6;
    7916 : D6;
    7917 : D6;
    7918 : B6;
    7919 : B6;
    7920 : B2;
    7921 : B1;
    7922 : B1;
    7923 : B1;
    7924 : B2;
    7925 : B6;
    7926 : D6;
    7927 : D6;
    7928 : D6;
    7929 : D6;
    7930 : D6;
    7931 : D6;
    7932 : D6;
    7933 : B2;
    7934 : B2;
    7935 : B6;
    7936 : D6;
    7937 : D6;
    7938 : D6;
    7939 : D6;
    7940 : D6;
    7941 : D6;
    7942 : B6;
    7943 : B2;
    7944 : B2;
    7945 : B1;
    7946 : 91;
    7947 : 91;
    7948 : 91;
    7949 : 91;
    7950 : 8D;
    7951 : 8D;
    7952 : 8D;
    7953 : 91;
    7954 : 91;
    7955 : 91;
    7956 : 91;
    7957 : 91;
    7958 : 91;
    7959 : 8D;
    7960 : 8D;
    7961 : 8D;
    7962 : 8D;
    7963 : 6D;
    7964 : 91;
    7965 : B6;
    7966 : B6;
    7967 : D6;
    7968 : B6;
    7969 : B6;
    7970 : B6;
    7971 : B6;
    7972 : B6;
    7973 : B6;
    7974 : B6;
    7975 : B6;
    7976 : D6;
    7977 : B6;
    7978 : B6;
    7979 : B6;
    7980 : 49;
    7981 : B6;
    7982 : B6;
    7983 : D6;
    7984 : D6;
    7985 : D6;
    7986 : D6;
    7987 : D6;
    7988 : D6;
    7989 : D6;
    7990 : D6;
    7991 : DA;
    7992 : B1;
    7993 : 8C;
    7994 : D6;
    7995 : 8C;
    7996 : CD;
    7997 : E9;
    7998 : CD;
    7999 : ED;
    8000 : FF;
    8001 : FF;
    8002 : D2;
    8003 : C5;
    8004 : F6;
    8005 : A9;
    8006 : C4;
    8007 : D2;
    8008 : B6;
    8009 : B6;
    8010 : B1;
    8011 : 60;
    8012 : 84;
    8013 : F2;
    8014 : F2;
    8015 : F2;
    8016 : F2;
    8017 : F2;
    8018 : F2;
    8019 : C9;
    8020 : C9;
    8021 : C4;
    8022 : A0;
    8023 : 80;
    8024 : 60;
    8025 : 60;
    8026 : 40;
    8027 : 88;
    8028 : D6;
    8029 : B6;
    8030 : B6;
    8031 : D6;
    8032 : B6;
    8033 : B6;
    8034 : D6;
    8035 : D6;
    8036 : D6;
    8037 : D6;
    8038 : D6;
    8039 : D6;
    8040 : D6;
    8041 : D6;
    8042 : B6;
    8043 : B6;
    8044 : D6;
    8045 : D6;
    8046 : D6;
    8047 : D6;
    8048 : B6;
    8049 : B6;
    8050 : 91;
    8051 : 6D;
    8052 : 48;
    8053 : 49;
    8054 : 6D;
    8055 : 6D;
    8056 : 91;
    8057 : 91;
    8058 : B1;
    8059 : B2;
    8060 : B6;
    8061 : D6;
    8062 : D6;
    8063 : D6;
    8064 : D6;
    8065 : D6;
    8066 : D6;
    8067 : D6;
    8068 : D6;
    8069 : D6;
    8070 : D6;
    8071 : D6;
    8072 : D6;
    8073 : D6;
    8074 : D6;
    8075 : D6;
    8076 : B6;
    8077 : B6;
    8078 : B2;
    8079 : B1;
    8080 : B1;
    8081 : B1;
    8082 : B1;
    8083 : B1;
    8084 : B2;
    8085 : B6;
    8086 : D6;
    8087 : D6;
    8088 : D6;
    8089 : D6;
    8090 : D6;
    8091 : D6;
    8092 : B6;
    8093 : B2;
    8094 : B1;
    8095 : B2;
    8096 : D6;
    8097 : D6;
    8098 : D6;
    8099 : D6;
    8100 : D6;
    8101 : D6;
    8102 : D6;
    8103 : D6;
    8104 : D6;
    8105 : D6;
    8106 : B6;
    8107 : B6;
    8108 : B6;
    8109 : B6;
    8110 : B2;
    8111 : B2;
    8112 : B1;
    8113 : B1;
    8114 : B1;
    8115 : B1;
    8116 : B1;
    8117 : 91;
    8118 : 91;
    8119 : 8D;
    8120 : 91;
    8121 : B1;
    8122 : B6;
    8123 : B6;
    8124 : B6;
    8125 : B6;
    8126 : B6;
    8127 : B6;
    8128 : B6;
    8129 : B6;
    8130 : B6;
    8131 : B6;
    8132 : B6;
    8133 : B6;
    8134 : B6;
    8135 : D6;
    8136 : D6;
    8137 : D6;
    8138 : DA;
    8139 : 91;
    8140 : 04;
    8141 : 48;
    8142 : 91;
    8143 : D6;
    8144 : B6;
    8145 : D6;
    8146 : D6;
    8147 : D6;
    8148 : D6;
    8149 : B6;
    8150 : B6;
    8151 : DA;
    8152 : B1;
    8153 : 68;
    8154 : D5;
    8155 : 8C;
    8156 : CD;
    8157 : E9;
    8158 : AD;
    8159 : F6;
    8160 : DA;
    8161 : DA;
    8162 : D1;
    8163 : E5;
    8164 : F2;
    8165 : CD;
    8166 : C5;
    8167 : D1;
    8168 : B6;
    8169 : B6;
    8170 : 89;
    8171 : 84;
    8172 : 84;
    8173 : EE;
    8174 : F2;
    8175 : F2;
    8176 : F2;
    8177 : F2;
    8178 : F2;
    8179 : F2;
    8180 : ED;
    8181 : C4;
    8182 : A0;
    8183 : 20;
    8184 : 40;
    8185 : 40;
    8186 : 60;
    8187 : D2;
    8188 : B6;
    8189 : B6;
    8190 : B6;
    8191 : B6;
    8192 : B6;
    8193 : B6;
    8194 : B6;
    8195 : B6;
    8196 : D6;
    8197 : D6;
    8198 : D6;
    8199 : D6;
    8200 : D6;
    8201 : B6;
    8202 : B6;
    8203 : B6;
    8204 : B6;
    8205 : D6;
    8206 : D6;
    8207 : D6;
    8208 : D6;
    8209 : B6;
    8210 : B2;
    8211 : 6D;
    8212 : 48;
    8213 : 49;
    8214 : 69;
    8215 : 6D;
    8216 : 8D;
    8217 : 91;
    8218 : B1;
    8219 : B2;
    8220 : B6;
    8221 : B6;
    8222 : D6;
    8223 : D6;
    8224 : D6;
    8225 : D6;
    8226 : D6;
    8227 : D6;
    8228 : D6;
    8229 : D6;
    8230 : D6;
    8231 : D6;
    8232 : D6;
    8233 : D6;
    8234 : D6;
    8235 : D6;
    8236 : B6;
    8237 : B2;
    8238 : B1;
    8239 : B1;
    8240 : B1;
    8241 : B1;
    8242 : B1;
    8243 : B1;
    8244 : B2;
    8245 : B6;
    8246 : D6;
    8247 : D6;
    8248 : D6;
    8249 : D6;
    8250 : D6;
    8251 : D6;
    8252 : B6;
    8253 : B2;
    8254 : B1;
    8255 : B2;
    8256 : B2;
    8257 : B6;
    8258 : D6;
    8259 : D6;
    8260 : D6;
    8261 : D6;
    8262 : D6;
    8263 : D6;
    8264 : D6;
    8265 : D6;
    8266 : D6;
    8267 : D6;
    8268 : D6;
    8269 : D6;
    8270 : D6;
    8271 : D6;
    8272 : B6;
    8273 : B6;
    8274 : B6;
    8275 : B2;
    8276 : B1;
    8277 : 91;
    8278 : 8D;
    8279 : 91;
    8280 : B1;
    8281 : B6;
    8282 : DA;
    8283 : D6;
    8284 : D6;
    8285 : B6;
    8286 : B6;
    8287 : B6;
    8288 : B6;
    8289 : B6;
    8290 : B6;
    8291 : B6;
    8292 : B6;
    8293 : D6;
    8294 : D6;
    8295 : B6;
    8296 : D6;
    8297 : B1;
    8298 : 91;
    8299 : 69;
    8300 : 44;
    8301 : B6;
    8302 : D6;
    8303 : B6;
    8304 : B6;
    8305 : B6;
    8306 : B6;
    8307 : D6;
    8308 : D6;
    8309 : D6;
    8310 : B6;
    8311 : DA;
    8312 : 91;
    8313 : 68;
    8314 : D1;
    8315 : 8C;
    8316 : CD;
    8317 : E4;
    8318 : ED;
    8319 : F6;
    8320 : D6;
    8321 : B5;
    8322 : CD;
    8323 : E5;
    8324 : D2;
    8325 : CD;
    8326 : E5;
    8327 : D1;
    8328 : B6;
    8329 : B6;
    8330 : 44;
    8331 : 60;
    8332 : 64;
    8333 : 40;
    8334 : CD;
    8335 : ED;
    8336 : CD;
    8337 : F2;
    8338 : ED;
    8339 : E9;
    8340 : E4;
    8341 : E0;
    8342 : A0;
    8343 : 80;
    8344 : 80;
    8345 : 60;
    8346 : D2;
    8347 : D6;
    8348 : B6;
    8349 : B6;
    8350 : B6;
    8351 : B6;
    8352 : B6;
    8353 : B6;
    8354 : B6;
    8355 : B6;
    8356 : D6;
    8357 : D6;
    8358 : D6;
    8359 : D6;
    8360 : D6;
    8361 : D6;
    8362 : D6;
    8363 : D6;
    8364 : D6;
    8365 : B6;
    8366 : D6;
    8367 : D6;
    8368 : D6;
    8369 : D6;
    8370 : B6;
    8371 : 8D;
    8372 : 48;
    8373 : 48;
    8374 : 49;
    8375 : 6D;
    8376 : 6D;
    8377 : 91;
    8378 : 91;
    8379 : B2;
    8380 : B6;
    8381 : B6;
    8382 : D6;
    8383 : D6;
    8384 : D6;
    8385 : D6;
    8386 : D6;
    8387 : D6;
    8388 : D6;
    8389 : D6;
    8390 : D6;
    8391 : D6;
    8392 : D6;
    8393 : D6;
    8394 : B6;
    8395 : B6;
    8396 : B2;
    8397 : B1;
    8398 : B1;
    8399 : 91;
    8400 : 91;
    8401 : B1;
    8402 : B1;
    8403 : B2;
    8404 : B6;
    8405 : D6;
    8406 : D6;
    8407 : D6;
    8408 : D6;
    8409 : D6;
    8410 : D6;
    8411 : D6;
    8412 : B2;
    8413 : B1;
    8414 : B1;
    8415 : B1;
    8416 : B2;
    8417 : B2;
    8418 : D6;
    8419 : D6;
    8420 : D6;
    8421 : D6;
    8422 : D6;
    8423 : D6;
    8424 : D6;
    8425 : D6;
    8426 : D6;
    8427 : D6;
    8428 : D6;
    8429 : D6;
    8430 : D6;
    8431 : D6;
    8432 : D6;
    8433 : D6;
    8434 : B6;
    8435 : B6;
    8436 : B1;
    8437 : 91;
    8438 : 8D;
    8439 : 91;
    8440 : B6;
    8441 : D6;
    8442 : DA;
    8443 : DA;
    8444 : D6;
    8445 : B6;
    8446 : B6;
    8447 : B6;
    8448 : B6;
    8449 : B6;
    8450 : B6;
    8451 : B6;
    8452 : B6;
    8453 : B6;
    8454 : B6;
    8455 : DA;
    8456 : B6;
    8457 : 84;
    8458 : 60;
    8459 : 80;
    8460 : 60;
    8461 : 91;
    8462 : B6;
    8463 : B6;
    8464 : B6;
    8465 : B6;
    8466 : B6;
    8467 : B6;
    8468 : B6;
    8469 : B6;
    8470 : B6;
    8471 : DA;
    8472 : 91;
    8473 : 44;
    8474 : AC;
    8475 : 68;
    8476 : CD;
    8477 : E9;
    8478 : F2;
    8479 : F2;
    8480 : D6;
    8481 : 91;
    8482 : CD;
    8483 : E4;
    8484 : F2;
    8485 : F2;
    8486 : C4;
    8487 : D1;
    8488 : B6;
    8489 : B6;
    8490 : 64;
    8491 : 60;
    8492 : 64;
    8493 : 20;
    8494 : 60;
    8495 : F2;
    8496 : F6;
    8497 : ED;
    8498 : E9;
    8499 : C9;
    8500 : E4;
    8501 : C0;
    8502 : 80;
    8503 : A0;
    8504 : 60;
    8505 : AD;
    8506 : D6;
    8507 : B6;
    8508 : B6;
    8509 : B6;
    8510 : B6;
    8511 : B6;
    8512 : B6;
    8513 : B6;
    8514 : D6;
    8515 : B6;
    8516 : B6;
    8517 : D6;
    8518 : B6;
    8519 : D6;
    8520 : D6;
    8521 : B6;
    8522 : B6;
    8523 : B6;
    8524 : D6;
    8525 : D6;
    8526 : D6;
    8527 : D6;
    8528 : D6;
    8529 : D6;
    8530 : B6;
    8531 : 91;
    8532 : 6D;
    8533 : 48;
    8534 : 49;
    8535 : 4D;
    8536 : 6D;
    8537 : 91;
    8538 : 91;
    8539 : B2;
    8540 : B6;
    8541 : B6;
    8542 : B6;
    8543 : D6;
    8544 : D6;
    8545 : D6;
    8546 : D6;
    8547 : D6;
    8548 : D6;
    8549 : D6;
    8550 : D6;
    8551 : D6;
    8552 : B6;
    8553 : B6;
    8554 : B2;
    8555 : B1;
    8556 : B1;
    8557 : B1;
    8558 : B1;
    8559 : B1;
    8560 : B1;
    8561 : B1;
    8562 : B6;
    8563 : B6;
    8564 : D6;
    8565 : D6;
    8566 : D6;
    8567 : D6;
    8568 : D6;
    8569 : D6;
    8570 : D6;
    8571 : D6;
    8572 : B6;
    8573 : B1;
    8574 : B1;
    8575 : B1;
    8576 : B1;
    8577 : B1;
    8578 : B2;
    8579 : D6;
    8580 : D6;
    8581 : D6;
    8582 : D6;
    8583 : D6;
    8584 : D6;
    8585 : D6;
    8586 : D6;
    8587 : D6;
    8588 : D6;
    8589 : D6;
    8590 : D6;
    8591 : D6;
    8592 : D6;
    8593 : D6;
    8594 : B6;
    8595 : B1;
    8596 : B1;
    8597 : 91;
    8598 : 8D;
    8599 : 91;
    8600 : B6;
    8601 : D6;
    8602 : D6;
    8603 : D6;
    8604 : D6;
    8605 : D6;
    8606 : D6;
    8607 : B6;
    8608 : B6;
    8609 : B6;
    8610 : B6;
    8611 : B6;
    8612 : B6;
    8613 : D6;
    8614 : 91;
    8615 : 4D;
    8616 : 91;
    8617 : A4;
    8618 : 80;
    8619 : 60;
    8620 : 60;
    8621 : 8D;
    8622 : D6;
    8623 : B6;
    8624 : B6;
    8625 : B6;
    8626 : B6;
    8627 : B6;
    8628 : B6;
    8629 : B6;
    8630 : B6;
    8631 : DA;
    8632 : 8D;
    8633 : 44;
    8634 : 8C;
    8635 : 6C;
    8636 : CD;
    8637 : E9;
    8638 : F6;
    8639 : ED;
    8640 : B6;
    8641 : 91;
    8642 : CD;
    8643 : E4;
    8644 : ED;
    8645 : E9;
    8646 : C4;
    8647 : D1;
    8648 : B6;
    8649 : B6;
    8650 : B2;
    8651 : 20;
    8652 : 84;
    8653 : 84;
    8654 : 20;
    8655 : 84;
    8656 : CD;
    8657 : ED;
    8658 : E9;
    8659 : E4;
    8660 : E4;
    8661 : 80;
    8662 : 80;
    8663 : 80;
    8664 : B1;
    8665 : D6;
    8666 : B6;
    8667 : B6;
    8668 : B6;
    8669 : B6;
    8670 : B6;
    8671 : B6;
    8672 : B6;
    8673 : B6;
    8674 : B6;
    8675 : B6;
    8676 : B6;
    8677 : B6;
    8678 : D6;
    8679 : D6;
    8680 : D6;
    8681 : D6;
    8682 : B6;
    8683 : B6;
    8684 : B6;
    8685 : D6;
    8686 : B6;
    8687 : B6;
    8688 : D6;
    8689 : D6;
    8690 : B6;
    8691 : B6;
    8692 : 91;
    8693 : 49;
    8694 : 48;
    8695 : 49;
    8696 : 4D;
    8697 : 6D;
    8698 : 91;
    8699 : 91;
    8700 : B2;
    8701 : B6;
    8702 : B6;
    8703 : B6;
    8704 : D6;
    8705 : D6;
    8706 : D6;
    8707 : D6;
    8708 : D6;
    8709 : D6;
    8710 : B6;
    8711 : B6;
    8712 : B1;
    8713 : B1;
    8714 : B1;
    8715 : B1;
    8716 : B1;
    8717 : B2;
    8718 : B1;
    8719 : B1;
    8720 : B1;
    8721 : B2;
    8722 : B6;
    8723 : D6;
    8724 : D6;
    8725 : D6;
    8726 : D6;
    8727 : D6;
    8728 : D6;
    8729 : D6;
    8730 : D6;
    8731 : D6;
    8732 : B6;
    8733 : B2;
    8734 : B1;
    8735 : B1;
    8736 : B1;
    8737 : B1;
    8738 : B2;
    8739 : B6;
    8740 : D6;
    8741 : D6;
    8742 : D6;
    8743 : D6;
    8744 : D6;
    8745 : D6;
    8746 : D6;
    8747 : D6;
    8748 : D6;
    8749 : D6;
    8750 : D6;
    8751 : D6;
    8752 : D6;
    8753 : D6;
    8754 : B6;
    8755 : B1;
    8756 : B1;
    8757 : 91;
    8758 : 91;
    8759 : B6;
    8760 : B6;
    8761 : B6;
    8762 : B6;
    8763 : B6;
    8764 : B6;
    8765 : D6;
    8766 : DA;
    8767 : D6;
    8768 : D6;
    8769 : D6;
    8770 : D6;
    8771 : D6;
    8772 : D6;
    8773 : D6;
    8774 : B6;
    8775 : 4D;
    8776 : 04;
    8777 : 60;
    8778 : 80;
    8779 : 60;
    8780 : 44;
    8781 : B6;
    8782 : D6;
    8783 : B6;
    8784 : B6;
    8785 : B6;
    8786 : B6;
    8787 : B6;
    8788 : B6;
    8789 : B6;
    8790 : B6;
    8791 : DA;
    8792 : 8D;
    8793 : 44;
    8794 : 8C;
    8795 : 68;
    8796 : CD;
    8797 : E5;
    8798 : FB;
    8799 : F6;
    8800 : B1;
    8801 : 91;
    8802 : D1;
    8803 : C4;
    8804 : FB;
    8805 : F6;
    8806 : C4;
    8807 : CD;
    8808 : B6;
    8809 : B6;
    8810 : D6;
    8811 : 40;
    8812 : 20;
    8813 : 60;
    8814 : 60;
    8815 : 20;
    8816 : 40;
    8817 : 64;
    8818 : C9;
    8819 : C4;
    8820 : 60;
    8821 : 40;
    8822 : 80;
    8823 : AD;
    8824 : B6;
    8825 : B6;
    8826 : B6;
    8827 : B6;
    8828 : B6;
    8829 : B6;
    8830 : B6;
    8831 : B6;
    8832 : B6;
    8833 : B6;
    8834 : B6;
    8835 : B6;
    8836 : B6;
    8837 : B6;
    8838 : B6;
    8839 : D6;
    8840 : D6;
    8841 : D6;
    8842 : B6;
    8843 : B6;
    8844 : B6;
    8845 : B6;
    8846 : B6;
    8847 : B6;
    8848 : B6;
    8849 : B6;
    8850 : B6;
    8851 : B6;
    8852 : 92;
    8853 : 6D;
    8854 : 49;
    8855 : 49;
    8856 : 49;
    8857 : 6D;
    8858 : 6D;
    8859 : 91;
    8860 : 92;
    8861 : B2;
    8862 : B6;
    8863 : B6;
    8864 : B6;
    8865 : D6;
    8866 : B6;
    8867 : B6;
    8868 : B6;
    8869 : D6;
    8870 : B6;
    8871 : B6;
    8872 : B1;
    8873 : B1;
    8874 : B1;
    8875 : B1;
    8876 : B1;
    8877 : B1;
    8878 : B1;
    8879 : B1;
    8880 : B1;
    8881 : B2;
    8882 : B6;
    8883 : D6;
    8884 : D6;
    8885 : D6;
    8886 : D6;
    8887 : D6;
    8888 : D6;
    8889 : D6;
    8890 : D6;
    8891 : D6;
    8892 : B2;
    8893 : B2;
    8894 : B2;
    8895 : B2;
    8896 : B1;
    8897 : B1;
    8898 : B2;
    8899 : B2;
    8900 : D6;
    8901 : D6;
    8902 : B6;
    8903 : D6;
    8904 : D6;
    8905 : D6;
    8906 : D6;
    8907 : D6;
    8908 : D6;
    8909 : D6;
    8910 : D6;
    8911 : D6;
    8912 : B6;
    8913 : B6;
    8914 : B6;
    8915 : B1;
    8916 : 91;
    8917 : 91;
    8918 : 91;
    8919 : 92;
    8920 : B6;
    8921 : B6;
    8922 : B6;
    8923 : B6;
    8924 : B6;
    8925 : D6;
    8926 : D6;
    8927 : D6;
    8928 : D6;
    8929 : D6;
    8930 : D6;
    8931 : D6;
    8932 : D6;
    8933 : B6;
    8934 : D6;
    8935 : B6;
    8936 : 24;
    8937 : 24;
    8938 : 24;
    8939 : 20;
    8940 : 28;
    8941 : B6;
    8942 : D6;
    8943 : D6;
    8944 : D6;
    8945 : D6;
    8946 : D6;
    8947 : D6;
    8948 : D6;
    8949 : D6;
    8950 : D6;
    8951 : DA;
    8952 : 8D;
    8953 : 44;
    8954 : 8C;
    8955 : 68;
    8956 : C9;
    8957 : E5;
    8958 : D6;
    8959 : CD;
    8960 : 91;
    8961 : 6D;
    8962 : CD;
    8963 : C4;
    8964 : F6;
    8965 : D2;
    8966 : C4;
    8967 : CD;
    8968 : DA;
    8969 : B6;
    8970 : 89;
    8971 : 89;
    8972 : 89;
    8973 : 84;
    8974 : 60;
    8975 : 40;
    8976 : A4;
    8977 : 20;
    8978 : 89;
    8979 : A9;
    8980 : 20;
    8981 : 60;
    8982 : A9;
    8983 : B6;
    8984 : B6;
    8985 : B6;
    8986 : B6;
    8987 : B6;
    8988 : B6;
    8989 : D6;
    8990 : D6;
    8991 : B6;
    8992 : B6;
    8993 : B6;
    8994 : B6;
    8995 : B6;
    8996 : B6;
    8997 : B6;
    8998 : B6;
    8999 : B6;
    9000 : D6;
    9001 : D6;
    9002 : B6;
    9003 : B6;
    9004 : D6;
    9005 : D6;
    9006 : B6;
    9007 : B6;
    9008 : B6;
    9009 : B6;
    9010 : B6;
    9011 : B6;
    9012 : B6;
    9013 : 71;
    9014 : 49;
    9015 : 24;
    9016 : 49;
    9017 : 49;
    9018 : 6D;
    9019 : 8D;
    9020 : 91;
    9021 : 92;
    9022 : B2;
    9023 : B2;
    9024 : B2;
    9025 : B6;
    9026 : B6;
    9027 : B6;
    9028 : B6;
    9029 : B6;
    9030 : B6;
    9031 : B2;
    9032 : B2;
    9033 : B1;
    9034 : B1;
    9035 : B1;
    9036 : B1;
    9037 : B1;
    9038 : B1;
    9039 : B1;
    9040 : B1;
    9041 : B1;
    9042 : B6;
    9043 : D6;
    9044 : D6;
    9045 : D6;
    9046 : D6;
    9047 : D6;
    9048 : D6;
    9049 : D6;
    9050 : D6;
    9051 : D6;
    9052 : D6;
    9053 : D6;
    9054 : D6;
    9055 : B2;
    9056 : B2;
    9057 : B1;
    9058 : B1;
    9059 : B1;
    9060 : B6;
    9061 : B6;
    9062 : B6;
    9063 : B6;
    9064 : B6;
    9065 : B6;
    9066 : B6;
    9067 : B6;
    9068 : B6;
    9069 : B6;
    9070 : B6;
    9071 : B6;
    9072 : B6;
    9073 : B2;
    9074 : B1;
    9075 : 91;
    9076 : 8D;
    9077 : 8D;
    9078 : 8D;
    9079 : 91;
    9080 : 92;
    9081 : B6;
    9082 : B6;
    9083 : D6;
    9084 : D6;
    9085 : D6;
    9086 : D6;
    9087 : D6;
    9088 : D6;
    9089 : D6;
    9090 : D6;
    9091 : D6;
    9092 : D6;
    9093 : D6;
    9094 : DA;
    9095 : 91;
    9096 : 49;
    9097 : 6D;
    9098 : 91;
    9099 : B6;
    9100 : 6D;
    9101 : 6D;
    9102 : B6;
    9103 : DA;
    9104 : D6;
    9105 : DA;
    9106 : DA;
    9107 : D6;
    9108 : DA;
    9109 : D6;
    9110 : D6;
    9111 : DA;
    9112 : 8D;
    9113 : 44;
    9114 : 88;
    9115 : 68;
    9116 : C9;
    9117 : E4;
    9118 : 84;
    9119 : A9;
    9120 : 8D;
    9121 : 6D;
    9122 : CD;
    9123 : E4;
    9124 : C9;
    9125 : C9;
    9126 : E4;
    9127 : CD;
    9128 : 8D;
    9129 : 84;
    9130 : B1;
    9131 : D6;
    9132 : D6;
    9133 : B1;
    9134 : 89;
    9135 : 68;
    9136 : 89;
    9137 : B6;
    9138 : DA;
    9139 : 64;
    9140 : 40;
    9141 : 88;
    9142 : B1;
    9143 : B6;
    9144 : B6;
    9145 : B6;
    9146 : B6;
    9147 : B6;
    9148 : D6;
    9149 : D6;
    9150 : B6;
    9151 : B6;
    9152 : D6;
    9153 : D6;
    9154 : B6;
    9155 : B6;
    9156 : B6;
    9157 : B6;
    9158 : B6;
    9159 : B6;
    9160 : B6;
    9161 : D6;
    9162 : B6;
    9163 : B6;
    9164 : B6;
    9165 : B6;
    9166 : B6;
    9167 : B6;
    9168 : B6;
    9169 : B6;
    9170 : B6;
    9171 : B6;
    9172 : B6;
    9173 : 71;
    9174 : 49;
    9175 : 24;
    9176 : 28;
    9177 : 49;
    9178 : 49;
    9179 : 6D;
    9180 : 91;
    9181 : 91;
    9182 : 91;
    9183 : 92;
    9184 : 92;
    9185 : B2;
    9186 : B2;
    9187 : B2;
    9188 : B2;
    9189 : B2;
    9190 : B2;
    9191 : B2;
    9192 : B6;
    9193 : B6;
    9194 : B6;
    9195 : B2;
    9196 : B1;
    9197 : B1;
    9198 : B1;
    9199 : B1;
    9200 : B1;
    9201 : B1;
    9202 : B1;
    9203 : B6;
    9204 : D6;
    9205 : D6;
    9206 : D6;
    9207 : D6;
    9208 : D6;
    9209 : D6;
    9210 : D6;
    9211 : D6;
    9212 : D6;
    9213 : B6;
    9214 : B2;
    9215 : B2;
    9216 : B1;
    9217 : B1;
    9218 : B1;
    9219 : B1;
    9220 : B6;
    9221 : B6;
    9222 : B6;
    9223 : B6;
    9224 : B6;
    9225 : B6;
    9226 : B2;
    9227 : B2;
    9228 : B2;
    9229 : B2;
    9230 : B2;
    9231 : B2;
    9232 : B1;
    9233 : 91;
    9234 : 91;
    9235 : 8D;
    9236 : 8D;
    9237 : 6D;
    9238 : 6D;
    9239 : 91;
    9240 : B6;
    9241 : D6;
    9242 : D6;
    9243 : D6;
    9244 : D6;
    9245 : D6;
    9246 : D6;
    9247 : D6;
    9248 : D6;
    9249 : D6;
    9250 : DA;
    9251 : D6;
    9252 : D6;
    9253 : B6;
    9254 : 91;
    9255 : 49;
    9256 : 4D;
    9257 : 49;
    9258 : B6;
    9259 : DA;
    9260 : DA;
    9261 : D6;
    9262 : D6;
    9263 : D6;
    9264 : D6;
    9265 : D6;
    9266 : D6;
    9267 : DA;
    9268 : DA;
    9269 : DA;
    9270 : D6;
    9271 : DA;
    9272 : 8D;
    9273 : 44;
    9274 : 8C;
    9275 : 88;
    9276 : C9;
    9277 : E0;
    9278 : E9;
    9279 : E5;
    9280 : B1;
    9281 : 8D;
    9282 : CD;
    9283 : C0;
    9284 : F2;
    9285 : F2;
    9286 : E4;
    9287 : A4;
    9288 : 88;
    9289 : B6;
    9290 : B6;
    9291 : B6;
    9292 : B6;
    9293 : B6;
    9294 : D6;
    9295 : B6;
    9296 : B6;
    9297 : DA;
    9298 : AD;
    9299 : 60;
    9300 : D2;
    9301 : B6;
    9302 : B6;
    9303 : B6;
    9304 : B6;
    9305 : B6;
    9306 : B6;
    9307 : B6;
    9308 : B6;
    9309 : D6;
    9310 : B6;
    9311 : B6;
    9312 : B6;
    9313 : B6;
    9314 : B6;
    9315 : B6;
    9316 : B6;
    9317 : B6;
    9318 : B6;
    9319 : D6;
    9320 : B6;
    9321 : B6;
    9322 : B6;
    9323 : B6;
    9324 : B6;
    9325 : B6;
    9326 : B6;
    9327 : B6;
    9328 : B6;
    9329 : B6;
    9330 : B6;
    9331 : B6;
    9332 : 92;
    9333 : 4D;
    9334 : 28;
    9335 : 04;
    9336 : 24;
    9337 : 28;
    9338 : 49;
    9339 : 49;
    9340 : 6D;
    9341 : 6D;
    9342 : 8D;
    9343 : 91;
    9344 : 91;
    9345 : 91;
    9346 : 91;
    9347 : 91;
    9348 : 91;
    9349 : B1;
    9350 : B1;
    9351 : B1;
    9352 : B2;
    9353 : B6;
    9354 : B6;
    9355 : B6;
    9356 : B2;
    9357 : B2;
    9358 : B1;
    9359 : B1;
    9360 : B1;
    9361 : B1;
    9362 : B1;
    9363 : B1;
    9364 : B2;
    9365 : D6;
    9366 : D6;
    9367 : D6;
    9368 : D6;
    9369 : D6;
    9370 : B6;
    9371 : B2;
    9372 : B2;
    9373 : B2;
    9374 : B1;
    9375 : B1;
    9376 : B1;
    9377 : B1;
    9378 : B1;
    9379 : B2;
    9380 : B6;
    9381 : B6;
    9382 : B6;
    9383 : B6;
    9384 : B2;
    9385 : B1;
    9386 : B1;
    9387 : B1;
    9388 : B1;
    9389 : B1;
    9390 : 91;
    9391 : 91;
    9392 : 8D;
    9393 : 8D;
    9394 : 6D;
    9395 : 6D;
    9396 : 6D;
    9397 : 6D;
    9398 : 6D;
    9399 : 8D;
    9400 : 92;
    9401 : B6;
    9402 : B6;
    9403 : D6;
    9404 : DA;
    9405 : D6;
    9406 : D6;
    9407 : D6;
    9408 : D6;
    9409 : D6;
    9410 : DA;
    9411 : D6;
    9412 : DA;
    9413 : 91;
    9414 : 00;
    9415 : 28;
    9416 : 24;
    9417 : 49;
    9418 : B6;
    9419 : D6;
    9420 : B6;
    9421 : D6;
    9422 : D6;
    9423 : D6;
    9424 : D6;
    9425 : B6;
    9426 : D6;
    9427 : D6;
    9428 : D6;
    9429 : D6;
    9430 : D6;
    9431 : DA;
    9432 : 91;
    9433 : 48;
    9434 : AC;
    9435 : 68;
    9436 : C9;
    9437 : E0;
    9438 : EE;
    9439 : F2;
    9440 : B1;
    9441 : 91;
    9442 : D1;
    9443 : C0;
    9444 : CD;
    9445 : C9;
    9446 : E0;
    9447 : CD;
    9448 : BA;
    9449 : B6;
    9450 : B6;
    9451 : B6;
    9452 : B6;
    9453 : B6;
    9454 : B6;
    9455 : B6;
    9456 : B6;
    9457 : D1;
    9458 : D1;
    9459 : B6;
    9460 : B6;
    9461 : B6;
    9462 : B6;
    9463 : B6;
    9464 : B6;
    9465 : B6;
    9466 : B6;
    9467 : B6;
    9468 : B6;
    9469 : B6;
    9470 : B6;
    9471 : B6;
    9472 : B6;
    9473 : B6;
    9474 : B6;
    9475 : B6;
    9476 : B6;
    9477 : B6;
    9478 : B6;
    9479 : B6;
    9480 : B6;
    9481 : B6;
    9482 : B6;
    9483 : D6;
    9484 : B6;
    9485 : B6;
    9486 : B6;
    9487 : B6;
    9488 : B6;
    9489 : B6;
    9490 : B6;
    9491 : 96;
    9492 : 6D;
    9493 : 49;
    9494 : 25;
    9495 : 29;
    9496 : 29;
    9497 : 24;
    9498 : 28;
    9499 : 49;
    9500 : 49;
    9501 : 6D;
    9502 : 6D;
    9503 : 6D;
    9504 : 6D;
    9505 : 8D;
    9506 : 91;
    9507 : 91;
    9508 : 91;
    9509 : 91;
    9510 : 91;
    9511 : B1;
    9512 : B1;
    9513 : B6;
    9514 : B6;
    9515 : B6;
    9516 : B2;
    9517 : B2;
    9518 : B2;
    9519 : B6;
    9520 : B2;
    9521 : B2;
    9522 : B1;
    9523 : B1;
    9524 : B2;
    9525 : B2;
    9526 : B2;
    9527 : B2;
    9528 : B2;
    9529 : D6;
    9530 : D6;
    9531 : B2;
    9532 : B2;
    9533 : B2;
    9534 : B1;
    9535 : B1;
    9536 : B2;
    9537 : B6;
    9538 : B6;
    9539 : B2;
    9540 : B2;
    9541 : B2;
    9542 : B2;
    9543 : B2;
    9544 : B1;
    9545 : B1;
    9546 : 91;
    9547 : 91;
    9548 : 91;
    9549 : 91;
    9550 : 8D;
    9551 : 6D;
    9552 : 6D;
    9553 : 6D;
    9554 : 6D;
    9555 : 6D;
    9556 : 6D;
    9557 : 6D;
    9558 : 6D;
    9559 : 6D;
    9560 : 8D;
    9561 : 91;
    9562 : 91;
    9563 : B6;
    9564 : B6;
    9565 : B6;
    9566 : D6;
    9567 : DA;
    9568 : DA;
    9569 : DA;
    9570 : DA;
    9571 : DA;
    9572 : B6;
    9573 : 24;
    9574 : 49;
    9575 : 91;
    9576 : B6;
    9577 : DA;
    9578 : DA;
    9579 : D6;
    9580 : D6;
    9581 : D6;
    9582 : D6;
    9583 : B6;
    9584 : B6;
    9585 : B6;
    9586 : B6;
    9587 : B6;
    9588 : B6;
    9589 : D6;
    9590 : D6;
    9591 : DA;
    9592 : 91;
    9593 : 68;
    9594 : AC;
    9595 : 8C;
    9596 : C9;
    9597 : E0;
    9598 : ED;
    9599 : E5;
    9600 : B1;
    9601 : 8D;
    9602 : F1;
    9603 : C0;
    9604 : E9;
    9605 : ED;
    9606 : E0;
    9607 : CD;
    9608 : B6;
    9609 : B6;
    9610 : B6;
    9611 : B6;
    9612 : B6;
    9613 : B6;
    9614 : B6;
    9615 : B6;
    9616 : B1;
    9617 : D1;
    9618 : B6;
    9619 : B6;
    9620 : B6;
    9621 : B6;
    9622 : B6;
    9623 : B6;
    9624 : B6;
    9625 : B6;
    9626 : B6;
    9627 : B6;
    9628 : B6;
    9629 : B6;
    9630 : B6;
    9631 : B6;
    9632 : B6;
    9633 : B6;
    9634 : B6;
    9635 : B6;
    9636 : B6;
    9637 : B6;
    9638 : B6;
    9639 : B6;
    9640 : B6;
    9641 : B6;
    9642 : B6;
    9643 : B6;
    9644 : B6;
    9645 : B6;
    9646 : B6;
    9647 : B6;
    9648 : B6;
    9649 : B6;
    9650 : B6;
    9651 : 71;
    9652 : 49;
    9653 : 29;
    9654 : 29;
    9655 : 29;
    9656 : 29;
    9657 : 24;
    9658 : 24;
    9659 : 49;
    9660 : 49;
    9661 : 49;
    9662 : 6D;
    9663 : 6D;
    9664 : 6D;
    9665 : 6D;
    9666 : 6D;
    9667 : 6D;
    9668 : 6D;
    9669 : 8D;
    9670 : 91;
    9671 : 91;
    9672 : B1;
    9673 : B2;
    9674 : B2;
    9675 : B6;
    9676 : B2;
    9677 : B2;
    9678 : D6;
    9679 : B6;
    9680 : B6;
    9681 : B2;
    9682 : B6;
    9683 : B6;
    9684 : D6;
    9685 : B2;
    9686 : B2;
    9687 : B2;
    9688 : D6;
    9689 : D6;
    9690 : D6;
    9691 : D6;
    9692 : B6;
    9693 : B6;
    9694 : B2;
    9695 : B2;
    9696 : B2;
    9697 : B6;
    9698 : B2;
    9699 : B1;
    9700 : B1;
    9701 : B1;
    9702 : B1;
    9703 : 91;
    9704 : 91;
    9705 : 91;
    9706 : 91;
    9707 : 91;
    9708 : 91;
    9709 : 8D;
    9710 : 6D;
    9711 : 6D;
    9712 : 6D;
    9713 : 6D;
    9714 : 6D;
    9715 : 6D;
    9716 : 6D;
    9717 : 6D;
    9718 : 6D;
    9719 : 6D;
    9720 : 6D;
    9721 : 6D;
    9722 : 6D;
    9723 : 6D;
    9724 : 91;
    9725 : 91;
    9726 : B1;
    9727 : B6;
    9728 : B6;
    9729 : B6;
    9730 : B6;
    9731 : 91;
    9732 : 49;
    9733 : 91;
    9734 : DA;
    9735 : DA;
    9736 : DA;
    9737 : D6;
    9738 : D6;
    9739 : D6;
    9740 : D6;
    9741 : D6;
    9742 : D6;
    9743 : D6;
    9744 : B6;
    9745 : B6;
    9746 : B6;
    9747 : B6;
    9748 : B6;
    9749 : B6;
    9750 : D6;
    9751 : DA;
    9752 : B1;
    9753 : 68;
    9754 : B0;
    9755 : 8D;
    9756 : C9;
    9757 : E0;
    9758 : 84;
    9759 : A0;
    9760 : D5;
    9761 : 91;
    9762 : CD;
    9763 : E0;
    9764 : E5;
    9765 : E4;
    9766 : E0;
    9767 : CD;
    9768 : B6;
    9769 : B6;
    9770 : B6;
    9771 : B6;
    9772 : B6;
    9773 : B6;
    9774 : B6;
    9775 : D2;
    9776 : CD;
    9777 : B6;
    9778 : B6;
    9779 : B6;
    9780 : B6;
    9781 : B6;
    9782 : B6;
    9783 : B6;
    9784 : B6;
    9785 : B6;
    9786 : B6;
    9787 : B6;
    9788 : B6;
    9789 : B6;
    9790 : B6;
    9791 : B6;
    9792 : B6;
    9793 : B6;
    9794 : B6;
    9795 : B6;
    9796 : B6;
    9797 : B6;
    9798 : B6;
    9799 : B6;
    9800 : B6;
    9801 : B6;
    9802 : B6;
    9803 : B6;
    9804 : B6;
    9805 : B6;
    9806 : B6;
    9807 : B6;
    9808 : B6;
    9809 : 91;
    9810 : 6D;
    9811 : 6D;
    9812 : 49;
    9813 : 29;
    9814 : 29;
    9815 : 29;
    9816 : 49;
    9817 : 49;
    9818 : 28;
    9819 : 29;
    9820 : 49;
    9821 : 49;
    9822 : 6D;
    9823 : 6D;
    9824 : 6D;
    9825 : 6D;
    9826 : 6D;
    9827 : 6D;
    9828 : 6D;
    9829 : 6D;
    9830 : 8D;
    9831 : 8D;
    9832 : 91;
    9833 : B1;
    9834 : B1;
    9835 : B1;
    9836 : B2;
    9837 : B2;
    9838 : B6;
    9839 : D6;
    9840 : B6;
    9841 : B6;
    9842 : B6;
    9843 : D6;
    9844 : D6;
    9845 : D6;
    9846 : D6;
    9847 : D6;
    9848 : D6;
    9849 : D6;
    9850 : D6;
    9851 : D6;
    9852 : B6;
    9853 : B6;
    9854 : B2;
    9855 : B2;
    9856 : B6;
    9857 : B2;
    9858 : B1;
    9859 : B1;
    9860 : B1;
    9861 : 91;
    9862 : 8D;
    9863 : 8D;
    9864 : 8D;
    9865 : 8D;
    9866 : 8D;
    9867 : 8D;
    9868 : 8D;
    9869 : 6D;
    9870 : 6D;
    9871 : 8D;
    9872 : 8D;
    9873 : 6D;
    9874 : 8D;
    9875 : 8D;
    9876 : 8D;
    9877 : 8D;
    9878 : 8D;
    9879 : 6D;
    9880 : 6D;
    9881 : 6D;
    9882 : 6D;
    9883 : 6D;
    9884 : 6D;
    9885 : 6D;
    9886 : 6D;
    9887 : 6D;
    9888 : 6D;
    9889 : 49;
    9890 : 48;
    9891 : 6D;
    9892 : B6;
    9893 : DA;
    9894 : B6;
    9895 : D6;
    9896 : D6;
    9897 : D6;
    9898 : D6;
    9899 : DA;
    9900 : D6;
    9901 : D6;
    9902 : D6;
    9903 : D6;
    9904 : D6;
    9905 : D6;
    9906 : D6;
    9907 : D6;
    9908 : B6;
    9909 : D6;
    9910 : D6;
    9911 : DA;
    9912 : B1;
    9913 : 8C;
    9914 : D1;
    9915 : 91;
    9916 : C9;
    9917 : E0;
    9918 : C4;
    9919 : E4;
    9920 : D5;
    9921 : B1;
    9922 : D1;
    9923 : E0;
    9924 : 84;
    9925 : 84;
    9926 : E0;
    9927 : CD;
    9928 : B6;
    9929 : B6;
    9930 : B6;
    9931 : B6;
    9932 : B6;
    9933 : B6;
    9934 : B6;
    9935 : B6;
    9936 : B6;
    9937 : B6;
    9938 : B6;
    9939 : B6;
    9940 : B6;
    9941 : B6;
    9942 : B6;
    9943 : B6;
    9944 : B6;
    9945 : B6;
    9946 : B6;
    9947 : B6;
    9948 : B6;
    9949 : B6;
    9950 : B6;
    9951 : B6;
    9952 : B6;
    9953 : B6;
    9954 : B6;
    9955 : B6;
    9956 : B6;
    9957 : B6;
    9958 : B6;
    9959 : B6;
    9960 : B6;
    9961 : B6;
    9962 : B6;
    9963 : B6;
    9964 : B6;
    9965 : B6;
    9966 : B2;
    9967 : 92;
    9968 : 6D;
    9969 : 6D;
    9970 : 49;
    9971 : 49;
    9972 : 49;
    9973 : 29;
    9974 : 29;
    9975 : 49;
    9976 : 49;
    9977 : 4D;
    9978 : 49;
    9979 : 24;
    9980 : 49;
    9981 : 49;
    9982 : 6D;
    9983 : 6D;
    9984 : 6D;
    9985 : 6D;
    9986 : 6D;
    9987 : 6D;
    9988 : 6D;
    9989 : 8D;
    9990 : 91;
    9991 : 91;
    9992 : 8D;
    9993 : 8D;
    9994 : 91;
    9995 : B1;
    9996 : B1;
    9997 : B1;
    9998 : B1;
    9999 : B1;
    10000 : B1;
    10001 : B2;
    10002 : B6;
    10003 : D6;
    10004 : D6;
    10005 : D6;
    10006 : D6;
    10007 : D6;
    10008 : D6;
    10009 : D6;
    10010 : D6;
    10011 : B6;
    10012 : B6;
    10013 : B2;
    10014 : B2;
    10015 : B2;
    10016 : B1;
    10017 : B1;
    10018 : B1;
    10019 : 91;
    10020 : 91;
    10021 : 91;
    10022 : 8D;
    10023 : 8D;
    10024 : 91;
    10025 : 91;
    10026 : 8D;
    10027 : 6D;
    10028 : 6D;
    10029 : 6D;
    10030 : 8D;
    10031 : 8D;
    10032 : 8D;
    10033 : 8D;
    10034 : 8D;
    10035 : 8D;
    10036 : 91;
    10037 : 91;
    10038 : 91;
    10039 : 91;
    10040 : 8D;
    10041 : 8D;
    10042 : 8D;
    10043 : 8D;
    10044 : 8D;
    10045 : 6D;
    10046 : 6D;
    10047 : 6D;
    10048 : 49;
    10049 : 48;
    10050 : 6D;
    10051 : 91;
    10052 : B2;
    10053 : B6;
    10054 : B6;
    10055 : D6;
    10056 : D6;
    10057 : D6;
    10058 : D6;
    10059 : D6;
    10060 : D6;
    10061 : D6;
    10062 : D6;
    10063 : D6;
    10064 : D6;
    10065 : D6;
    10066 : D6;
    10067 : D6;
    10068 : D6;
    10069 : D6;
    10070 : D6;
    10071 : DA;
    10072 : B1;
    10073 : 8C;
    10074 : D5;
    10075 : B5;
    10076 : C9;
    10077 : E0;
    10078 : F2;
    10079 : ED;
    10080 : B1;
    10081 : 91;
    10082 : CD;
    10083 : E0;
    10084 : C4;
    10085 : ED;
    10086 : E0;
    10087 : CD;
    10088 : B6;
    10089 : B6;
    10090 : B6;
    10091 : B6;
    10092 : B6;
    10093 : B6;
    10094 : B6;
    10095 : B6;
    10096 : B6;
    10097 : B6;
    10098 : B6;
    10099 : B6;
    10100 : B6;
    10101 : B6;
    10102 : B6;
    10103 : B6;
    10104 : B6;
    10105 : B6;
    10106 : B6;
    10107 : B6;
    10108 : B6;
    10109 : B6;
    10110 : B6;
    10111 : B6;
    10112 : B6;
    10113 : B6;
    10114 : B6;
    10115 : B6;
    10116 : B6;
    10117 : B6;
    10118 : B6;
    10119 : B6;
    10120 : B6;
    10121 : B6;
    10122 : B6;
    10123 : 92;
    10124 : 91;
    10125 : 91;
    10126 : 6D;
    10127 : 6D;
    10128 : 49;
    10129 : 49;
    10130 : 49;
    10131 : 49;
    10132 : 49;
    10133 : 49;
    10134 : 29;
    10135 : 49;
    10136 : 4D;
    10137 : 6D;
    10138 : 4D;
    10139 : 49;
    10140 : 48;
    10141 : 49;
    10142 : 49;
    10143 : 6D;
    10144 : 6D;
    10145 : 6D;
    10146 : 91;
    10147 : 8D;
    10148 : 6D;
    10149 : 91;
    10150 : 91;
    10151 : B2;
    10152 : B2;
    10153 : B1;
    10154 : B1;
    10155 : B1;
    10156 : B2;
    10157 : B2;
    10158 : B2;
    10159 : B1;
    10160 : B1;
    10161 : B1;
    10162 : B1;
    10163 : B2;
    10164 : B2;
    10165 : B2;
    10166 : B2;
    10167 : B2;
    10168 : B2;
    10169 : B2;
    10170 : B1;
    10171 : B1;
    10172 : B1;
    10173 : B1;
    10174 : B1;
    10175 : B1;
    10176 : B1;
    10177 : 91;
    10178 : 91;
    10179 : B1;
    10180 : 91;
    10181 : 91;
    10182 : 91;
    10183 : 91;
    10184 : 91;
    10185 : 91;
    10186 : 8D;
    10187 : 6D;
    10188 : 6D;
    10189 : 8D;
    10190 : 91;
    10191 : 8D;
    10192 : 6D;
    10193 : 6D;
    10194 : 8D;
    10195 : 91;
    10196 : 91;
    10197 : 91;
    10198 : 91;
    10199 : 91;
    10200 : 91;
    10201 : 91;
    10202 : 91;
    10203 : 8D;
    10204 : 8D;
    10205 : 8D;
    10206 : 8D;
    10207 : 6D;
    10208 : 6D;
    10209 : 6D;
    10210 : 6D;
    10211 : 6D;
    10212 : 6D;
    10213 : 91;
    10214 : B6;
    10215 : B6;
    10216 : D6;
    10217 : D6;
    10218 : D6;
    10219 : D6;
    10220 : D6;
    10221 : D6;
    10222 : D6;
    10223 : DA;
    10224 : DA;
    10225 : D6;
    10226 : D6;
    10227 : D6;
    10228 : D6;
    10229 : D6;
    10230 : D6;
    10231 : DA;
    10232 : B5;
    10233 : 91;
    10234 : F9;
    10235 : FA;
    10236 : ED;
    10237 : C0;
    10238 : FB;
    10239 : F6;
    10240 : D5;
    10241 : B6;
    10242 : CD;
    10243 : E0;
    10244 : E9;
    10245 : ED;
    10246 : E0;
    10247 : CD;
    10248 : B6;
    10249 : B6;
    10250 : B6;
    10251 : B6;
    10252 : B6;
    10253 : B6;
    10254 : B6;
    10255 : B6;
    10256 : B6;
    10257 : B6;
    10258 : B6;
    10259 : B6;
    10260 : B6;
    10261 : B6;
    10262 : B6;
    10263 : B6;
    10264 : B6;
    10265 : B6;
    10266 : B6;
    10267 : B6;
    10268 : B6;
    10269 : B6;
    10270 : B6;
    10271 : B6;
    10272 : B6;
    10273 : B6;
    10274 : B6;
    10275 : B6;
    10276 : B6;
    10277 : B6;
    10278 : B6;
    10279 : B6;
    10280 : B6;
    10281 : B6;
    10282 : 91;
    10283 : 6D;
    10284 : 49;
    10285 : 49;
    10286 : 49;
    10287 : 49;
    10288 : 49;
    10289 : 49;
    10290 : 49;
    10291 : 49;
    10292 : 49;
    10293 : 49;
    10294 : 49;
    10295 : 49;
    10296 : 4D;
    10297 : 6D;
    10298 : 6D;
    10299 : 6D;
    10300 : 49;
    10301 : 49;
    10302 : 28;
    10303 : 49;
    10304 : 6D;
    10305 : 6D;
    10306 : 8D;
    10307 : 8D;
    10308 : 6D;
    10309 : 8D;
    10310 : 8D;
    10311 : 91;
    10312 : B1;
    10313 : B2;
    10314 : B2;
    10315 : B2;
    10316 : B2;
    10317 : D6;
    10318 : D6;
    10319 : D6;
    10320 : D6;
    10321 : B2;
    10322 : B6;
    10323 : D6;
    10324 : D2;
    10325 : B2;
    10326 : D2;
    10327 : D2;
    10328 : D2;
    10329 : B2;
    10330 : B2;
    10331 : B2;
    10332 : B2;
    10333 : B1;
    10334 : B1;
    10335 : B1;
    10336 : B1;
    10337 : B1;
    10338 : B1;
    10339 : B1;
    10340 : B1;
    10341 : B1;
    10342 : B1;
    10343 : 91;
    10344 : 91;
    10345 : 8D;
    10346 : 8D;
    10347 : 8D;
    10348 : 91;
    10349 : 91;
    10350 : 91;
    10351 : 6D;
    10352 : 6D;
    10353 : 6D;
    10354 : 6D;
    10355 : 8D;
    10356 : 91;
    10357 : 92;
    10358 : 92;
    10359 : 91;
    10360 : 91;
    10361 : 91;
    10362 : 91;
    10363 : 91;
    10364 : 91;
    10365 : 8D;
    10366 : 8D;
    10367 : 8D;
    10368 : 6D;
    10369 : 6D;
    10370 : 6D;
    10371 : 6D;
    10372 : 6D;
    10373 : 6D;
    10374 : 91;
    10375 : B6;
    10376 : D6;
    10377 : D6;
    10378 : D6;
    10379 : D6;
    10380 : D6;
    10381 : D6;
    10382 : D6;
    10383 : D6;
    10384 : DA;
    10385 : D6;
    10386 : D6;
    10387 : DA;
    10388 : D6;
    10389 : DA;
    10390 : D6;
    10391 : DA;
    10392 : B5;
    10393 : B1;
    10394 : FA;
    10395 : DA;
    10396 : CD;
    10397 : E0;
    10398 : F2;
    10399 : EE;
    10400 : D6;
    10401 : DA;
    10402 : D1;
    10403 : C0;
    10404 : FB;
    10405 : F6;
    10406 : C0;
    10407 : CD;
    10408 : B6;
    10409 : B6;
    10410 : B6;
    10411 : B6;
    10412 : B6;
    10413 : B6;
    10414 : B6;
    10415 : B6;
    10416 : B6;
    10417 : B6;
    10418 : B6;
    10419 : B6;
    10420 : B6;
    10421 : B6;
    10422 : B6;
    10423 : B6;
    10424 : B6;
    10425 : B6;
    10426 : B6;
    10427 : B6;
    10428 : B6;
    10429 : B6;
    10430 : B6;
    10431 : B2;
    10432 : B2;
    10433 : B6;
    10434 : B6;
    10435 : B6;
    10436 : B6;
    10437 : B6;
    10438 : B6;
    10439 : B6;
    10440 : 96;
    10441 : 91;
    10442 : 6D;
    10443 : 49;
    10444 : 49;
    10445 : 49;
    10446 : 49;
    10447 : 49;
    10448 : 49;
    10449 : 49;
    10450 : 49;
    10451 : 49;
    10452 : 49;
    10453 : 49;
    10454 : 49;
    10455 : 49;
    10456 : 4D;
    10457 : 6D;
    10458 : 6D;
    10459 : 6D;
    10460 : 6D;
    10461 : 4D;
    10462 : 28;
    10463 : 24;
    10464 : 49;
    10465 : 6D;
    10466 : 6D;
    10467 : 8D;
    10468 : 8D;
    10469 : 8D;
    10470 : 8D;
    10471 : 8D;
    10472 : 8D;
    10473 : 8D;
    10474 : B1;
    10475 : B1;
    10476 : B2;
    10477 : D2;
    10478 : D2;
    10479 : D6;
    10480 : D6;
    10481 : D6;
    10482 : D6;
    10483 : D6;
    10484 : D6;
    10485 : D6;
    10486 : D6;
    10487 : D6;
    10488 : D6;
    10489 : D6;
    10490 : D6;
    10491 : D6;
    10492 : D6;
    10493 : D2;
    10494 : D2;
    10495 : B1;
    10496 : B1;
    10497 : 91;
    10498 : 91;
    10499 : B1;
    10500 : B1;
    10501 : 91;
    10502 : 91;
    10503 : 8D;
    10504 : 8D;
    10505 : 8D;
    10506 : 8D;
    10507 : 91;
    10508 : 91;
    10509 : 91;
    10510 : 91;
    10511 : 6D;
    10512 : 69;
    10513 : 49;
    10514 : 49;
    10515 : 6D;
    10516 : 91;
    10517 : 91;
    10518 : 92;
    10519 : 92;
    10520 : 92;
    10521 : 92;
    10522 : 91;
    10523 : 91;
    10524 : 91;
    10525 : 91;
    10526 : 8D;
    10527 : 8D;
    10528 : 8D;
    10529 : 8D;
    10530 : 6D;
    10531 : 6D;
    10532 : 69;
    10533 : 6D;
    10534 : 6D;
    10535 : 91;
    10536 : B6;
    10537 : B6;
    10538 : D6;
    10539 : D6;
    10540 : D6;
    10541 : D6;
    10542 : D6;
    10543 : D6;
    10544 : DA;
    10545 : DA;
    10546 : D6;
    10547 : D6;
    10548 : D6;
    10549 : D6;
    10550 : D6;
    10551 : D6;
    10552 : DA;
    10553 : B5;
    10554 : FF;
    10555 : DA;
    10556 : C9;
    10557 : E0;
    10558 : C9;
    10559 : C4;
    10560 : D6;
    10561 : D5;
    10562 : D1;
    10563 : E0;
    10564 : C9;
    10565 : 84;
    10566 : C0;
    10567 : CD;
    10568 : B6;
    10569 : B6;
    10570 : B6;
    10571 : B6;
    10572 : B6;
    10573 : B6;
    10574 : B6;
    10575 : B6;
    10576 : B6;
    10577 : B6;
    10578 : B6;
    10579 : B6;
    10580 : B6;
    10581 : B6;
    10582 : B6;
    10583 : B6;
    10584 : B6;
    10585 : B6;
    10586 : B6;
    10587 : B6;
    10588 : B6;
    10589 : B6;
    10590 : B6;
    10591 : 96;
    10592 : 92;
    10593 : 96;
    10594 : 96;
    10595 : B6;
    10596 : B6;
    10597 : B6;
    10598 : B6;
    10599 : 92;
    10600 : 6D;
    10601 : 6D;
    10602 : 49;
    10603 : 49;
    10604 : 49;
    10605 : 49;
    10606 : 49;
    10607 : 49;
    10608 : 49;
    10609 : 49;
    10610 : 49;
    10611 : 49;
    10612 : 49;
    10613 : 49;
    10614 : 49;
    10615 : 49;
    10616 : 6D;
    10617 : 6D;
    10618 : 6D;
    10619 : 6D;
    10620 : 71;
    10621 : 91;
    10622 : 6D;
    10623 : 48;
    10624 : 24;
    10625 : 49;
    10626 : 6D;
    10627 : 8D;
    10628 : 8D;
    10629 : 8D;
    10630 : 8D;
    10631 : 8D;
    10632 : 8D;
    10633 : 8D;
    10634 : 8D;
    10635 : B1;
    10636 : B2;
    10637 : D2;
    10638 : D2;
    10639 : D2;
    10640 : D2;
    10641 : D6;
    10642 : D6;
    10643 : D6;
    10644 : D2;
    10645 : D2;
    10646 : D2;
    10647 : D2;
    10648 : D6;
    10649 : D2;
    10650 : D2;
    10651 : D2;
    10652 : B2;
    10653 : B1;
    10654 : B1;
    10655 : 8D;
    10656 : 8D;
    10657 : 91;
    10658 : 91;
    10659 : 91;
    10660 : 91;
    10661 : 91;
    10662 : 6D;
    10663 : 6D;
    10664 : 6D;
    10665 : 8D;
    10666 : 91;
    10667 : 91;
    10668 : 91;
    10669 : 91;
    10670 : 8D;
    10671 : 6D;
    10672 : 69;
    10673 : 49;
    10674 : 49;
    10675 : 49;
    10676 : 49;
    10677 : 6D;
    10678 : 91;
    10679 : 92;
    10680 : 92;
    10681 : 92;
    10682 : 92;
    10683 : 91;
    10684 : 91;
    10685 : 91;
    10686 : 91;
    10687 : 91;
    10688 : 8D;
    10689 : 6D;
    10690 : 6D;
    10691 : 69;
    10692 : 69;
    10693 : 6D;
    10694 : 6D;
    10695 : 8D;
    10696 : B6;
    10697 : B6;
    10698 : D6;
    10699 : D6;
    10700 : D6;
    10701 : D6;
    10702 : D6;
    10703 : D6;
    10704 : D6;
    10705 : D6;
    10706 : D6;
    10707 : D6;
    10708 : D6;
    10709 : D6;
    10710 : DA;
    10711 : D6;
    10712 : DA;
    10713 : D6;
    10714 : FF;
    10715 : D6;
    10716 : C8;
    10717 : E0;
    10718 : E4;
    10719 : C0;
    10720 : DA;
    10721 : FE;
    10722 : F2;
    10723 : E0;
    10724 : C9;
    10725 : C0;
    10726 : C0;
    10727 : C9;
    10728 : B6;
    10729 : B6;
    10730 : B6;
    10731 : B6;
    10732 : B6;
    10733 : B6;
    10734 : B6;
    10735 : B6;
    10736 : B6;
    10737 : B6;
    10738 : B6;
    10739 : B6;
    10740 : B6;
    10741 : B6;
    10742 : B6;
    10743 : B6;
    10744 : B6;
    10745 : B6;
    10746 : B6;
    10747 : B6;
    10748 : B6;
    10749 : B6;
    10750 : B6;
    10751 : B6;
    10752 : B6;
    10753 : B6;
    10754 : 96;
    10755 : B6;
    10756 : 96;
    10757 : 92;
    10758 : 71;
    10759 : 6D;
    10760 : 49;
    10761 : 49;
    10762 : 49;
    10763 : 49;
    10764 : 49;
    10765 : 49;
    10766 : 49;
    10767 : 49;
    10768 : 49;
    10769 : 49;
    10770 : 49;
    10771 : 49;
    10772 : 49;
    10773 : 49;
    10774 : 49;
    10775 : 6D;
    10776 : 6D;
    10777 : 6D;
    10778 : 6D;
    10779 : 6D;
    10780 : 91;
    10781 : 91;
    10782 : 91;
    10783 : 6D;
    10784 : 48;
    10785 : 24;
    10786 : 49;
    10787 : 8D;
    10788 : 91;
    10789 : 91;
    10790 : 91;
    10791 : 8D;
    10792 : 8D;
    10793 : 8D;
    10794 : 8D;
    10795 : 8D;
    10796 : AD;
    10797 : B1;
    10798 : B2;
    10799 : D6;
    10800 : D6;
    10801 : D6;
    10802 : D6;
    10803 : D6;
    10804 : D6;
    10805 : D2;
    10806 : D2;
    10807 : D2;
    10808 : D2;
    10809 : D2;
    10810 : B2;
    10811 : B1;
    10812 : B1;
    10813 : 8D;
    10814 : 8D;
    10815 : 8D;
    10816 : 91;
    10817 : B1;
    10818 : 91;
    10819 : 91;
    10820 : 8D;
    10821 : 8D;
    10822 : 6D;
    10823 : 6D;
    10824 : 8D;
    10825 : 8D;
    10826 : 91;
    10827 : 91;
    10828 : 91;
    10829 : 8D;
    10830 : 6D;
    10831 : 69;
    10832 : 49;
    10833 : 49;
    10834 : 49;
    10835 : 49;
    10836 : 49;
    10837 : 49;
    10838 : 6D;
    10839 : 71;
    10840 : 92;
    10841 : 96;
    10842 : 96;
    10843 : 91;
    10844 : 91;
    10845 : 91;
    10846 : 91;
    10847 : 91;
    10848 : 6D;
    10849 : 49;
    10850 : 49;
    10851 : 6D;
    10852 : 6D;
    10853 : 6D;
    10854 : 6D;
    10855 : 6D;
    10856 : 91;
    10857 : B6;
    10858 : D6;
    10859 : B6;
    10860 : D6;
    10861 : D6;
    10862 : D6;
    10863 : D6;
    10864 : D6;
    10865 : D6;
    10866 : D6;
    10867 : D6;
    10868 : D6;
    10869 : D6;
    10870 : D6;
    10871 : DA;
    10872 : D6;
    10873 : B1;
    10874 : FA;
    10875 : B1;
    10876 : C4;
    10877 : E0;
    10878 : ED;
    10879 : ED;
    10880 : DA;
    10881 : FE;
    10882 : F2;
    10883 : C0;
    10884 : C4;
    10885 : C0;
    10886 : C0;
    10887 : C9;
    10888 : B6;
    10889 : B6;
    10890 : B6;
    10891 : B6;
    10892 : B6;
    10893 : B6;
    10894 : B6;
    10895 : B6;
    10896 : B6;
    10897 : B6;
    10898 : B6;
    10899 : B6;
    10900 : B6;
    10901 : B6;
    10902 : B6;
    10903 : B6;
    10904 : B6;
    10905 : B6;
    10906 : B6;
    10907 : B6;
    10908 : B6;
    10909 : B6;
    10910 : B6;
    10911 : B6;
    10912 : B6;
    10913 : 96;
    10914 : 96;
    10915 : 92;
    10916 : 71;
    10917 : 6D;
    10918 : 49;
    10919 : 49;
    10920 : 49;
    10921 : 49;
    10922 : 49;
    10923 : 49;
    10924 : 49;
    10925 : 49;
    10926 : 49;
    10927 : 49;
    10928 : 49;
    10929 : 49;
    10930 : 49;
    10931 : 49;
    10932 : 49;
    10933 : 49;
    10934 : 49;
    10935 : 6D;
    10936 : 6D;
    10937 : 6D;
    10938 : 6D;
    10939 : 6D;
    10940 : 91;
    10941 : 91;
    10942 : 91;
    10943 : 91;
    10944 : 6D;
    10945 : 44;
    10946 : 24;
    10947 : 49;
    10948 : 8D;
    10949 : 91;
    10950 : 91;
    10951 : 91;
    10952 : 91;
    10953 : 8D;
    10954 : 8D;
    10955 : 8D;
    10956 : 8D;
    10957 : AD;
    10958 : B1;
    10959 : B1;
    10960 : B2;
    10961 : B2;
    10962 : B2;
    10963 : B2;
    10964 : B2;
    10965 : B2;
    10966 : B2;
    10967 : B2;
    10968 : B1;
    10969 : B1;
    10970 : B1;
    10971 : AD;
    10972 : 8D;
    10973 : 8D;
    10974 : 8D;
    10975 : 91;
    10976 : 91;
    10977 : 91;
    10978 : 8D;
    10979 : 8D;
    10980 : 8D;
    10981 : 8D;
    10982 : 6D;
    10983 : 8D;
    10984 : 8D;
    10985 : 91;
    10986 : 91;
    10987 : 91;
    10988 : 91;
    10989 : 6D;
    10990 : 69;
    10991 : 49;
    10992 : 49;
    10993 : 49;
    10994 : 49;
    10995 : 49;
    10996 : 29;
    10997 : 29;
    10998 : 49;
    10999 : 49;
    11000 : 6D;
    11001 : 92;
    11002 : 92;
    11003 : 92;
    11004 : 92;
    11005 : 91;
    11006 : 91;
    11007 : 6D;
    11008 : 4D;
    11009 : 4D;
    11010 : 6D;
    11011 : 6D;
    11012 : 6D;
    11013 : 6D;
    11014 : 6D;
    11015 : 6D;
    11016 : 91;
    11017 : B6;
    11018 : D6;
    11019 : B6;
    11020 : B6;
    11021 : B6;
    11022 : B6;
    11023 : B6;
    11024 : D6;
    11025 : D6;
    11026 : D6;
    11027 : D6;
    11028 : D6;
    11029 : D6;
    11030 : D6;
    11031 : DA;
    11032 : B1;
    11033 : 8C;
    11034 : D5;
    11035 : 8C;
    11036 : C4;
    11037 : E0;
    11038 : C4;
    11039 : C9;
    11040 : D6;
    11041 : DA;
    11042 : F1;
    11043 : C0;
    11044 : F2;
    11045 : F6;
    11046 : C0;
    11047 : C9;
    11048 : B6;
    11049 : B6;
    11050 : B6;
    11051 : B6;
    11052 : B6;
    11053 : B6;
    11054 : B6;
    11055 : B6;
    11056 : B6;
    11057 : B6;
    11058 : B6;
    11059 : B6;
    11060 : B6;
    11061 : B6;
    11062 : B6;
    11063 : B6;
    11064 : B6;
    11065 : B6;
    11066 : B6;
    11067 : B6;
    11068 : B6;
    11069 : B6;
    11070 : B6;
    11071 : B6;
    11072 : B6;
    11073 : 92;
    11074 : 71;
    11075 : 6D;
    11076 : 49;
    11077 : 49;
    11078 : 49;
    11079 : 49;
    11080 : 49;
    11081 : 49;
    11082 : 49;
    11083 : 49;
    11084 : 49;
    11085 : 49;
    11086 : 49;
    11087 : 49;
    11088 : 49;
    11089 : 49;
    11090 : 49;
    11091 : 49;
    11092 : 49;
    11093 : 49;
    11094 : 49;
    11095 : 4D;
    11096 : 6D;
    11097 : 6D;
    11098 : 8D;
    11099 : 91;
    11100 : 91;
    11101 : 91;
    11102 : 91;
    11103 : 91;
    11104 : 91;
    11105 : 6D;
    11106 : 48;
    11107 : 48;
    11108 : 69;
    11109 : 8D;
    11110 : 91;
    11111 : B2;
    11112 : B1;
    11113 : 91;
    11114 : 91;
    11115 : 91;
    11116 : B1;
    11117 : B1;
    11118 : B1;
    11119 : B1;
    11120 : B1;
    11121 : B1;
    11122 : B1;
    11123 : B1;
    11124 : B1;
    11125 : B1;
    11126 : B1;
    11127 : B1;
    11128 : B1;
    11129 : B1;
    11130 : B1;
    11131 : AD;
    11132 : 91;
    11133 : 91;
    11134 : B1;
    11135 : B1;
    11136 : 91;
    11137 : 91;
    11138 : 8D;
    11139 : 8D;
    11140 : 6D;
    11141 : 6D;
    11142 : 6D;
    11143 : 8D;
    11144 : 91;
    11145 : B1;
    11146 : 91;
    11147 : 91;
    11148 : 8D;
    11149 : 6D;
    11150 : 69;
    11151 : 49;
    11152 : 48;
    11153 : 49;
    11154 : 49;
    11155 : 49;
    11156 : 29;
    11157 : 29;
    11158 : 29;
    11159 : 29;
    11160 : 49;
    11161 : 49;
    11162 : 6D;
    11163 : 72;
    11164 : 92;
    11165 : 71;
    11166 : 4D;
    11167 : 49;
    11168 : 4D;
    11169 : 6D;
    11170 : 71;
    11171 : 6D;
    11172 : 6D;
    11173 : 6D;
    11174 : 6D;
    11175 : 6D;
    11176 : 91;
    11177 : B6;
    11178 : D6;
    11179 : B6;
    11180 : B6;
    11181 : B6;
    11182 : B6;
    11183 : B6;
    11184 : B6;
    11185 : B6;
    11186 : B6;
    11187 : D6;
    11188 : D6;
    11189 : D6;
    11190 : D6;
    11191 : DA;
    11192 : B1;
    11193 : 68;
    11194 : D5;
    11195 : 8C;
    11196 : C8;
    11197 : E0;
    11198 : E9;
    11199 : C4;
    11200 : D6;
    11201 : B6;
    11202 : CD;
    11203 : C0;
    11204 : ED;
    11205 : F2;
    11206 : C0;
    11207 : C9;
    11208 : B6;
    11209 : B6;
    11210 : B6;
    11211 : B6;
    11212 : B6;
    11213 : B6;
    11214 : B6;
    11215 : B6;
    11216 : B6;
    11217 : B6;
    11218 : B6;
    11219 : B6;
    11220 : B6;
    11221 : B6;
    11222 : B6;
    11223 : B6;
    11224 : B6;
    11225 : B6;
    11226 : B6;
    11227 : B6;
    11228 : B6;
    11229 : B6;
    11230 : 92;
    11231 : 92;
    11232 : 91;
    11233 : 6D;
    11234 : 49;
    11235 : 49;
    11236 : 49;
    11237 : 49;
    11238 : 49;
    11239 : 49;
    11240 : 49;
    11241 : 49;
    11242 : 49;
    11243 : 49;
    11244 : 49;
    11245 : 49;
    11246 : 49;
    11247 : 49;
    11248 : 49;
    11249 : 49;
    11250 : 49;
    11251 : 49;
    11252 : 49;
    11253 : 49;
    11254 : 49;
    11255 : 49;
    11256 : 49;
    11257 : 6D;
    11258 : 6D;
    11259 : 6D;
    11260 : 8D;
    11261 : 8D;
    11262 : 91;
    11263 : 91;
    11264 : 91;
    11265 : 8D;
    11266 : 6D;
    11267 : 48;
    11268 : 24;
    11269 : 49;
    11270 : 8D;
    11271 : 91;
    11272 : 92;
    11273 : B2;
    11274 : B2;
    11275 : B2;
    11276 : B2;
    11277 : B2;
    11278 : B6;
    11279 : D2;
    11280 : D6;
    11281 : D6;
    11282 : D6;
    11283 : D6;
    11284 : D6;
    11285 : D6;
    11286 : D2;
    11287 : B2;
    11288 : B2;
    11289 : B2;
    11290 : B1;
    11291 : B1;
    11292 : B1;
    11293 : B1;
    11294 : B1;
    11295 : B1;
    11296 : 91;
    11297 : 8D;
    11298 : 6D;
    11299 : 6D;
    11300 : 6D;
    11301 : 6D;
    11302 : 8D;
    11303 : 8D;
    11304 : 91;
    11305 : 91;
    11306 : 91;
    11307 : 8D;
    11308 : 8D;
    11309 : 6D;
    11310 : 69;
    11311 : 49;
    11312 : 49;
    11313 : 49;
    11314 : 49;
    11315 : 29;
    11316 : 29;
    11317 : 29;
    11318 : 49;
    11319 : 29;
    11320 : 29;
    11321 : 29;
    11322 : 49;
    11323 : 4D;
    11324 : 6D;
    11325 : 4D;
    11326 : 49;
    11327 : 49;
    11328 : 6D;
    11329 : 71;
    11330 : 71;
    11331 : 6D;
    11332 : 6D;
    11333 : 4D;
    11334 : 6D;
    11335 : 6D;
    11336 : 91;
    11337 : D6;
    11338 : D6;
    11339 : D6;
    11340 : D6;
    11341 : D6;
    11342 : B6;
    11343 : B6;
    11344 : B6;
    11345 : B6;
    11346 : B6;
    11347 : B6;
    11348 : B6;
    11349 : D6;
    11350 : D6;
    11351 : DA;
    11352 : 91;
    11353 : 68;
    11354 : B1;
    11355 : 88;
    11356 : A4;
    11357 : E0;
    11358 : C9;
    11359 : E9;
    11360 : D6;
    11361 : B5;
    11362 : CD;
    11363 : E0;
    11364 : C4;
    11365 : A5;
    11366 : C0;
    11367 : C9;
    11368 : B6;
    11369 : B6;
    11370 : B6;
    11371 : B6;
    11372 : B6;
    11373 : B6;
    11374 : B6;
    11375 : B6;
    11376 : B6;
    11377 : B6;
    11378 : B6;
    11379 : B6;
    11380 : B6;
    11381 : B6;
    11382 : B6;
    11383 : B6;
    11384 : B6;
    11385 : B6;
    11386 : B6;
    11387 : B6;
    11388 : B2;
    11389 : 91;
    11390 : 6D;
    11391 : 49;
    11392 : 49;
    11393 : 49;
    11394 : 49;
    11395 : 49;
    11396 : 49;
    11397 : 49;
    11398 : 49;
    11399 : 49;
    11400 : 49;
    11401 : 49;
    11402 : 49;
    11403 : 49;
    11404 : 49;
    11405 : 49;
    11406 : 49;
    11407 : 49;
    11408 : 49;
    11409 : 49;
    11410 : 49;
    11411 : 49;
    11412 : 49;
    11413 : 49;
    11414 : 49;
    11415 : 49;
    11416 : 49;
    11417 : 69;
    11418 : 69;
    11419 : 69;
    11420 : 6D;
    11421 : 8D;
    11422 : 8D;
    11423 : 8D;
    11424 : 91;
    11425 : 91;
    11426 : 91;
    11427 : 8D;
    11428 : 69;
    11429 : 49;
    11430 : 49;
    11431 : 69;
    11432 : 6D;
    11433 : 91;
    11434 : 91;
    11435 : 92;
    11436 : B2;
    11437 : B2;
    11438 : B6;
    11439 : B2;
    11440 : B6;
    11441 : B6;
    11442 : B6;
    11443 : B6;
    11444 : B6;
    11445 : B6;
    11446 : B6;
    11447 : B6;
    11448 : B6;
    11449 : B2;
    11450 : B1;
    11451 : B2;
    11452 : B1;
    11453 : B1;
    11454 : 91;
    11455 : 8D;
    11456 : 6D;
    11457 : 6D;
    11458 : 6D;
    11459 : 6D;
    11460 : 6D;
    11461 : 8D;
    11462 : 8D;
    11463 : 8D;
    11464 : 91;
    11465 : 91;
    11466 : 8D;
    11467 : 8D;
    11468 : 6D;
    11469 : 69;
    11470 : 69;
    11471 : 6D;
    11472 : 69;
    11473 : 49;
    11474 : 49;
    11475 : 49;
    11476 : 29;
    11477 : 29;
    11478 : 29;
    11479 : 49;
    11480 : 49;
    11481 : 29;
    11482 : 29;
    11483 : 49;
    11484 : 49;
    11485 : 29;
    11486 : 29;
    11487 : 4D;
    11488 : 6D;
    11489 : 6D;
    11490 : 71;
    11491 : 6D;
    11492 : 6D;
    11493 : 49;
    11494 : 49;
    11495 : 6D;
    11496 : 91;
    11497 : D6;
    11498 : D6;
    11499 : D6;
    11500 : D6;
    11501 : D6;
    11502 : B6;
    11503 : B6;
    11504 : B6;
    11505 : B6;
    11506 : B6;
    11507 : B6;
    11508 : B6;
    11509 : D6;
    11510 : D6;
    11511 : DA;
    11512 : 91;
    11513 : 44;
    11514 : AC;
    11515 : 88;
    11516 : C4;
    11517 : C0;
    11518 : F6;
    11519 : F2;
    11520 : B1;
    11521 : 91;
    11522 : D1;
    11523 : C0;
    11524 : E9;
    11525 : D2;
    11526 : C0;
    11527 : C9;
    11528 : B6;
    11529 : B6;
    11530 : B6;
    11531 : B6;
    11532 : B6;
    11533 : B6;
    11534 : B6;
    11535 : B6;
    11536 : B6;
    11537 : B6;
    11538 : B6;
    11539 : B6;
    11540 : B6;
    11541 : B6;
    11542 : B6;
    11543 : B6;
    11544 : B6;
    11545 : B6;
    11546 : B6;
    11547 : 92;
    11548 : 6D;
    11549 : 49;
    11550 : 49;
    11551 : 49;
    11552 : 49;
    11553 : 49;
    11554 : 49;
    11555 : 49;
    11556 : 49;
    11557 : 49;
    11558 : 49;
    11559 : 49;
    11560 : 49;
    11561 : 49;
    11562 : 49;
    11563 : 49;
    11564 : 49;
    11565 : 49;
    11566 : 49;
    11567 : 49;
    11568 : 49;
    11569 : 49;
    11570 : 49;
    11571 : 49;
    11572 : 49;
    11573 : 49;
    11574 : 49;
    11575 : 49;
    11576 : 49;
    11577 : 49;
    11578 : 49;
    11579 : 69;
    11580 : 6D;
    11581 : 6D;
    11582 : 6D;
    11583 : 6D;
    11584 : 91;
    11585 : 91;
    11586 : 91;
    11587 : 91;
    11588 : 91;
    11589 : 6D;
    11590 : 69;
    11591 : 49;
    11592 : 49;
    11593 : 69;
    11594 : 6D;
    11595 : 8D;
    11596 : 8D;
    11597 : 91;
    11598 : B1;
    11599 : B1;
    11600 : B1;
    11601 : B1;
    11602 : B1;
    11603 : B1;
    11604 : B2;
    11605 : B2;
    11606 : B2;
    11607 : B1;
    11608 : B1;
    11609 : B1;
    11610 : B1;
    11611 : 91;
    11612 : 91;
    11613 : 8D;
    11614 : 8D;
    11615 : 6D;
    11616 : 6D;
    11617 : 6D;
    11618 : 6D;
    11619 : 6D;
    11620 : 8D;
    11621 : 8D;
    11622 : 8D;
    11623 : 91;
    11624 : 91;
    11625 : 91;
    11626 : 8D;
    11627 : 8D;
    11628 : 6D;
    11629 : 69;
    11630 : 69;
    11631 : 6D;
    11632 : 6D;
    11633 : 6D;
    11634 : 6D;
    11635 : 49;
    11636 : 49;
    11637 : 29;
    11638 : 29;
    11639 : 29;
    11640 : 49;
    11641 : 49;
    11642 : 29;
    11643 : 29;
    11644 : 29;
    11645 : 29;
    11646 : 29;
    11647 : 49;
    11648 : 4D;
    11649 : 6D;
    11650 : 6D;
    11651 : 6D;
    11652 : 6D;
    11653 : 49;
    11654 : 49;
    11655 : 6D;
    11656 : B6;
    11657 : D6;
    11658 : D6;
    11659 : D6;
    11660 : D6;
    11661 : D6;
    11662 : D6;
    11663 : D6;
    11664 : D6;
    11665 : D6;
    11666 : B6;
    11667 : B6;
    11668 : D6;
    11669 : B6;
    11670 : B6;
    11671 : DA;
    11672 : 8D;
    11673 : 44;
    11674 : AC;
    11675 : 8C;
    11676 : C8;
    11677 : E0;
    11678 : A9;
    11679 : 80;
    11680 : B1;
    11681 : 8D;
    11682 : CD;
    11683 : E0;
    11684 : A4;
    11685 : A9;
    11686 : E0;
    11687 : C9;
    11688 : B6;
    11689 : B6;
    11690 : B6;
    11691 : B6;
    11692 : B6;
    11693 : B6;
    11694 : B6;
    11695 : B6;
    11696 : B6;
    11697 : B6;
    11698 : B6;
    11699 : B6;
    11700 : B6;
    11701 : B6;
    11702 : B6;
    11703 : B6;
    11704 : B6;
    11705 : B6;
    11706 : 91;
    11707 : 6D;
    11708 : 49;
    11709 : 69;
    11710 : 6D;
    11711 : 6D;
    11712 : 6D;
    11713 : 6D;
    11714 : 6D;
    11715 : 6D;
    11716 : 4D;
    11717 : 49;
    11718 : 49;
    11719 : 49;
    11720 : 49;
    11721 : 49;
    11722 : 49;
    11723 : 49;
    11724 : 49;
    11725 : 49;
    11726 : 49;
    11727 : 49;
    11728 : 49;
    11729 : 49;
    11730 : 49;
    11731 : 49;
    11732 : 49;
    11733 : 49;
    11734 : 49;
    11735 : 49;
    11736 : 49;
    11737 : 49;
    11738 : 49;
    11739 : 49;
    11740 : 49;
    11741 : 49;
    11742 : 69;
    11743 : 6D;
    11744 : 6D;
    11745 : 8D;
    11746 : 91;
    11747 : 91;
    11748 : 91;
    11749 : 91;
    11750 : 91;
    11751 : 91;
    11752 : 8D;
    11753 : 6D;
    11754 : 69;
    11755 : 69;
    11756 : 6D;
    11757 : 6D;
    11758 : 8D;
    11759 : 8D;
    11760 : 91;
    11761 : 91;
    11762 : 91;
    11763 : 91;
    11764 : 91;
    11765 : 91;
    11766 : 91;
    11767 : 91;
    11768 : 91;
    11769 : 8D;
    11770 : 8D;
    11771 : 8D;
    11772 : 8D;
    11773 : 8D;
    11774 : 8D;
    11775 : 91;
    11776 : 91;
    11777 : 91;
    11778 : 91;
    11779 : B1;
    11780 : B1;
    11781 : B1;
    11782 : B1;
    11783 : B1;
    11784 : B1;
    11785 : B1;
    11786 : 8D;
    11787 : 8D;
    11788 : 6D;
    11789 : 6D;
    11790 : 6D;
    11791 : 6D;
    11792 : 6D;
    11793 : 6D;
    11794 : 6D;
    11795 : 6D;
    11796 : 49;
    11797 : 49;
    11798 : 29;
    11799 : 29;
    11800 : 29;
    11801 : 49;
    11802 : 29;
    11803 : 49;
    11804 : 29;
    11805 : 29;
    11806 : 29;
    11807 : 49;
    11808 : 49;
    11809 : 4D;
    11810 : 4D;
    11811 : 6D;
    11812 : 4D;
    11813 : 49;
    11814 : 6D;
    11815 : 92;
    11816 : B6;
    11817 : D6;
    11818 : D6;
    11819 : DA;
    11820 : DA;
    11821 : DA;
    11822 : D6;
    11823 : DA;
    11824 : D6;
    11825 : D6;
    11826 : D6;
    11827 : D6;
    11828 : D6;
    11829 : B6;
    11830 : B6;
    11831 : D6;
    11832 : 8D;
    11833 : 44;
    11834 : 8C;
    11835 : 68;
    11836 : A8;
    11837 : C0;
    11838 : 84;
    11839 : C9;
    11840 : B1;
    11841 : 8D;
    11842 : CD;
    11843 : C0;
    11844 : ED;
    11845 : FB;
    11846 : C0;
    11847 : C9;
    11848 : B6;
    11849 : B6;
    11850 : B6;
    11851 : B6;
    11852 : B6;
    11853 : B6;
    11854 : B6;
    11855 : B6;
    11856 : B6;
    11857 : B6;
    11858 : B6;
    11859 : B6;
    11860 : B6;
    11861 : B6;
    11862 : B6;
    11863 : B6;
    11864 : B6;
    11865 : 91;
    11866 : 6D;
    11867 : 69;
    11868 : 6D;
    11869 : 8D;
    11870 : 91;
    11871 : 91;
    11872 : 92;
    11873 : 92;
    11874 : 91;
    11875 : 91;
    11876 : 91;
    11877 : 6D;
    11878 : 6D;
    11879 : 6D;
    11880 : 4D;
    11881 : 49;
    11882 : 49;
    11883 : 49;
    11884 : 49;
    11885 : 49;
    11886 : 49;
    11887 : 49;
    11888 : 49;
    11889 : 49;
    11890 : 49;
    11891 : 49;
    11892 : 49;
    11893 : 49;
    11894 : 49;
    11895 : 49;
    11896 : 49;
    11897 : 49;
    11898 : 49;
    11899 : 49;
    11900 : 49;
    11901 : 49;
    11902 : 49;
    11903 : 49;
    11904 : 6D;
    11905 : 6D;
    11906 : 6D;
    11907 : 91;
    11908 : 91;
    11909 : 91;
    11910 : 91;
    11911 : 91;
    11912 : 92;
    11913 : 92;
    11914 : 91;
    11915 : 91;
    11916 : 8D;
    11917 : 8D;
    11918 : 8D;
    11919 : 8D;
    11920 : 8D;
    11921 : 8D;
    11922 : 8D;
    11923 : 8D;
    11924 : 8D;
    11925 : 8D;
    11926 : 8D;
    11927 : 8D;
    11928 : 8D;
    11929 : 8D;
    11930 : 8D;
    11931 : 8D;
    11932 : 8D;
    11933 : 91;
    11934 : B1;
    11935 : B1;
    11936 : B1;
    11937 : B1;
    11938 : B2;
    11939 : B2;
    11940 : B1;
    11941 : B1;
    11942 : B1;
    11943 : B1;
    11944 : B1;
    11945 : 91;
    11946 : 8D;
    11947 : 8D;
    11948 : 6D;
    11949 : 8D;
    11950 : 8D;
    11951 : 8D;
    11952 : 8D;
    11953 : 6D;
    11954 : 6D;
    11955 : 6D;
    11956 : 6D;
    11957 : 49;
    11958 : 49;
    11959 : 49;
    11960 : 29;
    11961 : 29;
    11962 : 49;
    11963 : 49;
    11964 : 49;
    11965 : 29;
    11966 : 29;
    11967 : 29;
    11968 : 49;
    11969 : 49;
    11970 : 49;
    11971 : 4D;
    11972 : 4D;
    11973 : 4D;
    11974 : 6D;
    11975 : B6;
    11976 : DA;
    11977 : D6;
    11978 : D6;
    11979 : D6;
    11980 : DA;
    11981 : DA;
    11982 : DA;
    11983 : D6;
    11984 : D6;
    11985 : D6;
    11986 : D6;
    11987 : D6;
    11988 : D6;
    11989 : D6;
    11990 : B6;
    11991 : D6;
    11992 : 8D;
    11993 : 44;
    11994 : 8C;
    11995 : 91;
    11996 : C8;
    11997 : C0;
    11998 : C0;
    11999 : C9;
    12000 : B1;
    12001 : 6D;
    12002 : CD;
    12003 : C0;
    12004 : E0;
    12005 : C0;
    12006 : C0;
    12007 : C9;
    12008 : B6;
    12009 : B6;
    12010 : B6;
    12011 : B6;
    12012 : B6;
    12013 : B6;
    12014 : B6;
    12015 : B6;
    12016 : B6;
    12017 : B6;
    12018 : B6;
    12019 : B6;
    12020 : B6;
    12021 : B6;
    12022 : B6;
    12023 : B6;
    12024 : 91;
    12025 : 71;
    12026 : 6D;
    12027 : 6D;
    12028 : 91;
    12029 : 91;
    12030 : 91;
    12031 : 91;
    12032 : B2;
    12033 : B2;
    12034 : B2;
    12035 : B2;
    12036 : B2;
    12037 : B2;
    12038 : 92;
    12039 : 91;
    12040 : 6D;
    12041 : 6D;
    12042 : 6D;
    12043 : 49;
    12044 : 49;
    12045 : 49;
    12046 : 49;
    12047 : 49;
    12048 : 49;
    12049 : 49;
    12050 : 49;
    12051 : 49;
    12052 : 49;
    12053 : 4D;
    12054 : 4D;
    12055 : 49;
    12056 : 49;
    12057 : 49;
    12058 : 49;
    12059 : 49;
    12060 : 49;
    12061 : 49;
    12062 : 49;
    12063 : 49;
    12064 : 49;
    12065 : 49;
    12066 : 6D;
    12067 : 6D;
    12068 : 91;
    12069 : 91;
    12070 : 91;
    12071 : 91;
    12072 : 91;
    12073 : B1;
    12074 : B1;
    12075 : B1;
    12076 : 91;
    12077 : 91;
    12078 : 91;
    12079 : 91;
    12080 : 91;
    12081 : 91;
    12082 : 91;
    12083 : 91;
    12084 : 91;
    12085 : 8D;
    12086 : 8D;
    12087 : 8D;
    12088 : 8D;
    12089 : 8D;
    12090 : 8D;
    12091 : 8D;
    12092 : 8D;
    12093 : 8D;
    12094 : B1;
    12095 : B1;
    12096 : B1;
    12097 : B2;
    12098 : B2;
    12099 : B2;
    12100 : B2;
    12101 : B1;
    12102 : B1;
    12103 : B1;
    12104 : B1;
    12105 : B1;
    12106 : 8D;
    12107 : 8D;
    12108 : 6D;
    12109 : 8D;
    12110 : 8D;
    12111 : 8D;
    12112 : 8D;
    12113 : 8D;
    12114 : 8D;
    12115 : 8D;
    12116 : 6D;
    12117 : 6D;
    12118 : 49;
    12119 : 49;
    12120 : 49;
    12121 : 29;
    12122 : 29;
    12123 : 29;
    12124 : 49;
    12125 : 49;
    12126 : 29;
    12127 : 29;
    12128 : 29;
    12129 : 29;
    12130 : 29;
    12131 : 49;
    12132 : 49;
    12133 : 4D;
    12134 : 71;
    12135 : B6;
    12136 : DA;
    12137 : DA;
    12138 : D6;
    12139 : D6;
    12140 : D6;
    12141 : DA;
    12142 : D6;
    12143 : D6;
    12144 : D6;
    12145 : D6;
    12146 : D6;
    12147 : D6;
    12148 : D6;
    12149 : D6;
    12150 : D6;
    12151 : DA;
    12152 : 8D;
    12153 : 44;
    12154 : 68;
    12155 : 8D;
    12156 : C8;
    12157 : C0;
    12158 : 80;
    12159 : A4;
    12160 : B6;
    12161 : 91;
    12162 : D1;
    12163 : C0;
    12164 : E9;
    12165 : C0;
    12166 : C0;
    12167 : C9;
    12168 : B6;
    12169 : B6;
    12170 : B6;
    12171 : B6;
    12172 : B6;
    12173 : B6;
    12174 : B6;
    12175 : B6;
    12176 : B6;
    12177 : B6;
    12178 : B6;
    12179 : B6;
    12180 : B6;
    12181 : B6;
    12182 : 92;
    12183 : 91;
    12184 : 71;
    12185 : 6D;
    12186 : 8D;
    12187 : 91;
    12188 : 91;
    12189 : 91;
    12190 : 92;
    12191 : B2;
    12192 : B2;
    12193 : B6;
    12194 : B6;
    12195 : B6;
    12196 : B6;
    12197 : B6;
    12198 : B6;
    12199 : B6;
    12200 : B2;
    12201 : 92;
    12202 : 91;
    12203 : 6D;
    12204 : 6D;
    12205 : 6D;
    12206 : 49;
    12207 : 49;
    12208 : 49;
    12209 : 49;
    12210 : 4D;
    12211 : 4D;
    12212 : 49;
    12213 : 49;
    12214 : 49;
    12215 : 49;
    12216 : 49;
    12217 : 49;
    12218 : 49;
    12219 : 49;
    12220 : 49;
    12221 : 49;
    12222 : 49;
    12223 : 49;
    12224 : 49;
    12225 : 49;
    12226 : 49;
    12227 : 49;
    12228 : 6D;
    12229 : 6D;
    12230 : 8D;
    12231 : 91;
    12232 : 91;
    12233 : 91;
    12234 : B1;
    12235 : B1;
    12236 : B1;
    12237 : B1;
    12238 : B1;
    12239 : B1;
    12240 : B1;
    12241 : B1;
    12242 : B1;
    12243 : 91;
    12244 : 91;
    12245 : 91;
    12246 : 91;
    12247 : 91;
    12248 : 91;
    12249 : 8D;
    12250 : 8D;
    12251 : 8D;
    12252 : 8D;
    12253 : 8D;
    12254 : B1;
    12255 : B1;
    12256 : B2;
    12257 : D2;
    12258 : B2;
    12259 : B2;
    12260 : B1;
    12261 : B1;
    12262 : B1;
    12263 : B1;
    12264 : B1;
    12265 : 91;
    12266 : 8D;
    12267 : 8D;
    12268 : 6D;
    12269 : 8D;
    12270 : 8D;
    12271 : 6D;
    12272 : 6D;
    12273 : 6D;
    12274 : 6D;
    12275 : 6D;
    12276 : 6D;
    12277 : 6D;
    12278 : 69;
    12279 : 49;
    12280 : 49;
    12281 : 29;
    12282 : 29;
    12283 : 29;
    12284 : 29;
    12285 : 49;
    12286 : 29;
    12287 : 29;
    12288 : 29;
    12289 : 29;
    12290 : 29;
    12291 : 29;
    12292 : 49;
    12293 : 49;
    12294 : 6D;
    12295 : 96;
    12296 : B6;
    12297 : D6;
    12298 : DA;
    12299 : D6;
    12300 : D6;
    12301 : DA;
    12302 : D6;
    12303 : D6;
    12304 : D6;
    12305 : D6;
    12306 : D6;
    12307 : D6;
    12308 : D6;
    12309 : D6;
    12310 : D6;
    12311 : DA;
    12312 : 8D;
    12313 : 44;
    12314 : 88;
    12315 : 68;
    12316 : A4;
    12317 : C0;
    12318 : CD;
    12319 : F2;
    12320 : D6;
    12321 : 91;
    12322 : CD;
    12323 : C0;
    12324 : E4;
    12325 : C0;
    12326 : C0;
    12327 : C9;
    12328 : B6;
    12329 : B6;
    12330 : B6;
    12331 : B6;
    12332 : B6;
    12333 : B6;
    12334 : B6;
    12335 : B6;
    12336 : B6;
    12337 : B6;
    12338 : B6;
    12339 : B6;
    12340 : B6;
    12341 : 91;
    12342 : 91;
    12343 : 91;
    12344 : 8D;
    12345 : 8D;
    12346 : 91;
    12347 : 91;
    12348 : 91;
    12349 : 92;
    12350 : 92;
    12351 : 92;
    12352 : B2;
    12353 : B2;
    12354 : B6;
    12355 : B6;
    12356 : B6;
    12357 : B6;
    12358 : B6;
    12359 : B6;
    12360 : B6;
    12361 : B6;
    12362 : B2;
    12363 : 92;
    12364 : 91;
    12365 : 6D;
    12366 : 6D;
    12367 : 6D;
    12368 : 4D;
    12369 : 49;
    12370 : 49;
    12371 : 49;
    12372 : 49;
    12373 : 49;
    12374 : 49;
    12375 : 49;
    12376 : 49;
    12377 : 49;
    12378 : 49;
    12379 : 49;
    12380 : 49;
    12381 : 49;
    12382 : 49;
    12383 : 49;
    12384 : 49;
    12385 : 49;
    12386 : 49;
    12387 : 49;
    12388 : 49;
    12389 : 49;
    12390 : 69;
    12391 : 6D;
    12392 : 8D;
    12393 : 91;
    12394 : 91;
    12395 : B1;
    12396 : 91;
    12397 : B1;
    12398 : B1;
    12399 : B1;
    12400 : B1;
    12401 : B1;
    12402 : B1;
    12403 : B1;
    12404 : 91;
    12405 : 91;
    12406 : 91;
    12407 : B1;
    12408 : B1;
    12409 : B1;
    12410 : AD;
    12411 : AD;
    12412 : 8D;
    12413 : 8D;
    12414 : 8D;
    12415 : AD;
    12416 : B1;
    12417 : B1;
    12418 : B2;
    12419 : D6;
    12420 : B2;
    12421 : B2;
    12422 : B1;
    12423 : B1;
    12424 : B1;
    12425 : B1;
    12426 : 8D;
    12427 : 6D;
    12428 : 6D;
    12429 : 8D;
    12430 : 6D;
    12431 : 69;
    12432 : 69;
    12433 : 69;
    12434 : 69;
    12435 : 69;
    12436 : 49;
    12437 : 49;
    12438 : 49;
    12439 : 49;
    12440 : 48;
    12441 : 29;
    12442 : 29;
    12443 : 29;
    12444 : 29;
    12445 : 29;
    12446 : 49;
    12447 : 49;
    12448 : 29;
    12449 : 29;
    12450 : 29;
    12451 : 29;
    12452 : 29;
    12453 : 49;
    12454 : 4D;
    12455 : 71;
    12456 : B6;
    12457 : B6;
    12458 : D6;
    12459 : D6;
    12460 : D6;
    12461 : D6;
    12462 : D6;
    12463 : D6;
    12464 : DA;
    12465 : DA;
    12466 : D6;
    12467 : D6;
    12468 : DA;
    12469 : D6;
    12470 : D6;
    12471 : DA;
    12472 : 8D;
    12473 : 44;
    12474 : 88;
    12475 : 6C;
    12476 : A4;
    12477 : C0;
    12478 : C9;
    12479 : C9;
    12480 : DA;
    12481 : 91;
    12482 : CD;
    12483 : C0;
    12484 : F6;
    12485 : F2;
    12486 : C0;
    12487 : C9;
    12488 : B6;
    12489 : B6;
    12490 : B6;
    12491 : B6;
    12492 : B6;
    12493 : B6;
    12494 : B6;
    12495 : B6;
    12496 : B6;
    12497 : B6;
    12498 : B6;
    12499 : 92;
    12500 : 8D;
    12501 : 6D;
    12502 : 6D;
    12503 : 8D;
    12504 : 91;
    12505 : 8D;
    12506 : 8D;
    12507 : 91;
    12508 : 91;
    12509 : 91;
    12510 : 91;
    12511 : 92;
    12512 : 92;
    12513 : B2;
    12514 : B2;
    12515 : B2;
    12516 : B2;
    12517 : B2;
    12518 : B2;
    12519 : B2;
    12520 : B2;
    12521 : B2;
    12522 : B2;
    12523 : 92;
    12524 : B2;
    12525 : 92;
    12526 : 91;
    12527 : 6D;
    12528 : 6D;
    12529 : 4D;
    12530 : 49;
    12531 : 49;
    12532 : 49;
    12533 : 49;
    12534 : 49;
    12535 : 49;
    12536 : 49;
    12537 : 49;
    12538 : 49;
    12539 : 49;
    12540 : 49;
    12541 : 49;
    12542 : 49;
    12543 : 49;
    12544 : 49;
    12545 : 49;
    12546 : 49;
    12547 : 49;
    12548 : 49;
    12549 : 49;
    12550 : 49;
    12551 : 49;
    12552 : 6D;
    12553 : 6D;
    12554 : 6D;
    12555 : 8D;
    12556 : 91;
    12557 : 91;
    12558 : B1;
    12559 : B1;
    12560 : B1;
    12561 : B1;
    12562 : B1;
    12563 : B1;
    12564 : 8D;
    12565 : 8D;
    12566 : 8D;
    12567 : 8D;
    12568 : AD;
    12569 : AD;
    12570 : AD;
    12571 : AD;
    12572 : AD;
    12573 : AD;
    12574 : AD;
    12575 : 8D;
    12576 : 8D;
    12577 : AD;
    12578 : B1;
    12579 : B2;
    12580 : B2;
    12581 : B6;
    12582 : B2;
    12583 : B1;
    12584 : B2;
    12585 : B1;
    12586 : 8D;
    12587 : 6D;
    12588 : 8D;
    12589 : 8D;
    12590 : 8D;
    12591 : 8D;
    12592 : 8D;
    12593 : 6D;
    12594 : 6D;
    12595 : 6D;
    12596 : 49;
    12597 : 49;
    12598 : 49;
    12599 : 29;
    12600 : 29;
    12601 : 29;
    12602 : 29;
    12603 : 29;
    12604 : 29;
    12605 : 29;
    12606 : 29;
    12607 : 29;
    12608 : 29;
    12609 : 49;
    12610 : 29;
    12611 : 29;
    12612 : 29;
    12613 : 29;
    12614 : 49;
    12615 : 69;
    12616 : 91;
    12617 : BA;
    12618 : DA;
    12619 : DA;
    12620 : D6;
    12621 : DA;
    12622 : DA;
    12623 : DA;
    12624 : D6;
    12625 : D6;
    12626 : DA;
    12627 : DA;
    12628 : DA;
    12629 : DA;
    12630 : DA;
    12631 : DA;
    12632 : 8D;
    12633 : 44;
    12634 : 8C;
    12635 : 8C;
    12636 : A4;
    12637 : C0;
    12638 : A0;
    12639 : 60;
    12640 : B1;
    12641 : 91;
    12642 : CD;
    12643 : C0;
    12644 : ED;
    12645 : F2;
    12646 : C0;
    12647 : C9;
    12648 : B6;
    12649 : B6;
    12650 : B6;
    12651 : B6;
    12652 : B6;
    12653 : B6;
    12654 : B6;
    12655 : B6;
    12656 : B6;
    12657 : 91;
    12658 : 91;
    12659 : 6D;
    12660 : 6D;
    12661 : 84;
    12662 : 80;
    12663 : 80;
    12664 : 89;
    12665 : 8D;
    12666 : 8D;
    12667 : 8D;
    12668 : 91;
    12669 : 91;
    12670 : 91;
    12671 : 91;
    12672 : 91;
    12673 : 92;
    12674 : B1;
    12675 : B2;
    12676 : 92;
    12677 : 92;
    12678 : 92;
    12679 : 92;
    12680 : B2;
    12681 : B2;
    12682 : 92;
    12683 : 92;
    12684 : 91;
    12685 : 91;
    12686 : 91;
    12687 : 91;
    12688 : 91;
    12689 : 6D;
    12690 : 6D;
    12691 : 6D;
    12692 : 49;
    12693 : 49;
    12694 : 49;
    12695 : 49;
    12696 : 49;
    12697 : 49;
    12698 : 49;
    12699 : 49;
    12700 : 49;
    12701 : 49;
    12702 : 49;
    12703 : 49;
    12704 : 49;
    12705 : 49;
    12706 : 49;
    12707 : 49;
    12708 : 49;
    12709 : 49;
    12710 : 49;
    12711 : 49;
    12712 : 49;
    12713 : 49;
    12714 : 49;
    12715 : 6D;
    12716 : 6D;
    12717 : 91;
    12718 : 91;
    12719 : 91;
    12720 : 91;
    12721 : 91;
    12722 : B1;
    12723 : 91;
    12724 : 8D;
    12725 : 8D;
    12726 : 8D;
    12727 : 8D;
    12728 : 8D;
    12729 : 8D;
    12730 : AD;
    12731 : AD;
    12732 : AD;
    12733 : AD;
    12734 : AD;
    12735 : AD;
    12736 : AD;
    12737 : 8D;
    12738 : 8D;
    12739 : 8D;
    12740 : B1;
    12741 : B1;
    12742 : B1;
    12743 : B1;
    12744 : B1;
    12745 : B1;
    12746 : 8D;
    12747 : 6D;
    12748 : 8D;
    12749 : 8D;
    12750 : 91;
    12751 : 8D;
    12752 : 8D;
    12753 : 6D;
    12754 : 6D;
    12755 : 6D;
    12756 : 6D;
    12757 : 6D;
    12758 : 49;
    12759 : 29;
    12760 : 29;
    12761 : 25;
    12762 : 29;
    12763 : 29;
    12764 : 29;
    12765 : 29;
    12766 : 29;
    12767 : 29;
    12768 : 29;
    12769 : 29;
    12770 : 49;
    12771 : 60;
    12772 : 80;
    12773 : 80;
    12774 : 60;
    12775 : 80;
    12776 : 80;
    12777 : AD;
    12778 : B1;
    12779 : D2;
    12780 : DA;
    12781 : D6;
    12782 : D1;
    12783 : D1;
    12784 : A4;
    12785 : 80;
    12786 : A4;
    12787 : AD;
    12788 : A4;
    12789 : A8;
    12790 : B6;
    12791 : DA;
    12792 : 91;
    12793 : 44;
    12794 : 8C;
    12795 : 68;
    12796 : A8;
    12797 : C0;
    12798 : D2;
    12799 : C9;
    12800 : B1;
    12801 : 6D;
    12802 : CD;
    12803 : C0;
    12804 : C4;
    12805 : C0;
    12806 : C0;
    12807 : C9;
    12808 : B6;
    12809 : B6;
    12810 : B6;
    12811 : B6;
    12812 : B6;
    12813 : B6;
    12814 : B6;
    12815 : B6;
    12816 : 91;
    12817 : 6D;
    12818 : 49;
    12819 : 6D;
    12820 : 6D;
    12821 : A4;
    12822 : 80;
    12823 : 80;
    12824 : 80;
    12825 : A0;
    12826 : 88;
    12827 : 6D;
    12828 : 6D;
    12829 : 91;
    12830 : 91;
    12831 : 91;
    12832 : 91;
    12833 : 92;
    12834 : 92;
    12835 : 91;
    12836 : 91;
    12837 : 91;
    12838 : 91;
    12839 : 91;
    12840 : 91;
    12841 : 91;
    12842 : 8D;
    12843 : 8D;
    12844 : 6D;
    12845 : 6D;
    12846 : 8D;
    12847 : 8D;
    12848 : 8D;
    12849 : 91;
    12850 : 92;
    12851 : 92;
    12852 : 92;
    12853 : 6D;
    12854 : 6D;
    12855 : 49;
    12856 : 49;
    12857 : 49;
    12858 : 49;
    12859 : 49;
    12860 : 49;
    12861 : 49;
    12862 : 49;
    12863 : 49;
    12864 : 49;
    12865 : 49;
    12866 : 49;
    12867 : 49;
    12868 : 49;
    12869 : 49;
    12870 : 49;
    12871 : 49;
    12872 : 49;
    12873 : 49;
    12874 : 49;
    12875 : 49;
    12876 : 49;
    12877 : 6D;
    12878 : 6D;
    12879 : 8D;
    12880 : 6D;
    12881 : 8D;
    12882 : 8D;
    12883 : 8D;
    12884 : 8D;
    12885 : 8D;
    12886 : 8D;
    12887 : 8D;
    12888 : 8D;
    12889 : 8D;
    12890 : 8D;
    12891 : 8D;
    12892 : AD;
    12893 : AD;
    12894 : AD;
    12895 : AD;
    12896 : 8D;
    12897 : 8D;
    12898 : 8D;
    12899 : 8D;
    12900 : 8D;
    12901 : B1;
    12902 : B1;
    12903 : B1;
    12904 : B1;
    12905 : B1;
    12906 : 8D;
    12907 : 89;
    12908 : 8D;
    12909 : 8D;
    12910 : 8D;
    12911 : 91;
    12912 : 8D;
    12913 : 8D;
    12914 : 6D;
    12915 : 6D;
    12916 : 6D;
    12917 : 6D;
    12918 : 6D;
    12919 : 4D;
    12920 : 49;
    12921 : 29;
    12922 : 29;
    12923 : 29;
    12924 : 29;
    12925 : 29;
    12926 : 29;
    12927 : 29;
    12928 : 49;
    12929 : 64;
    12930 : 80;
    12931 : A0;
    12932 : 80;
    12933 : 80;
    12934 : A0;
    12935 : 80;
    12936 : 80;
    12937 : 80;
    12938 : 80;
    12939 : 80;
    12940 : D1;
    12941 : A4;
    12942 : 80;
    12943 : A0;
    12944 : 80;
    12945 : 60;
    12946 : 80;
    12947 : A0;
    12948 : 60;
    12949 : 60;
    12950 : A0;
    12951 : C9;
    12952 : 88;
    12953 : 44;
    12954 : 8C;
    12955 : 6C;
    12956 : A8;
    12957 : C0;
    12958 : E9;
    12959 : E9;
    12960 : B6;
    12961 : B6;
    12962 : D1;
    12963 : C0;
    12964 : CD;
    12965 : A4;
    12966 : C0;
    12967 : A9;
    12968 : B6;
    12969 : B6;
    12970 : B6;
    12971 : B6;
    12972 : B6;
    12973 : B6;
    12974 : 92;
    12975 : 71;
    12976 : 4D;
    12977 : 49;
    12978 : 49;
    12979 : 6D;
    12980 : 6D;
    12981 : 6D;
    12982 : 89;
    12983 : 84;
    12984 : 80;
    12985 : 80;
    12986 : 80;
    12987 : 8D;
    12988 : 91;
    12989 : 91;
    12990 : 91;
    12991 : 91;
    12992 : 91;
    12993 : 8D;
    12994 : 6D;
    12995 : 6D;
    12996 : 6D;
    12997 : 6D;
    12998 : 6D;
    12999 : 6D;
    13000 : 6D;
    13001 : 6D;
    13002 : 6D;
    13003 : 6D;
    13004 : 69;
    13005 : 69;
    13006 : 6D;
    13007 : 6D;
    13008 : 6D;
    13009 : 91;
    13010 : 92;
    13011 : 92;
    13012 : 92;
    13013 : 92;
    13014 : 71;
    13015 : 6D;
    13016 : 49;
    13017 : 49;
    13018 : 49;
    13019 : 49;
    13020 : 49;
    13021 : 49;
    13022 : 49;
    13023 : 49;
    13024 : 49;
    13025 : 49;
    13026 : 49;
    13027 : 49;
    13028 : 49;
    13029 : 49;
    13030 : 49;
    13031 : 49;
    13032 : 49;
    13033 : 49;
    13034 : 49;
    13035 : 49;
    13036 : 49;
    13037 : 49;
    13038 : 49;
    13039 : 49;
    13040 : 69;
    13041 : 6D;
    13042 : 6D;
    13043 : 8D;
    13044 : 8D;
    13045 : 8D;
    13046 : 8D;
    13047 : 8D;
    13048 : 8D;
    13049 : 8D;
    13050 : 8D;
    13051 : 8D;
    13052 : 8D;
    13053 : 8D;
    13054 : 8D;
    13055 : 8D;
    13056 : 8D;
    13057 : 8D;
    13058 : 8D;
    13059 : 8D;
    13060 : 8D;
    13061 : 8D;
    13062 : AD;
    13063 : AD;
    13064 : B1;
    13065 : B1;
    13066 : 8D;
    13067 : 8D;
    13068 : 8D;
    13069 : 8D;
    13070 : 8D;
    13071 : 91;
    13072 : 91;
    13073 : 8D;
    13074 : 8D;
    13075 : 6D;
    13076 : 6D;
    13077 : 49;
    13078 : 49;
    13079 : 4D;
    13080 : 49;
    13081 : 29;
    13082 : 29;
    13083 : 29;
    13084 : 29;
    13085 : 29;
    13086 : 29;
    13087 : 29;
    13088 : 64;
    13089 : 80;
    13090 : 80;
    13091 : 80;
    13092 : 60;
    13093 : 64;
    13094 : 44;
    13095 : 44;
    13096 : 44;
    13097 : 80;
    13098 : 80;
    13099 : 80;
    13100 : A4;
    13101 : A0;
    13102 : 80;
    13103 : 60;
    13104 : CD;
    13105 : AD;
    13106 : B1;
    13107 : D1;
    13108 : A9;
    13109 : 80;
    13110 : 80;
    13111 : 80;
    13112 : 80;
    13113 : 68;
    13114 : AC;
    13115 : 68;
    13116 : A4;
    13117 : C0;
    13118 : E9;
    13119 : E5;
    13120 : B5;
    13121 : 96;
    13122 : D2;
    13123 : C0;
    13124 : ED;
    13125 : CD;
    13126 : C0;
    13127 : A9;
    13128 : 96;
    13129 : 96;
    13130 : 96;
    13131 : 92;
    13132 : 92;
    13133 : 71;
    13134 : 6D;
    13135 : 4D;
    13136 : 49;
    13137 : 49;
    13138 : 4D;
    13139 : 6D;
    13140 : 6D;
    13141 : 6D;
    13142 : 4D;
    13143 : 4D;
    13144 : 88;
    13145 : 80;
    13146 : 80;
    13147 : 80;
    13148 : 8D;
    13149 : 8D;
    13150 : 6D;
    13151 : 69;
    13152 : 69;
    13153 : 69;
    13154 : 69;
    13155 : 69;
    13156 : 69;
    13157 : 6D;
    13158 : 6D;
    13159 : 6D;
    13160 : 6D;
    13161 : 6D;
    13162 : 6D;
    13163 : 6D;
    13164 : 6D;
    13165 : 6D;
    13166 : 6D;
    13167 : 6D;
    13168 : 6D;
    13169 : 6D;
    13170 : 6D;
    13171 : 6D;
    13172 : 6D;
    13173 : 8D;
    13174 : 6D;
    13175 : 6D;
    13176 : 6D;
    13177 : 6D;
    13178 : 6D;
    13179 : 6D;
    13180 : 6D;
    13181 : 4D;
    13182 : 4D;
    13183 : 49;
    13184 : 49;
    13185 : 49;
    13186 : 49;
    13187 : 49;
    13188 : 49;
    13189 : 49;
    13190 : 49;
    13191 : 49;
    13192 : 49;
    13193 : 49;
    13194 : 49;
    13195 : 49;
    13196 : 49;
    13197 : 49;
    13198 : 49;
    13199 : 49;
    13200 : 49;
    13201 : 49;
    13202 : 6D;
    13203 : 6D;
    13204 : 8D;
    13205 : 8D;
    13206 : 8D;
    13207 : 8D;
    13208 : 8D;
    13209 : 8D;
    13210 : 8D;
    13211 : 8D;
    13212 : 8D;
    13213 : 8D;
    13214 : 8D;
    13215 : 8D;
    13216 : 8D;
    13217 : 8D;
    13218 : 8D;
    13219 : 8D;
    13220 : 8D;
    13221 : 8D;
    13222 : 8D;
    13223 : AD;
    13224 : AD;
    13225 : AD;
    13226 : 8D;
    13227 : 8D;
    13228 : 8D;
    13229 : 8D;
    13230 : 8D;
    13231 : 91;
    13232 : 91;
    13233 : 8D;
    13234 : 8D;
    13235 : 6D;
    13236 : 6D;
    13237 : 6D;
    13238 : 49;
    13239 : 29;
    13240 : 29;
    13241 : 29;
    13242 : 29;
    13243 : 29;
    13244 : 29;
    13245 : 29;
    13246 : 29;
    13247 : 44;
    13248 : 80;
    13249 : A0;
    13250 : 60;
    13251 : 44;
    13252 : 29;
    13253 : 29;
    13254 : 29;
    13255 : 29;
    13256 : 29;
    13257 : 49;
    13258 : 64;
    13259 : A0;
    13260 : 60;
    13261 : 80;
    13262 : C9;
    13263 : D2;
    13264 : D6;
    13265 : DA;
    13266 : DA;
    13267 : DA;
    13268 : DA;
    13269 : D2;
    13270 : A8;
    13271 : 80;
    13272 : 84;
    13273 : 68;
    13274 : B0;
    13275 : 88;
    13276 : 80;
    13277 : C0;
    13278 : F6;
    13279 : C9;
    13280 : B1;
    13281 : 6C;
    13282 : CD;
    13283 : C0;
    13284 : 80;
    13285 : A0;
    13286 : C0;
    13287 : A9;
    13288 : 71;
    13289 : 71;
    13290 : 6D;
    13291 : 6D;
    13292 : 4D;
    13293 : 4D;
    13294 : 49;
    13295 : 49;
    13296 : 49;
    13297 : 49;
    13298 : 4D;
    13299 : 6D;
    13300 : 4D;
    13301 : 49;
    13302 : 49;
    13303 : 4D;
    13304 : 6D;
    13305 : 84;
    13306 : 80;
    13307 : 80;
    13308 : 69;
    13309 : 49;
    13310 : 48;
    13311 : 49;
    13312 : 49;
    13313 : 69;
    13314 : 6D;
    13315 : 6D;
    13316 : 6D;
    13317 : 8D;
    13318 : 8D;
    13319 : 6D;
    13320 : 8D;
    13321 : 8D;
    13322 : 8D;
    13323 : 8D;
    13324 : 8D;
    13325 : 8D;
    13326 : 8D;
    13327 : 8D;
    13328 : 8D;
    13329 : 8D;
    13330 : 8D;
    13331 : 6D;
    13332 : 6D;
    13333 : 6D;
    13334 : 6D;
    13335 : 6D;
    13336 : 6D;
    13337 : 91;
    13338 : 92;
    13339 : 92;
    13340 : 92;
    13341 : 92;
    13342 : 6D;
    13343 : 6D;
    13344 : 4D;
    13345 : 49;
    13346 : 49;
    13347 : 49;
    13348 : 49;
    13349 : 49;
    13350 : 49;
    13351 : 49;
    13352 : 49;
    13353 : 49;
    13354 : 49;
    13355 : 49;
    13356 : 49;
    13357 : 49;
    13358 : 49;
    13359 : 49;
    13360 : 49;
    13361 : 49;
    13362 : 49;
    13363 : 49;
    13364 : 6D;
    13365 : 6D;
    13366 : 6D;
    13367 : 8D;
    13368 : 91;
    13369 : 91;
    13370 : 8D;
    13371 : 8D;
    13372 : 8D;
    13373 : 8D;
    13374 : 8D;
    13375 : 8D;
    13376 : 8D;
    13377 : 8D;
    13378 : 8D;
    13379 : 8D;
    13380 : 8D;
    13381 : 8D;
    13382 : 8D;
    13383 : 8D;
    13384 : 8D;
    13385 : 8D;
    13386 : 8D;
    13387 : 8D;
    13388 : 8D;
    13389 : AD;
    13390 : 91;
    13391 : 91;
    13392 : 8D;
    13393 : 8D;
    13394 : 8D;
    13395 : 6D;
    13396 : 6D;
    13397 : 6D;
    13398 : 49;
    13399 : 49;
    13400 : 29;
    13401 : 29;
    13402 : 29;
    13403 : 29;
    13404 : 29;
    13405 : 29;
    13406 : 44;
    13407 : A0;
    13408 : 80;
    13409 : 80;
    13410 : 44;
    13411 : 29;
    13412 : 29;
    13413 : 29;
    13414 : 29;
    13415 : 29;
    13416 : 29;
    13417 : 28;
    13418 : 49;
    13419 : 84;
    13420 : 80;
    13421 : 84;
    13422 : D6;
    13423 : DA;
    13424 : D6;
    13425 : D6;
    13426 : D6;
    13427 : D6;
    13428 : D6;
    13429 : DA;
    13430 : D6;
    13431 : A0;
    13432 : 80;
    13433 : 6C;
    13434 : D0;
    13435 : 8C;
    13436 : A4;
    13437 : C0;
    13438 : 84;
    13439 : 84;
    13440 : B5;
    13441 : 6D;
    13442 : CD;
    13443 : C0;
    13444 : 80;
    13445 : A4;
    13446 : C0;
    13447 : 84;
    13448 : 4D;
    13449 : 4D;
    13450 : 4D;
    13451 : 4D;
    13452 : 49;
    13453 : 49;
    13454 : 49;
    13455 : 49;
    13456 : 49;
    13457 : 49;
    13458 : 49;
    13459 : 49;
    13460 : 49;
    13461 : 49;
    13462 : 6D;
    13463 : 6D;
    13464 : 6D;
    13465 : 84;
    13466 : 80;
    13467 : A0;
    13468 : 44;
    13469 : 28;
    13470 : 49;
    13471 : 69;
    13472 : A4;
    13473 : C0;
    13474 : C4;
    13475 : A4;
    13476 : A9;
    13477 : C4;
    13478 : AD;
    13479 : 91;
    13480 : 91;
    13481 : 91;
    13482 : 8D;
    13483 : 91;
    13484 : 91;
    13485 : 91;
    13486 : 91;
    13487 : 91;
    13488 : 91;
    13489 : 91;
    13490 : 91;
    13491 : 8D;
    13492 : A9;
    13493 : A9;
    13494 : A9;
    13495 : 8D;
    13496 : 6D;
    13497 : 6D;
    13498 : 91;
    13499 : 91;
    13500 : 92;
    13501 : B2;
    13502 : 92;
    13503 : 92;
    13504 : 71;
    13505 : 6D;
    13506 : 6D;
    13507 : 49;
    13508 : 49;
    13509 : 49;
    13510 : 49;
    13511 : 49;
    13512 : 49;
    13513 : 49;
    13514 : 49;
    13515 : 49;
    13516 : 49;
    13517 : 49;
    13518 : 64;
    13519 : A0;
    13520 : 69;
    13521 : 69;
    13522 : 69;
    13523 : 49;
    13524 : 49;
    13525 : 49;
    13526 : 69;
    13527 : 6D;
    13528 : 8D;
    13529 : 91;
    13530 : 91;
    13531 : 91;
    13532 : 8D;
    13533 : 8D;
    13534 : 8D;
    13535 : 8D;
    13536 : 8D;
    13537 : 8D;
    13538 : 8D;
    13539 : 8D;
    13540 : 8D;
    13541 : 8D;
    13542 : 8D;
    13543 : 8D;
    13544 : 8D;
    13545 : 8D;
    13546 : 8D;
    13547 : 8D;
    13548 : AD;
    13549 : 91;
    13550 : 91;
    13551 : 8D;
    13552 : 8D;
    13553 : 91;
    13554 : 8D;
    13555 : 6D;
    13556 : 69;
    13557 : 49;
    13558 : 49;
    13559 : 29;
    13560 : 29;
    13561 : 29;
    13562 : 29;
    13563 : 29;
    13564 : 29;
    13565 : 29;
    13566 : 29;
    13567 : 80;
    13568 : A0;
    13569 : 60;
    13570 : 29;
    13571 : 29;
    13572 : 29;
    13573 : 29;
    13574 : 29;
    13575 : 29;
    13576 : 29;
    13577 : 29;
    13578 : 28;
    13579 : 49;
    13580 : 8D;
    13581 : B6;
    13582 : DA;
    13583 : D6;
    13584 : D6;
    13585 : D6;
    13586 : D6;
    13587 : DA;
    13588 : B6;
    13589 : B6;
    13590 : B6;
    13591 : AD;
    13592 : 84;
    13593 : 6C;
    13594 : D5;
    13595 : 8C;
    13596 : A4;
    13597 : C0;
    13598 : A4;
    13599 : A0;
    13600 : B5;
    13601 : 8D;
    13602 : CD;
    13603 : C0;
    13604 : A0;
    13605 : C9;
    13606 : C0;
    13607 : 84;
    13608 : 4D;
    13609 : 4D;
    13610 : 4D;
    13611 : 49;
    13612 : 49;
    13613 : 49;
    13614 : 49;
    13615 : 49;
    13616 : 49;
    13617 : 49;
    13618 : 49;
    13619 : 49;
    13620 : 49;
    13621 : 49;
    13622 : 6D;
    13623 : 6D;
    13624 : 6D;
    13625 : 80;
    13626 : 80;
    13627 : 80;
    13628 : 64;
    13629 : 49;
    13630 : 49;
    13631 : 89;
    13632 : A4;
    13633 : 8D;
    13634 : 8D;
    13635 : A9;
    13636 : C4;
    13637 : E0;
    13638 : C4;
    13639 : C9;
    13640 : A9;
    13641 : A9;
    13642 : AD;
    13643 : 91;
    13644 : 91;
    13645 : 91;
    13646 : 91;
    13647 : 91;
    13648 : 91;
    13649 : 91;
    13650 : A9;
    13651 : A4;
    13652 : AD;
    13653 : 8D;
    13654 : A4;
    13655 : A4;
    13656 : 91;
    13657 : 8D;
    13658 : 8D;
    13659 : 8D;
    13660 : 8D;
    13661 : 8D;
    13662 : 8D;
    13663 : 91;
    13664 : 6D;
    13665 : 6D;
    13666 : 6D;
    13667 : 4D;
    13668 : 49;
    13669 : 49;
    13670 : 49;
    13671 : 4D;
    13672 : 49;
    13673 : 49;
    13674 : 49;
    13675 : 49;
    13676 : 69;
    13677 : 84;
    13678 : A0;
    13679 : A0;
    13680 : 69;
    13681 : 85;
    13682 : A4;
    13683 : A4;
    13684 : 69;
    13685 : 49;
    13686 : 49;
    13687 : 49;
    13688 : 69;
    13689 : 6D;
    13690 : 8D;
    13691 : 91;
    13692 : 91;
    13693 : 91;
    13694 : 8D;
    13695 : 8D;
    13696 : 8D;
    13697 : 8D;
    13698 : 8D;
    13699 : 8D;
    13700 : 8D;
    13701 : 8D;
    13702 : 8D;
    13703 : 8D;
    13704 : 8D;
    13705 : 8D;
    13706 : 8D;
    13707 : 8D;
    13708 : 8D;
    13709 : 91;
    13710 : 91;
    13711 : 91;
    13712 : 91;
    13713 : 91;
    13714 : 91;
    13715 : 6D;
    13716 : 84;
    13717 : 80;
    13718 : 64;
    13719 : 64;
    13720 : 49;
    13721 : 29;
    13722 : 29;
    13723 : 29;
    13724 : 29;
    13725 : 29;
    13726 : 64;
    13727 : 80;
    13728 : 80;
    13729 : 80;
    13730 : 29;
    13731 : 29;
    13732 : 29;
    13733 : 29;
    13734 : 29;
    13735 : 29;
    13736 : 29;
    13737 : 29;
    13738 : 49;
    13739 : 49;
    13740 : 71;
    13741 : B6;
    13742 : B6;
    13743 : B6;
    13744 : D6;
    13745 : D6;
    13746 : B6;
    13747 : B6;
    13748 : B6;
    13749 : 96;
    13750 : 92;
    13751 : A0;
    13752 : 84;
    13753 : 8C;
    13754 : D5;
    13755 : 8C;
    13756 : 84;
    13757 : C0;
    13758 : ED;
    13759 : C4;
    13760 : B1;
    13761 : 91;
    13762 : D1;
    13763 : C0;
    13764 : A4;
    13765 : A0;
    13766 : C0;
    13767 : 84;
    13768 : 4D;
    13769 : 4D;
    13770 : 49;
    13771 : 29;
    13772 : 29;
    13773 : 29;
    13774 : 49;
    13775 : 49;
    13776 : 49;
    13777 : 29;
    13778 : 29;
    13779 : 49;
    13780 : 6D;
    13781 : 6D;
    13782 : 6D;
    13783 : 4D;
    13784 : 49;
    13785 : 80;
    13786 : A0;
    13787 : 80;
    13788 : 49;
    13789 : 6D;
    13790 : 6D;
    13791 : 6D;
    13792 : A9;
    13793 : 89;
    13794 : AD;
    13795 : 91;
    13796 : AD;
    13797 : E4;
    13798 : AD;
    13799 : 91;
    13800 : B1;
    13801 : B1;
    13802 : B1;
    13803 : B1;
    13804 : B1;
    13805 : B1;
    13806 : B1;
    13807 : B1;
    13808 : B1;
    13809 : A9;
    13810 : A4;
    13811 : B1;
    13812 : 91;
    13813 : 91;
    13814 : A4;
    13815 : A9;
    13816 : 91;
    13817 : 91;
    13818 : 91;
    13819 : 8D;
    13820 : 8D;
    13821 : 8D;
    13822 : 8D;
    13823 : 6D;
    13824 : 6D;
    13825 : 6D;
    13826 : 6D;
    13827 : 6D;
    13828 : 6D;
    13829 : 4D;
    13830 : 4D;
    13831 : 4D;
    13832 : 49;
    13833 : 49;
    13834 : 49;
    13835 : 69;
    13836 : 84;
    13837 : 49;
    13838 : 84;
    13839 : A4;
    13840 : 49;
    13841 : 29;
    13842 : 49;
    13843 : A9;
    13844 : CD;
    13845 : 6D;
    13846 : 29;
    13847 : 49;
    13848 : 49;
    13849 : 49;
    13850 : 4D;
    13851 : 6D;
    13852 : 6D;
    13853 : 91;
    13854 : 91;
    13855 : 91;
    13856 : 91;
    13857 : 91;
    13858 : 8D;
    13859 : 8D;
    13860 : 8D;
    13861 : 8D;
    13862 : 8D;
    13863 : 8D;
    13864 : 8D;
    13865 : 8D;
    13866 : 8D;
    13867 : 8D;
    13868 : 8D;
    13869 : 8D;
    13870 : 91;
    13871 : 91;
    13872 : 8D;
    13873 : 8D;
    13874 : 6D;
    13875 : 6D;
    13876 : 49;
    13877 : 49;
    13878 : 44;
    13879 : 24;
    13880 : 29;
    13881 : 29;
    13882 : 29;
    13883 : 29;
    13884 : 29;
    13885 : 29;
    13886 : 44;
    13887 : 80;
    13888 : 80;
    13889 : 60;
    13890 : 29;
    13891 : 29;
    13892 : 29;
    13893 : 29;
    13894 : 29;
    13895 : 29;
    13896 : 29;
    13897 : 29;
    13898 : 49;
    13899 : 4D;
    13900 : 92;
    13901 : B6;
    13902 : B6;
    13903 : B6;
    13904 : B6;
    13905 : B6;
    13906 : 96;
    13907 : 92;
    13908 : 91;
    13909 : 71;
    13910 : 71;
    13911 : 84;
    13912 : A4;
    13913 : 8D;
    13914 : D5;
    13915 : B1;
    13916 : A4;
    13917 : A0;
    13918 : ED;
    13919 : F2;
    13920 : B1;
    13921 : 8D;
    13922 : D2;
    13923 : A0;
    13924 : C9;
    13925 : C4;
    13926 : C0;
    13927 : 84;
    13928 : 4D;
    13929 : 49;
    13930 : 29;
    13931 : 29;
    13932 : 29;
    13933 : 29;
    13934 : 29;
    13935 : 29;
    13936 : 29;
    13937 : 29;
    13938 : 49;
    13939 : 4D;
    13940 : 6D;
    13941 : 6D;
    13942 : 49;
    13943 : 48;
    13944 : 80;
    13945 : A0;
    13946 : 80;
    13947 : 80;
    13948 : 6D;
    13949 : 71;
    13950 : 91;
    13951 : 91;
    13952 : 91;
    13953 : AD;
    13954 : AD;
    13955 : 92;
    13956 : AD;
    13957 : C4;
    13958 : B1;
    13959 : B1;
    13960 : AD;
    13961 : A9;
    13962 : A9;
    13963 : AD;
    13964 : B1;
    13965 : B1;
    13966 : B1;
    13967 : B1;
    13968 : AD;
    13969 : A0;
    13970 : AD;
    13971 : B1;
    13972 : B1;
    13973 : B1;
    13974 : AD;
    13975 : B1;
    13976 : 91;
    13977 : A9;
    13978 : A9;
    13979 : 89;
    13980 : 8D;
    13981 : 91;
    13982 : 8D;
    13983 : 89;
    13984 : 8D;
    13985 : 89;
    13986 : 89;
    13987 : 8D;
    13988 : 89;
    13989 : 88;
    13990 : 6D;
    13991 : 6D;
    13992 : 6D;
    13993 : 4D;
    13994 : 4D;
    13995 : 89;
    13996 : 89;
    13997 : 49;
    13998 : 84;
    13999 : 84;
    14000 : 49;
    14001 : 49;
    14002 : 49;
    14003 : 49;
    14004 : D6;
    14005 : B6;
    14006 : 29;
    14007 : 69;
    14008 : 89;
    14009 : 85;
    14010 : 69;
    14011 : 49;
    14012 : 84;
    14013 : 89;
    14014 : A9;
    14015 : A9;
    14016 : 8D;
    14017 : AD;
    14018 : C4;
    14019 : 8D;
    14020 : 91;
    14021 : 8D;
    14022 : 8D;
    14023 : A9;
    14024 : A9;
    14025 : A9;
    14026 : 8D;
    14027 : 8D;
    14028 : A4;
    14029 : A9;
    14030 : 8D;
    14031 : 89;
    14032 : A4;
    14033 : 89;
    14034 : 49;
    14035 : 49;
    14036 : 64;
    14037 : 64;
    14038 : 49;
    14039 : 69;
    14040 : 49;
    14041 : 29;
    14042 : 44;
    14043 : 44;
    14044 : 44;
    14045 : 44;
    14046 : 29;
    14047 : 29;
    14048 : 44;
    14049 : 25;
    14050 : 29;
    14051 : 29;
    14052 : 29;
    14053 : 29;
    14054 : 29;
    14055 : 29;
    14056 : 29;
    14057 : 29;
    14058 : 29;
    14059 : 49;
    14060 : 6D;
    14061 : 92;
    14062 : 92;
    14063 : 92;
    14064 : 71;
    14065 : 71;
    14066 : 71;
    14067 : 71;
    14068 : 6D;
    14069 : 71;
    14070 : 89;
    14071 : 80;
    14072 : A8;
    14073 : B1;
    14074 : DA;
    14075 : B1;
    14076 : A9;
    14077 : C0;
    14078 : 80;
    14079 : 80;
    14080 : 8D;
    14081 : 6D;
    14082 : CD;
    14083 : A0;
    14084 : C9;
    14085 : A4;
    14086 : C0;
    14087 : 64;
    14088 : 2D;
    14089 : 29;
    14090 : 29;
    14091 : 29;
    14092 : 29;
    14093 : 29;
    14094 : 29;
    14095 : 29;
    14096 : 29;
    14097 : 49;
    14098 : 49;
    14099 : 49;
    14100 : 49;
    14101 : 28;
    14102 : 24;
    14103 : 60;
    14104 : 80;
    14105 : 80;
    14106 : 80;
    14107 : 6D;
    14108 : 91;
    14109 : 91;
    14110 : 91;
    14111 : 91;
    14112 : 92;
    14113 : 92;
    14114 : 92;
    14115 : 92;
    14116 : AD;
    14117 : E4;
    14118 : B1;
    14119 : C9;
    14120 : C4;
    14121 : C9;
    14122 : AD;
    14123 : C4;
    14124 : AD;
    14125 : B1;
    14126 : B1;
    14127 : B6;
    14128 : A9;
    14129 : A0;
    14130 : B1;
    14131 : B1;
    14132 : B1;
    14133 : B1;
    14134 : B1;
    14135 : B1;
    14136 : A4;
    14137 : A0;
    14138 : A8;
    14139 : AD;
    14140 : A0;
    14141 : 8D;
    14142 : A4;
    14143 : C9;
    14144 : AD;
    14145 : A4;
    14146 : 84;
    14147 : 89;
    14148 : 84;
    14149 : 80;
    14150 : 8D;
    14151 : 8D;
    14152 : 8D;
    14153 : 6D;
    14154 : 6D;
    14155 : 6D;
    14156 : 6D;
    14157 : 49;
    14158 : 84;
    14159 : 84;
    14160 : 49;
    14161 : 49;
    14162 : 49;
    14163 : 49;
    14164 : B6;
    14165 : B6;
    14166 : 69;
    14167 : A8;
    14168 : 49;
    14169 : 84;
    14170 : 84;
    14171 : 49;
    14172 : C0;
    14173 : A0;
    14174 : 64;
    14175 : A0;
    14176 : C0;
    14177 : 89;
    14178 : C4;
    14179 : C5;
    14180 : 8D;
    14181 : 91;
    14182 : A9;
    14183 : C4;
    14184 : 89;
    14185 : C0;
    14186 : 89;
    14187 : A4;
    14188 : A4;
    14189 : 6D;
    14190 : 89;
    14191 : CD;
    14192 : 8D;
    14193 : 49;
    14194 : 64;
    14195 : 80;
    14196 : 64;
    14197 : 24;
    14198 : 89;
    14199 : D1;
    14200 : 29;
    14201 : 44;
    14202 : 60;
    14203 : 60;
    14204 : 44;
    14205 : 60;
    14206 : 44;
    14207 : 25;
    14208 : 29;
    14209 : 29;
    14210 : 29;
    14211 : 29;
    14212 : 29;
    14213 : 29;
    14214 : 29;
    14215 : 29;
    14216 : 29;
    14217 : 29;
    14218 : 29;
    14219 : 49;
    14220 : 4D;
    14221 : 6D;
    14222 : 6D;
    14223 : 6D;
    14224 : 6D;
    14225 : 6D;
    14226 : 6D;
    14227 : 6D;
    14228 : 4D;
    14229 : 69;
    14230 : 80;
    14231 : A0;
    14232 : A9;
    14233 : B6;
    14234 : FB;
    14235 : B5;
    14236 : 84;
    14237 : C0;
    14238 : AD;
    14239 : 84;
    14240 : 8D;
    14241 : 68;
    14242 : D1;
    14243 : A0;
    14244 : ED;
    14245 : EE;
    14246 : C0;
    14247 : 64;
    14248 : 29;
    14249 : 29;
    14250 : 29;
    14251 : 29;
    14252 : 29;
    14253 : 29;
    14254 : 29;
    14255 : 29;
    14256 : 49;
    14257 : 49;
    14258 : 49;
    14259 : 28;
    14260 : 24;
    14261 : 44;
    14262 : 80;
    14263 : A0;
    14264 : 80;
    14265 : 80;
    14266 : 8D;
    14267 : 91;
    14268 : 91;
    14269 : 91;
    14270 : 92;
    14271 : 92;
    14272 : B2;
    14273 : B2;
    14274 : B2;
    14275 : B2;
    14276 : D1;
    14277 : ED;
    14278 : D1;
    14279 : C9;
    14280 : AD;
    14281 : A9;
    14282 : C9;
    14283 : C4;
    14284 : A9;
    14285 : B1;
    14286 : B1;
    14287 : B2;
    14288 : A9;
    14289 : A0;
    14290 : B1;
    14291 : B1;
    14292 : B1;
    14293 : B1;
    14294 : B2;
    14295 : A9;
    14296 : 80;
    14297 : AD;
    14298 : 84;
    14299 : 88;
    14300 : 80;
    14301 : A9;
    14302 : A4;
    14303 : A9;
    14304 : B1;
    14305 : A9;
    14306 : 80;
    14307 : AD;
    14308 : 8D;
    14309 : 80;
    14310 : 91;
    14311 : 8D;
    14312 : 8D;
    14313 : 91;
    14314 : 8D;
    14315 : 6D;
    14316 : 6D;
    14317 : 6D;
    14318 : 84;
    14319 : 84;
    14320 : 49;
    14321 : 49;
    14322 : 49;
    14323 : 49;
    14324 : C8;
    14325 : 89;
    14326 : 89;
    14327 : A8;
    14328 : 68;
    14329 : 84;
    14330 : 49;
    14331 : 64;
    14332 : A0;
    14333 : 64;
    14334 : 29;
    14335 : 69;
    14336 : A0;
    14337 : 69;
    14338 : 69;
    14339 : C0;
    14340 : A4;
    14341 : 6D;
    14342 : C0;
    14343 : A4;
    14344 : 89;
    14345 : A4;
    14346 : 69;
    14347 : A4;
    14348 : C0;
    14349 : 84;
    14350 : 64;
    14351 : CD;
    14352 : A9;
    14353 : 64;
    14354 : 84;
    14355 : A0;
    14356 : 29;
    14357 : 29;
    14358 : 84;
    14359 : 84;
    14360 : 29;
    14361 : 84;
    14362 : 64;
    14363 : 44;
    14364 : 64;
    14365 : 60;
    14366 : 60;
    14367 : 44;
    14368 : 29;
    14369 : 29;
    14370 : 29;
    14371 : 29;
    14372 : 29;
    14373 : 29;
    14374 : 29;
    14375 : 29;
    14376 : 29;
    14377 : 29;
    14378 : 29;
    14379 : 29;
    14380 : 49;
    14381 : 4D;
    14382 : 4D;
    14383 : 4D;
    14384 : 4D;
    14385 : 4D;
    14386 : 4D;
    14387 : 4D;
    14388 : 6D;
    14389 : 80;
    14390 : 80;
    14391 : 60;
    14392 : CD;
    14393 : D6;
    14394 : FF;
    14395 : B1;
    14396 : 84;
    14397 : C0;
    14398 : AD;
    14399 : A4;
    14400 : B1;
    14401 : 6D;
    14402 : CD;
    14403 : A0;
    14404 : C9;
    14405 : 84;
    14406 : A0;
    14407 : 64;
    14408 : 29;
    14409 : 25;
    14410 : 29;
    14411 : 29;
    14412 : 29;
    14413 : 29;
    14414 : 29;
    14415 : 29;
    14416 : 29;
    14417 : 24;
    14418 : 24;
    14419 : 24;
    14420 : 64;
    14421 : A0;
    14422 : A0;
    14423 : 80;
    14424 : 84;
    14425 : 91;
    14426 : 91;
    14427 : 91;
    14428 : 92;
    14429 : B2;
    14430 : B2;
    14431 : B2;
    14432 : B1;
    14433 : C9;
    14434 : B2;
    14435 : B6;
    14436 : FA;
    14437 : DA;
    14438 : B1;
    14439 : C8;
    14440 : CD;
    14441 : B6;
    14442 : AD;
    14443 : A4;
    14444 : B1;
    14445 : B6;
    14446 : B1;
    14447 : B1;
    14448 : AD;
    14449 : A0;
    14450 : A8;
    14451 : B1;
    14452 : B1;
    14453 : B1;
    14454 : AD;
    14455 : 84;
    14456 : 80;
    14457 : AD;
    14458 : B6;
    14459 : 89;
    14460 : 84;
    14461 : B1;
    14462 : 84;
    14463 : 88;
    14464 : B2;
    14465 : 84;
    14466 : 84;
    14467 : B6;
    14468 : 89;
    14469 : 84;
    14470 : 8D;
    14471 : 89;
    14472 : 91;
    14473 : 91;
    14474 : 91;
    14475 : 8D;
    14476 : 8D;
    14477 : 69;
    14478 : 80;
    14479 : 64;
    14480 : 4D;
    14481 : 49;
    14482 : 49;
    14483 : 84;
    14484 : 84;
    14485 : 49;
    14486 : 84;
    14487 : A4;
    14488 : 49;
    14489 : 29;
    14490 : 44;
    14491 : 84;
    14492 : A0;
    14493 : 49;
    14494 : 29;
    14495 : 64;
    14496 : A0;
    14497 : 49;
    14498 : 49;
    14499 : C0;
    14500 : 84;
    14501 : 84;
    14502 : C0;
    14503 : A0;
    14504 : 49;
    14505 : 49;
    14506 : 84;
    14507 : 84;
    14508 : A0;
    14509 : A0;
    14510 : 49;
    14511 : 64;
    14512 : C0;
    14513 : 84;
    14514 : 64;
    14515 : A0;
    14516 : 49;
    14517 : 44;
    14518 : A0;
    14519 : 64;
    14520 : 44;
    14521 : 80;
    14522 : 60;
    14523 : 29;
    14524 : 25;
    14525 : 60;
    14526 : 44;
    14527 : 29;
    14528 : 29;
    14529 : 29;
    14530 : 29;
    14531 : 29;
    14532 : 29;
    14533 : 29;
    14534 : 29;
    14535 : 29;
    14536 : 29;
    14537 : 29;
    14538 : 29;
    14539 : 29;
    14540 : 49;
    14541 : 4D;
    14542 : 4D;
    14543 : 4D;
    14544 : 4D;
    14545 : 4D;
    14546 : 51;
    14547 : 69;
    14548 : 80;
    14549 : A0;
    14550 : 80;
    14551 : 60;
    14552 : AD;
    14553 : B1;
    14554 : FB;
    14555 : B1;
    14556 : 84;
    14557 : C0;
    14558 : A9;
    14559 : C9;
    14560 : B1;
    14561 : 6D;
    14562 : D1;
    14563 : C0;
    14564 : 60;
    14565 : 60;
    14566 : C0;
    14567 : 64;
    14568 : 29;
    14569 : 25;
    14570 : 29;
    14571 : 29;
    14572 : 29;
    14573 : 29;
    14574 : 29;
    14575 : 29;
    14576 : 29;
    14577 : 29;
    14578 : 49;
    14579 : 80;
    14580 : 80;
    14581 : 80;
    14582 : 80;
    14583 : 89;
    14584 : 8D;
    14585 : 92;
    14586 : 92;
    14587 : 92;
    14588 : B2;
    14589 : B2;
    14590 : B2;
    14591 : B6;
    14592 : B1;
    14593 : C9;
    14594 : CD;
    14595 : D1;
    14596 : D6;
    14597 : D6;
    14598 : B2;
    14599 : CD;
    14600 : C8;
    14601 : A9;
    14602 : A9;
    14603 : AD;
    14604 : B6;
    14605 : B1;
    14606 : B2;
    14607 : B2;
    14608 : B2;
    14609 : A9;
    14610 : 80;
    14611 : 84;
    14612 : 88;
    14613 : 89;
    14614 : 89;
    14615 : B1;
    14616 : 88;
    14617 : 84;
    14618 : 89;
    14619 : 88;
    14620 : AD;
    14621 : B1;
    14622 : 80;
    14623 : 89;
    14624 : B6;
    14625 : 84;
    14626 : 84;
    14627 : B6;
    14628 : 89;
    14629 : 60;
    14630 : 89;
    14631 : B1;
    14632 : B1;
    14633 : 91;
    14634 : 91;
    14635 : 91;
    14636 : 8D;
    14637 : 64;
    14638 : 60;
    14639 : 64;
    14640 : 69;
    14641 : 68;
    14642 : 64;
    14643 : 69;
    14644 : 49;
    14645 : 29;
    14646 : 49;
    14647 : 84;
    14648 : 64;
    14649 : 64;
    14650 : 44;
    14651 : 64;
    14652 : 80;
    14653 : 64;
    14654 : 64;
    14655 : 84;
    14656 : 44;
    14657 : 29;
    14658 : 49;
    14659 : A0;
    14660 : A0;
    14661 : 44;
    14662 : 64;
    14663 : C0;
    14664 : A4;
    14665 : 84;
    14666 : 64;
    14667 : 84;
    14668 : 84;
    14669 : 84;
    14670 : 45;
    14671 : 84;
    14672 : 84;
    14673 : 64;
    14674 : 49;
    14675 : A0;
    14676 : 80;
    14677 : 64;
    14678 : 80;
    14679 : 80;
    14680 : 44;
    14681 : 44;
    14682 : 80;
    14683 : 64;
    14684 : 64;
    14685 : 44;
    14686 : 29;
    14687 : 29;
    14688 : 29;
    14689 : 29;
    14690 : 29;
    14691 : 29;
    14692 : 29;
    14693 : 29;
    14694 : 29;
    14695 : 29;
    14696 : 29;
    14697 : 29;
    14698 : 29;
    14699 : 29;
    14700 : 49;
    14701 : 49;
    14702 : 4D;
    14703 : 6D;
    14704 : 4D;
    14705 : 6D;
    14706 : 84;
    14707 : A0;
    14708 : 80;
    14709 : 80;
    14710 : 84;
    14711 : 71;
    14712 : 6D;
    14713 : 8D;
    14714 : DA;
    14715 : 8D;
    14716 : A4;
    14717 : C0;
    14718 : 84;
    14719 : A0;
    14720 : D5;
    14721 : 8D;
    14722 : CD;
    14723 : A0;
    14724 : C9;
    14725 : C0;
    14726 : A0;
    14727 : 64;
    14728 : 29;
    14729 : 29;
    14730 : 29;
    14731 : 49;
    14732 : 4D;
    14733 : 4D;
    14734 : 4D;
    14735 : 4D;
    14736 : 4D;
    14737 : 69;
    14738 : 80;
    14739 : A0;
    14740 : A0;
    14741 : 80;
    14742 : 8D;
    14743 : 96;
    14744 : 92;
    14745 : 92;
    14746 : B2;
    14747 : B2;
    14748 : B6;
    14749 : B6;
    14750 : B6;
    14751 : B6;
    14752 : B6;
    14753 : D6;
    14754 : D1;
    14755 : D2;
    14756 : B6;
    14757 : B6;
    14758 : B6;
    14759 : B6;
    14760 : B1;
    14761 : B1;
    14762 : B2;
    14763 : B6;
    14764 : B6;
    14765 : B6;
    14766 : B6;
    14767 : B6;
    14768 : B6;
    14769 : B6;
    14770 : B2;
    14771 : AD;
    14772 : AD;
    14773 : B1;
    14774 : B6;
    14775 : B6;
    14776 : B2;
    14777 : B1;
    14778 : B1;
    14779 : B2;
    14780 : B6;
    14781 : B2;
    14782 : B1;
    14783 : B1;
    14784 : B2;
    14785 : B1;
    14786 : B1;
    14787 : B1;
    14788 : B1;
    14789 : B1;
    14790 : B1;
    14791 : B1;
    14792 : B1;
    14793 : B1;
    14794 : B1;
    14795 : 91;
    14796 : 91;
    14797 : 8D;
    14798 : 69;
    14799 : 69;
    14800 : 69;
    14801 : 69;
    14802 : 49;
    14803 : 49;
    14804 : 49;
    14805 : 49;
    14806 : 49;
    14807 : 49;
    14808 : 49;
    14809 : 49;
    14810 : 29;
    14811 : 64;
    14812 : 80;
    14813 : 49;
    14814 : 49;
    14815 : 49;
    14816 : 29;
    14817 : 29;
    14818 : 29;
    14819 : 49;
    14820 : 49;
    14821 : 29;
    14822 : 29;
    14823 : 49;
    14824 : 45;
    14825 : 49;
    14826 : 29;
    14827 : 49;
    14828 : 45;
    14829 : 29;
    14830 : 29;
    14831 : 44;
    14832 : 45;
    14833 : 29;
    14834 : 29;
    14835 : 29;
    14836 : 45;
    14837 : 29;
    14838 : 29;
    14839 : 45;
    14840 : 29;
    14841 : 29;
    14842 : 25;
    14843 : 45;
    14844 : 25;
    14845 : 29;
    14846 : 29;
    14847 : 29;
    14848 : 29;
    14849 : 29;
    14850 : 29;
    14851 : 29;
    14852 : 29;
    14853 : 29;
    14854 : 29;
    14855 : 29;
    14856 : 29;
    14857 : 29;
    14858 : 29;
    14859 : 29;
    14860 : 29;
    14861 : 29;
    14862 : 49;
    14863 : 4D;
    14864 : 6D;
    14865 : 80;
    14866 : 80;
    14867 : 80;
    14868 : 84;
    14869 : 69;
    14870 : 6D;
    14871 : 71;
    14872 : 6D;
    14873 : 6C;
    14874 : D5;
    14875 : 91;
    14876 : A9;
    14877 : A0;
    14878 : 80;
    14879 : A0;
    14880 : B1;
    14881 : 6C;
    14882 : CD;
    14883 : A0;
    14884 : E9;
    14885 : E5;
    14886 : C0;
    14887 : 64;
    14888 : 29;
    14889 : 49;
    14890 : 4D;
    14891 : 4D;
    14892 : 4D;
    14893 : 6D;
    14894 : 6D;
    14895 : 6D;
    14896 : 68;
    14897 : A0;
    14898 : A0;
    14899 : 60;
    14900 : 84;
    14901 : 92;
    14902 : B2;
    14903 : B2;
    14904 : B6;
    14905 : B6;
    14906 : B6;
    14907 : B6;
    14908 : B6;
    14909 : B6;
    14910 : B6;
    14911 : B6;
    14912 : B6;
    14913 : D6;
    14914 : B6;
    14915 : B6;
    14916 : D6;
    14917 : D6;
    14918 : D6;
    14919 : D6;
    14920 : D6;
    14921 : D6;
    14922 : D6;
    14923 : D6;
    14924 : D6;
    14925 : D6;
    14926 : B6;
    14927 : B6;
    14928 : B6;
    14929 : B6;
    14930 : B6;
    14931 : B6;
    14932 : B6;
    14933 : B6;
    14934 : B2;
    14935 : B2;
    14936 : B2;
    14937 : B6;
    14938 : B6;
    14939 : B6;
    14940 : B2;
    14941 : B2;
    14942 : B6;
    14943 : B2;
    14944 : B2;
    14945 : B2;
    14946 : B2;
    14947 : B1;
    14948 : B2;
    14949 : B1;
    14950 : B1;
    14951 : B1;
    14952 : B1;
    14953 : B1;
    14954 : B1;
    14955 : 91;
    14956 : 91;
    14957 : 91;
    14958 : 8D;
    14959 : 6D;
    14960 : 6D;
    14961 : 6D;
    14962 : 4D;
    14963 : 49;
    14964 : 49;
    14965 : 49;
    14966 : 49;
    14967 : 49;
    14968 : 29;
    14969 : 29;
    14970 : 29;
    14971 : 60;
    14972 : 60;
    14973 : 29;
    14974 : 29;
    14975 : 29;
    14976 : 29;
    14977 : 29;
    14978 : 29;
    14979 : 29;
    14980 : 29;
    14981 : 29;
    14982 : 29;
    14983 : 29;
    14984 : 29;
    14985 : 29;
    14986 : 29;
    14987 : 29;
    14988 : 29;
    14989 : 29;
    14990 : 29;
    14991 : 29;
    14992 : 29;
    14993 : 29;
    14994 : 29;
    14995 : 29;
    14996 : 29;
    14997 : 29;
    14998 : 29;
    14999 : 29;
    15000 : 29;
    15001 : 29;
    15002 : 29;
    15003 : 29;
    15004 : 29;
    15005 : 29;
    15006 : 29;
    15007 : 29;
    15008 : 29;
    15009 : 29;
    15010 : 29;
    15011 : 29;
    15012 : 29;
    15013 : 29;
    15014 : 25;
    15015 : 25;
    15016 : 25;
    15017 : 29;
    15018 : 29;
    15019 : 29;
    15020 : 29;
    15021 : 29;
    15022 : 29;
    15023 : 64;
    15024 : 80;
    15025 : A0;
    15026 : 80;
    15027 : 60;
    15028 : 6D;
    15029 : 51;
    15030 : 6D;
    15031 : 6D;
    15032 : 6D;
    15033 : 68;
    15034 : D1;
    15035 : 8D;
    15036 : A8;
    15037 : A0;
    15038 : C9;
    15039 : C9;
    15040 : D6;
    15041 : 91;
    15042 : CD;
    15043 : A0;
    15044 : F2;
    15045 : D2;
    15046 : A0;
    15047 : 64;
    15048 : 29;
    15049 : 49;
    15050 : 4D;
    15051 : 4D;
    15052 : 4D;
    15053 : 6D;
    15054 : 69;
    15055 : A4;
    15056 : 80;
    15057 : 80;
    15058 : 80;
    15059 : 8D;
    15060 : B1;
    15061 : B6;
    15062 : B2;
    15063 : B6;
    15064 : B6;
    15065 : B6;
    15066 : B6;
    15067 : B6;
    15068 : B6;
    15069 : B6;
    15070 : D6;
    15071 : B6;
    15072 : B6;
    15073 : B6;
    15074 : B6;
    15075 : D6;
    15076 : D6;
    15077 : D6;
    15078 : D6;
    15079 : D6;
    15080 : B6;
    15081 : D6;
    15082 : D6;
    15083 : D6;
    15084 : D6;
    15085 : D6;
    15086 : B6;
    15087 : B6;
    15088 : B6;
    15089 : B6;
    15090 : B6;
    15091 : B2;
    15092 : B2;
    15093 : B2;
    15094 : B6;
    15095 : B6;
    15096 : B6;
    15097 : B2;
    15098 : B2;
    15099 : B2;
    15100 : B6;
    15101 : B2;
    15102 : B2;
    15103 : B2;
    15104 : B2;
    15105 : B2;
    15106 : B2;
    15107 : B2;
    15108 : B1;
    15109 : B1;
    15110 : B1;
    15111 : B1;
    15112 : B1;
    15113 : B1;
    15114 : B1;
    15115 : 91;
    15116 : 91;
    15117 : 91;
    15118 : 91;
    15119 : 8D;
    15120 : 6D;
    15121 : 6D;
    15122 : 4D;
    15123 : 49;
    15124 : 49;
    15125 : 49;
    15126 : 49;
    15127 : 49;
    15128 : 49;
    15129 : 29;
    15130 : 49;
    15131 : 80;
    15132 : 64;
    15133 : 29;
    15134 : 29;
    15135 : 29;
    15136 : 29;
    15137 : 29;
    15138 : 29;
    15139 : 29;
    15140 : 29;
    15141 : 29;
    15142 : 29;
    15143 : 29;
    15144 : 29;
    15145 : 29;
    15146 : 29;
    15147 : 29;
    15148 : 29;
    15149 : 29;
    15150 : 29;
    15151 : 29;
    15152 : 29;
    15153 : 29;
    15154 : 29;
    15155 : 29;
    15156 : 29;
    15157 : 29;
    15158 : 29;
    15159 : 29;
    15160 : 29;
    15161 : 29;
    15162 : 29;
    15163 : 25;
    15164 : 29;
    15165 : 25;
    15166 : 29;
    15167 : 29;
    15168 : 25;
    15169 : 25;
    15170 : 25;
    15171 : 25;
    15172 : 25;
    15173 : 25;
    15174 : 25;
    15175 : 25;
    15176 : 25;
    15177 : 29;
    15178 : 29;
    15179 : 29;
    15180 : 29;
    15181 : 44;
    15182 : 64;
    15183 : A0;
    15184 : 80;
    15185 : 80;
    15186 : 69;
    15187 : 51;
    15188 : 71;
    15189 : 6D;
    15190 : 6D;
    15191 : 6D;
    15192 : 6D;
    15193 : 68;
    15194 : B0;
    15195 : 91;
    15196 : A9;
    15197 : A0;
    15198 : CD;
    15199 : F2;
    15200 : B1;
    15201 : B6;
    15202 : D1;
    15203 : A0;
    15204 : A4;
    15205 : 60;
    15206 : A0;
    15207 : 64;
    15208 : 2D;
    15209 : 4D;
    15210 : 4D;
    15211 : 4D;
    15212 : 4D;
    15213 : 6D;
    15214 : 80;
    15215 : 80;
    15216 : 80;
    15217 : 84;
    15218 : 8D;
    15219 : B6;
    15220 : B2;
    15221 : B6;
    15222 : B6;
    15223 : B6;
    15224 : D6;
    15225 : D6;
    15226 : D6;
    15227 : D6;
    15228 : D6;
    15229 : D6;
    15230 : D6;
    15231 : D6;
    15232 : B6;
    15233 : B6;
    15234 : B6;
    15235 : D6;
    15236 : B6;
    15237 : B6;
    15238 : B1;
    15239 : D6;
    15240 : D6;
    15241 : B6;
    15242 : D6;
    15243 : B6;
    15244 : D6;
    15245 : D6;
    15246 : B6;
    15247 : B6;
    15248 : B6;
    15249 : B6;
    15250 : B6;
    15251 : B6;
    15252 : B6;
    15253 : B6;
    15254 : B6;
    15255 : B6;
    15256 : B6;
    15257 : B6;
    15258 : B6;
    15259 : B6;
    15260 : B6;
    15261 : B6;
    15262 : B2;
    15263 : B6;
    15264 : B6;
    15265 : B2;
    15266 : B1;
    15267 : B1;
    15268 : B1;
    15269 : B1;
    15270 : B1;
    15271 : B1;
    15272 : B1;
    15273 : B1;
    15274 : B1;
    15275 : B1;
    15276 : 91;
    15277 : 91;
    15278 : 91;
    15279 : 8D;
    15280 : 6D;
    15281 : 6D;
    15282 : 6D;
    15283 : 49;
    15284 : 49;
    15285 : 49;
    15286 : 49;
    15287 : 49;
    15288 : 49;
    15289 : 29;
    15290 : 49;
    15291 : 60;
    15292 : 44;
    15293 : 29;
    15294 : 29;
    15295 : 29;
    15296 : 29;
    15297 : 29;
    15298 : 29;
    15299 : 29;
    15300 : 29;
    15301 : 29;
    15302 : 29;
    15303 : 29;
    15304 : 29;
    15305 : 29;
    15306 : 29;
    15307 : 29;
    15308 : 29;
    15309 : 29;
    15310 : 29;
    15311 : 29;
    15312 : 29;
    15313 : 29;
    15314 : 29;
    15315 : 29;
    15316 : 29;
    15317 : 29;
    15318 : 29;
    15319 : 29;
    15320 : 29;
    15321 : 29;
    15322 : 29;
    15323 : 29;
    15324 : 25;
    15325 : 25;
    15326 : 25;
    15327 : 29;
    15328 : 25;
    15329 : 25;
    15330 : 25;
    15331 : 25;
    15332 : 25;
    15333 : 25;
    15334 : 25;
    15335 : 25;
    15336 : 25;
    15337 : 29;
    15338 : 29;
    15339 : 29;
    15340 : 64;
    15341 : A0;
    15342 : 80;
    15343 : 80;
    15344 : 84;
    15345 : 68;
    15346 : 6D;
    15347 : 71;
    15348 : 6D;
    15349 : 6D;
    15350 : 4D;
    15351 : 72;
    15352 : 49;
    15353 : 68;
    15354 : AC;
    15355 : 8C;
    15356 : A8;
    15357 : A0;
    15358 : C9;
    15359 : C9;
    15360 : B1;
    15361 : 91;
    15362 : D1;
    15363 : A0;
    15364 : C9;
    15365 : A4;
    15366 : A0;
    15367 : 64;
    15368 : 29;
    15369 : 49;
    15370 : 4D;
    15371 : 4D;
    15372 : 4D;
    15373 : 6D;
    15374 : 88;
    15375 : 80;
    15376 : 88;
    15377 : 92;
    15378 : 92;
    15379 : B2;
    15380 : B6;
    15381 : B6;
    15382 : B6;
    15383 : D6;
    15384 : B6;
    15385 : B6;
    15386 : D6;
    15387 : D6;
    15388 : D6;
    15389 : D6;
    15390 : D6;
    15391 : D6;
    15392 : D6;
    15393 : D6;
    15394 : B6;
    15395 : B6;
    15396 : D5;
    15397 : D1;
    15398 : D1;
    15399 : DA;
    15400 : FA;
    15401 : D1;
    15402 : D1;
    15403 : D5;
    15404 : B6;
    15405 : B6;
    15406 : D6;
    15407 : B6;
    15408 : B6;
    15409 : B6;
    15410 : B6;
    15411 : B6;
    15412 : B6;
    15413 : B6;
    15414 : B6;
    15415 : B6;
    15416 : B6;
    15417 : B2;
    15418 : B6;
    15419 : B6;
    15420 : B6;
    15421 : B6;
    15422 : B6;
    15423 : B6;
    15424 : B2;
    15425 : B1;
    15426 : B1;
    15427 : B1;
    15428 : B1;
    15429 : B1;
    15430 : B1;
    15431 : B1;
    15432 : B1;
    15433 : B1;
    15434 : B1;
    15435 : 91;
    15436 : 91;
    15437 : 91;
    15438 : 91;
    15439 : 91;
    15440 : 6D;
    15441 : 6D;
    15442 : 6D;
    15443 : 49;
    15444 : 49;
    15445 : 49;
    15446 : 49;
    15447 : 49;
    15448 : 49;
    15449 : 49;
    15450 : 49;
    15451 : 49;
    15452 : 29;
    15453 : 29;
    15454 : 29;
    15455 : 29;
    15456 : 29;
    15457 : 29;
    15458 : 29;
    15459 : 29;
    15460 : 29;
    15461 : 29;
    15462 : 29;
    15463 : 29;
    15464 : 29;
    15465 : 29;
    15466 : 29;
    15467 : 29;
    15468 : 29;
    15469 : 29;
    15470 : 29;
    15471 : 29;
    15472 : 29;
    15473 : 29;
    15474 : 29;
    15475 : 29;
    15476 : 29;
    15477 : 29;
    15478 : 29;
    15479 : 29;
    15480 : 29;
    15481 : 29;
    15482 : 25;
    15483 : 25;
    15484 : 25;
    15485 : 25;
    15486 : 25;
    15487 : 25;
    15488 : 25;
    15489 : 25;
    15490 : 25;
    15491 : 25;
    15492 : 25;
    15493 : 25;
    15494 : 25;
    15495 : 25;
    15496 : 25;
    15497 : 29;
    15498 : 44;
    15499 : 80;
    15500 : 80;
    15501 : A0;
    15502 : 80;
    15503 : 60;
    15504 : 49;
    15505 : 4D;
    15506 : 6D;
    15507 : 6D;
    15508 : 4D;
    15509 : 6D;
    15510 : 4D;
    15511 : 6D;
    15512 : 49;
    15513 : 68;
    15514 : 8C;
    15515 : 91;
    15516 : A9;
    15517 : A0;
    15518 : A9;
    15519 : A9;
    15520 : B1;
    15521 : 6D;
    15522 : CD;
    15523 : A0;
    15524 : A9;
    15525 : A9;
    15526 : A0;
    15527 : 64;
    15528 : 29;
    15529 : 49;
    15530 : 49;
    15531 : 49;
    15532 : 4D;
    15533 : 4D;
    15534 : 71;
    15535 : 91;
    15536 : 92;
    15537 : 92;
    15538 : B2;
    15539 : B6;
    15540 : B6;
    15541 : B6;
    15542 : B6;
    15543 : B6;
    15544 : D6;
    15545 : B6;
    15546 : D6;
    15547 : D6;
    15548 : D6;
    15549 : D6;
    15550 : D6;
    15551 : D6;
    15552 : D6;
    15553 : D6;
    15554 : D6;
    15555 : D5;
    15556 : F9;
    15557 : FA;
    15558 : DB;
    15559 : FA;
    15560 : FA;
    15561 : FA;
    15562 : FA;
    15563 : FE;
    15564 : F9;
    15565 : D5;
    15566 : B6;
    15567 : D6;
    15568 : B6;
    15569 : B6;
    15570 : B6;
    15571 : B6;
    15572 : B6;
    15573 : B6;
    15574 : B6;
    15575 : B6;
    15576 : B2;
    15577 : B2;
    15578 : B2;
    15579 : B2;
    15580 : B2;
    15581 : B2;
    15582 : B2;
    15583 : B2;
    15584 : B1;
    15585 : B1;
    15586 : B1;
    15587 : B1;
    15588 : B1;
    15589 : B1;
    15590 : B1;
    15591 : B1;
    15592 : B1;
    15593 : B1;
    15594 : B1;
    15595 : 91;
    15596 : 91;
    15597 : 91;
    15598 : 91;
    15599 : 91;
    15600 : 6D;
    15601 : 6D;
    15602 : 6D;
    15603 : 49;
    15604 : 49;
    15605 : 49;
    15606 : 49;
    15607 : 49;
    15608 : 29;
    15609 : 49;
    15610 : 29;
    15611 : 29;
    15612 : 29;
    15613 : 29;
    15614 : 29;
    15615 : 29;
    15616 : 29;
    15617 : 29;
    15618 : 29;
    15619 : 29;
    15620 : 29;
    15621 : 29;
    15622 : 29;
    15623 : 29;
    15624 : 29;
    15625 : 29;
    15626 : 29;
    15627 : 29;
    15628 : 29;
    15629 : 29;
    15630 : 29;
    15631 : 25;
    15632 : 29;
    15633 : 29;
    15634 : 29;
    15635 : 29;
    15636 : 29;
    15637 : 29;
    15638 : 29;
    15639 : 29;
    15640 : 25;
    15641 : 25;
    15642 : 25;
    15643 : 25;
    15644 : 25;
    15645 : 25;
    15646 : 25;
    15647 : 25;
    15648 : 25;
    15649 : 25;
    15650 : 25;
    15651 : 25;
    15652 : 25;
    15653 : 25;
    15654 : 25;
    15655 : 25;
    15656 : 25;
    15657 : 29;
    15658 : 49;
    15659 : 80;
    15660 : 80;
    15661 : 80;
    15662 : 44;
    15663 : 24;
    15664 : 29;
    15665 : 4D;
    15666 : 4D;
    15667 : 6D;
    15668 : 4D;
    15669 : 4D;
    15670 : 4D;
    15671 : 4D;
    15672 : 49;
    15673 : 44;
    15674 : 8C;
    15675 : 88;
    15676 : A4;
    15677 : C0;
    15678 : C9;
    15679 : A0;
    15680 : DA;
    15681 : 6D;
    15682 : CD;
    15683 : A0;
    15684 : C9;
    15685 : F6;
    15686 : C0;
    15687 : 84;
    15688 : 4D;
    15689 : 4D;
    15690 : 4D;
    15691 : 4D;
    15692 : 4D;
    15693 : 4D;
    15694 : 71;
    15695 : 92;
    15696 : 92;
    15697 : B6;
    15698 : B6;
    15699 : B6;
    15700 : B6;
    15701 : B6;
    15702 : D6;
    15703 : D6;
    15704 : D6;
    15705 : D6;
    15706 : D6;
    15707 : D6;
    15708 : D6;
    15709 : D6;
    15710 : D6;
    15711 : D6;
    15712 : D6;
    15713 : D6;
    15714 : F4;
    15715 : F9;
    15716 : FA;
    15717 : FB;
    15718 : 6E;
    15719 : B6;
    15720 : 91;
    15721 : 6E;
    15722 : FB;
    15723 : F9;
    15724 : FA;
    15725 : F5;
    15726 : D5;
    15727 : B6;
    15728 : B6;
    15729 : B6;
    15730 : B6;
    15731 : B6;
    15732 : B2;
    15733 : B6;
    15734 : B2;
    15735 : B2;
    15736 : B1;
    15737 : B1;
    15738 : B1;
    15739 : B2;
    15740 : B1;
    15741 : B1;
    15742 : B1;
    15743 : B1;
    15744 : B1;
    15745 : B1;
    15746 : B1;
    15747 : B1;
    15748 : B1;
    15749 : B1;
    15750 : B1;
    15751 : B1;
    15752 : B1;
    15753 : B1;
    15754 : 91;
    15755 : 91;
    15756 : 91;
    15757 : 91;
    15758 : 91;
    15759 : 8D;
    15760 : 6D;
    15761 : 6D;
    15762 : 6D;
    15763 : 49;
    15764 : 49;
    15765 : 49;
    15766 : 49;
    15767 : 49;
    15768 : 49;
    15769 : 29;
    15770 : 29;
    15771 : 29;
    15772 : 29;
    15773 : 29;
    15774 : 29;
    15775 : 29;
    15776 : 29;
    15777 : 29;
    15778 : 29;
    15779 : 29;
    15780 : 29;
    15781 : 29;
    15782 : 29;
    15783 : 29;
    15784 : 29;
    15785 : 29;
    15786 : 29;
    15787 : 29;
    15788 : 29;
    15789 : 29;
    15790 : 29;
    15791 : 29;
    15792 : 29;
    15793 : 29;
    15794 : 29;
    15795 : 25;
    15796 : 25;
    15797 : 25;
    15798 : 25;
    15799 : 25;
    15800 : 25;
    15801 : 25;
    15802 : 25;
    15803 : 25;
    15804 : 25;
    15805 : 25;
    15806 : 25;
    15807 : 25;
    15808 : 25;
    15809 : 25;
    15810 : 25;
    15811 : 25;
    15812 : 25;
    15813 : 25;
    15814 : 25;
    15815 : 25;
    15816 : 25;
    15817 : 29;
    15818 : 29;
    15819 : 49;
    15820 : 44;
    15821 : 44;
    15822 : 24;
    15823 : 24;
    15824 : 25;
    15825 : 49;
    15826 : 4D;
    15827 : 8D;
    15828 : 6D;
    15829 : 6D;
    15830 : 4D;
    15831 : 4D;
    15832 : 49;
    15833 : 44;
    15834 : 88;
    15835 : 68;
    15836 : A8;
    15837 : A0;
    15838 : ED;
    15839 : ED;
    15840 : B5;
    15841 : 6D;
    15842 : CD;
    15843 : A0;
    15844 : A0;
    15845 : ED;
    15846 : C0;
    15847 : 85;
    15848 : 51;
    15849 : 4D;
    15850 : 4D;
    15851 : 4D;
    15852 : 4D;
    15853 : 6D;
    15854 : 91;
    15855 : B2;
    15856 : B6;
    15857 : B6;
    15858 : B6;
    15859 : B6;
    15860 : B6;
    15861 : B6;
    15862 : B6;
    15863 : D6;
    15864 : D6;
    15865 : B6;
    15866 : D6;
    15867 : D6;
    15868 : D6;
    15869 : D6;
    15870 : D6;
    15871 : D6;
    15872 : B6;
    15873 : D5;
    15874 : F8;
    15875 : F8;
    15876 : F9;
    15877 : FA;
    15878 : B6;
    15879 : B1;
    15880 : D6;
    15881 : 92;
    15882 : DA;
    15883 : F9;
    15884 : F8;
    15885 : F8;
    15886 : F4;
    15887 : B2;
    15888 : B6;
    15889 : B6;
    15890 : B6;
    15891 : B6;
    15892 : B2;
    15893 : B2;
    15894 : B1;
    15895 : B1;
    15896 : B1;
    15897 : B1;
    15898 : B1;
    15899 : B1;
    15900 : B1;
    15901 : B1;
    15902 : B1;
    15903 : B1;
    15904 : B1;
    15905 : B1;
    15906 : B1;
    15907 : B1;
    15908 : B1;
    15909 : B1;
    15910 : B1;
    15911 : 91;
    15912 : B1;
    15913 : B1;
    15914 : 91;
    15915 : 91;
    15916 : 91;
    15917 : 91;
    15918 : 91;
    15919 : 6D;
    15920 : 6D;
    15921 : 6D;
    15922 : 6D;
    15923 : 49;
    15924 : 49;
    15925 : 49;
    15926 : 49;
    15927 : 49;
    15928 : 49;
    15929 : 29;
    15930 : 29;
    15931 : 29;
    15932 : 29;
    15933 : 29;
    15934 : 29;
    15935 : 29;
    15936 : 29;
    15937 : 29;
    15938 : 29;
    15939 : 29;
    15940 : 29;
    15941 : 29;
    15942 : 29;
    15943 : 29;
    15944 : 29;
    15945 : 29;
    15946 : 29;
    15947 : 29;
    15948 : 29;
    15949 : 29;
    15950 : 29;
    15951 : 25;
    15952 : 29;
    15953 : 29;
    15954 : 25;
    15955 : 25;
    15956 : 25;
    15957 : 25;
    15958 : 25;
    15959 : 25;
    15960 : 25;
    15961 : 25;
    15962 : 25;
    15963 : 25;
    15964 : 25;
    15965 : 25;
    15966 : 25;
    15967 : 25;
    15968 : 25;
    15969 : 25;
    15970 : 25;
    15971 : 25;
    15972 : 25;
    15973 : 25;
    15974 : 25;
    15975 : 25;
    15976 : 29;
    15977 : 29;
    15978 : 49;
    15979 : 49;
    15980 : 29;
    15981 : 29;
    15982 : 29;
    15983 : 25;
    15984 : 29;
    15985 : 29;
    15986 : 4D;
    15987 : 91;
    15988 : 6D;
    15989 : 4D;
    15990 : 4D;
    15991 : 4D;
    15992 : 48;
    15993 : 44;
    15994 : 88;
    15995 : 6C;
    15996 : A4;
    15997 : C0;
    15998 : F2;
    15999 : ED;
    16000 : D6;
    16001 : 91;
    16002 : CD;
    16003 : A0;
    16004 : F2;
    16005 : F2;
    16006 : C0;
    16007 : 85;
    16008 : 4D;
    16009 : 4D;
    16010 : 4D;
    16011 : 4D;
    16012 : 6D;
    16013 : 91;
    16014 : 92;
    16015 : B6;
    16016 : B6;
    16017 : B6;
    16018 : B6;
    16019 : B6;
    16020 : B6;
    16021 : D6;
    16022 : B6;
    16023 : B6;
    16024 : D6;
    16025 : D6;
    16026 : D6;
    16027 : D6;
    16028 : D6;
    16029 : D6;
    16030 : D6;
    16031 : D5;
    16032 : D5;
    16033 : F4;
    16034 : F8;
    16035 : F8;
    16036 : F8;
    16037 : F8;
    16038 : F9;
    16039 : F9;
    16040 : F9;
    16041 : F9;
    16042 : F8;
    16043 : F4;
    16044 : F8;
    16045 : F8;
    16046 : F4;
    16047 : D5;
    16048 : D1;
    16049 : B1;
    16050 : B1;
    16051 : B1;
    16052 : B1;
    16053 : B1;
    16054 : B1;
    16055 : B1;
    16056 : 91;
    16057 : 91;
    16058 : 91;
    16059 : 91;
    16060 : 91;
    16061 : 91;
    16062 : 91;
    16063 : 91;
    16064 : 91;
    16065 : 91;
    16066 : 91;
    16067 : 91;
    16068 : 91;
    16069 : 91;
    16070 : 91;
    16071 : 91;
    16072 : 91;
    16073 : 91;
    16074 : 91;
    16075 : 91;
    16076 : 91;
    16077 : 91;
    16078 : 8D;
    16079 : 6D;
    16080 : 6D;
    16081 : 6D;
    16082 : 49;
    16083 : 49;
    16084 : 49;
    16085 : 49;
    16086 : 49;
    16087 : 29;
    16088 : 29;
    16089 : 29;
    16090 : 29;
    16091 : 29;
    16092 : 29;
    16093 : 29;
    16094 : 29;
    16095 : 29;
    16096 : 29;
    16097 : 29;
    16098 : 29;
    16099 : 29;
    16100 : 29;
    16101 : 29;
    16102 : 29;
    16103 : 29;
    16104 : 29;
    16105 : 29;
    16106 : 29;
    16107 : 29;
    16108 : 29;
    16109 : 29;
    16110 : 29;
    16111 : 29;
    16112 : 29;
    16113 : 25;
    16114 : 25;
    16115 : 25;
    16116 : 25;
    16117 : 25;
    16118 : 25;
    16119 : 25;
    16120 : 25;
    16121 : 25;
    16122 : 25;
    16123 : 25;
    16124 : 25;
    16125 : 25;
    16126 : 25;
    16127 : 05;
    16128 : 25;
    16129 : 25;
    16130 : 25;
    16131 : 25;
    16132 : 25;
    16133 : 25;
    16134 : 25;
    16135 : 25;
    16136 : 29;
    16137 : 49;
    16138 : 49;
    16139 : 49;
    16140 : 49;
    16141 : 49;
    16142 : 49;
    16143 : 29;
    16144 : 29;
    16145 : 29;
    16146 : 49;
    16147 : 91;
    16148 : 6D;
    16149 : 4D;
    16150 : 4D;
    16151 : 4D;
    16152 : 49;
    16153 : 44;
    16154 : 8C;
    16155 : 8C;
    16156 : A9;
    16157 : C0;
    16158 : F2;
    16159 : EE;
    16160 : DA;
    16161 : 91;
    16162 : CD;
    16163 : A0;
    16164 : CD;
    16165 : AD;
    16166 : A0;
    16167 : 85;
    16168 : 4D;
    16169 : 4D;
    16170 : 4D;
    16171 : 6D;
    16172 : 71;
    16173 : 91;
    16174 : B6;
    16175 : B6;
    16176 : B6;
    16177 : B6;
    16178 : B6;
    16179 : B6;
    16180 : D6;
    16181 : D6;
    16182 : D6;
    16183 : D6;
    16184 : B6;
    16185 : D6;
    16186 : D6;
    16187 : B6;
    16188 : D6;
    16189 : D6;
    16190 : D6;
    16191 : F4;
    16192 : F8;
    16193 : F4;
    16194 : F4;
    16195 : F4;
    16196 : F4;
    16197 : F8;
    16198 : F8;
    16199 : F9;
    16200 : F9;
    16201 : F8;
    16202 : F8;
    16203 : F8;
    16204 : F4;
    16205 : F4;
    16206 : F4;
    16207 : F8;
    16208 : F4;
    16209 : 91;
    16210 : 8D;
    16211 : 8D;
    16212 : 8D;
    16213 : 8D;
    16214 : 8D;
    16215 : 8D;
    16216 : 8D;
    16217 : 6D;
    16218 : 6D;
    16219 : 6D;
    16220 : 8D;
    16221 : 8D;
    16222 : 8D;
    16223 : 8D;
    16224 : 91;
    16225 : 91;
    16226 : 91;
    16227 : 91;
    16228 : 91;
    16229 : 91;
    16230 : 91;
    16231 : 91;
    16232 : 91;
    16233 : 91;
    16234 : 91;
    16235 : 91;
    16236 : 91;
    16237 : 8D;
    16238 : 6D;
    16239 : 6D;
    16240 : 6D;
    16241 : 6D;
    16242 : 4D;
    16243 : 49;
    16244 : 49;
    16245 : 49;
    16246 : 49;
    16247 : 49;
    16248 : 29;
    16249 : 29;
    16250 : 29;
    16251 : 29;
    16252 : 29;
    16253 : 29;
    16254 : 29;
    16255 : 29;
    16256 : 29;
    16257 : 29;
    16258 : 29;
    16259 : 29;
    16260 : 29;
    16261 : 29;
    16262 : 29;
    16263 : 29;
    16264 : 29;
    16265 : 29;
    16266 : 29;
    16267 : 29;
    16268 : 29;
    16269 : 29;
    16270 : 29;
    16271 : 25;
    16272 : 29;
    16273 : 25;
    16274 : 25;
    16275 : 25;
    16276 : 25;
    16277 : 25;
    16278 : 25;
    16279 : 25;
    16280 : 25;
    16281 : 25;
    16282 : 25;
    16283 : 25;
    16284 : 25;
    16285 : 05;
    16286 : 05;
    16287 : 05;
    16288 : 05;
    16289 : 25;
    16290 : 25;
    16291 : 25;
    16292 : 25;
    16293 : 25;
    16294 : 25;
    16295 : 29;
    16296 : 29;
    16297 : 49;
    16298 : 49;
    16299 : 49;
    16300 : 49;
    16301 : 49;
    16302 : 49;
    16303 : 49;
    16304 : 29;
    16305 : 29;
    16306 : 29;
    16307 : 91;
    16308 : 6D;
    16309 : 6D;
    16310 : 4D;
    16311 : 4D;
    16312 : 49;
    16313 : 64;
    16314 : AC;
    16315 : B1;
    16316 : C9;
    16317 : C0;
    16318 : CD;
    16319 : A4;
    16320 : B1;
    16321 : 8D;
    16322 : CD;
    16323 : A0;
    16324 : ED;
    16325 : ED;
    16326 : C0;
    16327 : 84;
    16328 : 4D;
    16329 : 4D;
    16330 : 6D;
    16331 : 71;
    16332 : 92;
    16333 : B6;
    16334 : B6;
    16335 : B6;
    16336 : B6;
    16337 : B6;
    16338 : B6;
    16339 : D6;
    16340 : D6;
    16341 : D6;
    16342 : B6;
    16343 : D6;
    16344 : B6;
    16345 : D6;
    16346 : B6;
    16347 : B6;
    16348 : B6;
    16349 : B6;
    16350 : B2;
    16351 : F4;
    16352 : F8;
    16353 : F4;
    16354 : F8;
    16355 : F8;
    16356 : F4;
    16357 : F8;
    16358 : F8;
    16359 : F8;
    16360 : F8;
    16361 : F8;
    16362 : F8;
    16363 : F8;
    16364 : F8;
    16365 : F8;
    16366 : F4;
    16367 : F4;
    16368 : F4;
    16369 : 8D;
    16370 : 8D;
    16371 : 8D;
    16372 : 8D;
    16373 : 8D;
    16374 : 8D;
    16375 : 6D;
    16376 : 6D;
    16377 : 6D;
    16378 : 6D;
    16379 : 6D;
    16380 : 6D;
    16381 : 6D;
    16382 : 8D;
    16383 : 8D;
    16384 : 8D;
    16385 : 8D;
    16386 : 91;
    16387 : 91;
    16388 : 91;
    16389 : 91;
    16390 : 91;
    16391 : 91;
    16392 : 91;
    16393 : 91;
    16394 : 91;
    16395 : 91;
    16396 : 8D;
    16397 : 6D;
    16398 : 6D;
    16399 : 6D;
    16400 : 6D;
    16401 : 4D;
    16402 : 49;
    16403 : 49;
    16404 : 49;
    16405 : 49;
    16406 : 49;
    16407 : 29;
    16408 : 29;
    16409 : 29;
    16410 : 29;
    16411 : 29;
    16412 : 29;
    16413 : 29;
    16414 : 29;
    16415 : 29;
    16416 : 29;
    16417 : 29;
    16418 : 29;
    16419 : 29;
    16420 : 29;
    16421 : 29;
    16422 : 29;
    16423 : 29;
    16424 : 29;
    16425 : 29;
    16426 : 29;
    16427 : 29;
    16428 : 29;
    16429 : 29;
    16430 : 29;
    16431 : 29;
    16432 : 29;
    16433 : 25;
    16434 : 25;
    16435 : 25;
    16436 : 25;
    16437 : 25;
    16438 : 25;
    16439 : 25;
    16440 : 25;
    16441 : 25;
    16442 : 25;
    16443 : 25;
    16444 : 05;
    16445 : 05;
    16446 : 05;
    16447 : 05;
    16448 : 05;
    16449 : 05;
    16450 : 05;
    16451 : 04;
    16452 : 25;
    16453 : 25;
    16454 : 25;
    16455 : 29;
    16456 : 49;
    16457 : 49;
    16458 : 49;
    16459 : 49;
    16460 : 49;
    16461 : 49;
    16462 : 49;
    16463 : 49;
    16464 : 29;
    16465 : 25;
    16466 : 68;
    16467 : B1;
    16468 : 91;
    16469 : 4D;
    16470 : 4D;
    16471 : 4D;
    16472 : 49;
    16473 : 68;
    16474 : AC;
    16475 : 8C;
    16476 : A4;
    16477 : C0;
    16478 : A4;
    16479 : A0;
    16480 : B1;
    16481 : 91;
    16482 : D1;
    16483 : A0;
    16484 : C4;
    16485 : C9;
    16486 : C0;
    16487 : 84;
    16488 : 4D;
    16489 : 71;
    16490 : 92;
    16491 : 92;
    16492 : 96;
    16493 : B6;
    16494 : B6;
    16495 : B6;
    16496 : B6;
    16497 : B6;
    16498 : B6;
    16499 : B6;
    16500 : B6;
    16501 : B6;
    16502 : D6;
    16503 : D6;
    16504 : D6;
    16505 : B6;
    16506 : B6;
    16507 : B6;
    16508 : B6;
    16509 : B2;
    16510 : D5;
    16511 : F8;
    16512 : F4;
    16513 : F4;
    16514 : F4;
    16515 : F8;
    16516 : F4;
    16517 : F8;
    16518 : F8;
    16519 : F8;
    16520 : F8;
    16521 : F8;
    16522 : F8;
    16523 : F4;
    16524 : F8;
    16525 : F4;
    16526 : F4;
    16527 : F4;
    16528 : F8;
    16529 : B1;
    16530 : 8D;
    16531 : 6C;
    16532 : 8D;
    16533 : 8D;
    16534 : 8D;
    16535 : 8D;
    16536 : 6D;
    16537 : 6D;
    16538 : 6D;
    16539 : 6D;
    16540 : 6D;
    16541 : 6D;
    16542 : 6D;
    16543 : 6D;
    16544 : 6D;
    16545 : 6D;
    16546 : 8D;
    16547 : 8D;
    16548 : 91;
    16549 : 91;
    16550 : 91;
    16551 : 91;
    16552 : 91;
    16553 : 8D;
    16554 : 8D;
    16555 : 6D;
    16556 : 6D;
    16557 : 6D;
    16558 : 6D;
    16559 : 6D;
    16560 : 4D;
    16561 : 49;
    16562 : 49;
    16563 : 49;
    16564 : 49;
    16565 : 49;
    16566 : 29;
    16567 : 29;
    16568 : 29;
    16569 : 29;
    16570 : 29;
    16571 : 29;
    16572 : 29;
    16573 : 29;
    16574 : 29;
    16575 : 29;
    16576 : 29;
    16577 : 29;
    16578 : 29;
    16579 : 29;
    16580 : 29;
    16581 : 29;
    16582 : 29;
    16583 : 29;
    16584 : 29;
    16585 : 29;
    16586 : 29;
    16587 : 29;
    16588 : 29;
    16589 : 29;
    16590 : 29;
    16591 : 29;
    16592 : 29;
    16593 : 25;
    16594 : 25;
    16595 : 25;
    16596 : 25;
    16597 : 25;
    16598 : 25;
    16599 : 25;
    16600 : 25;
    16601 : 25;
    16602 : 05;
    16603 : 05;
    16604 : 05;
    16605 : 05;
    16606 : 04;
    16607 : 04;
    16608 : 04;
    16609 : 05;
    16610 : 05;
    16611 : 04;
    16612 : 25;
    16613 : 25;
    16614 : 29;
    16615 : 29;
    16616 : 49;
    16617 : 49;
    16618 : 49;
    16619 : 49;
    16620 : 49;
    16621 : 49;
    16622 : 6C;
    16623 : 8C;
    16624 : 8C;
    16625 : 8C;
    16626 : B1;
    16627 : FE;
    16628 : D5;
    16629 : 91;
    16630 : 91;
    16631 : 91;
    16632 : 6C;
    16633 : 68;
    16634 : B0;
    16635 : 88;
    16636 : A4;
    16637 : C0;
    16638 : 80;
    16639 : 80;
    16640 : B1;
    16641 : 8D;
    16642 : CD;
    16643 : A0;
    16644 : 80;
    16645 : C9;
    16646 : C0;
    16647 : 84;
    16648 : 72;
    16649 : 92;
    16650 : 92;
    16651 : B6;
    16652 : B6;
    16653 : B6;
    16654 : B6;
    16655 : B6;
    16656 : B6;
    16657 : B6;
    16658 : B6;
    16659 : B6;
    16660 : D6;
    16661 : B6;
    16662 : B6;
    16663 : B6;
    16664 : B6;
    16665 : B6;
    16666 : B2;
    16667 : B1;
    16668 : 91;
    16669 : 8D;
    16670 : B1;
    16671 : F8;
    16672 : F8;
    16673 : F8;
    16674 : F8;
    16675 : F8;
    16676 : F4;
    16677 : F9;
    16678 : F9;
    16679 : F9;
    16680 : F9;
    16681 : F9;
    16682 : F9;
    16683 : F4;
    16684 : F8;
    16685 : F8;
    16686 : F8;
    16687 : F8;
    16688 : F8;
    16689 : B1;
    16690 : 8D;
    16691 : 8C;
    16692 : 8D;
    16693 : 8D;
    16694 : 8D;
    16695 : 8D;
    16696 : 8D;
    16697 : 6D;
    16698 : 6D;
    16699 : 6D;
    16700 : 6D;
    16701 : 6D;
    16702 : 6D;
    16703 : 6D;
    16704 : 6D;
    16705 : 6D;
    16706 : 6D;
    16707 : 6D;
    16708 : 6D;
    16709 : 6D;
    16710 : 6D;
    16711 : 6D;
    16712 : 6D;
    16713 : 6D;
    16714 : 6D;
    16715 : 6D;
    16716 : 6D;
    16717 : 6D;
    16718 : 6D;
    16719 : 49;
    16720 : 49;
    16721 : 49;
    16722 : 49;
    16723 : 49;
    16724 : 29;
    16725 : 29;
    16726 : 29;
    16727 : 29;
    16728 : 29;
    16729 : 48;
    16730 : 29;
    16731 : 29;
    16732 : 29;
    16733 : 29;
    16734 : 29;
    16735 : 29;
    16736 : 29;
    16737 : 29;
    16738 : 29;
    16739 : 29;
    16740 : 29;
    16741 : 29;
    16742 : 29;
    16743 : 29;
    16744 : 29;
    16745 : 29;
    16746 : 29;
    16747 : 29;
    16748 : 29;
    16749 : 25;
    16750 : 25;
    16751 : 29;
    16752 : 25;
    16753 : 25;
    16754 : 25;
    16755 : 25;
    16756 : 25;
    16757 : 25;
    16758 : 05;
    16759 : 25;
    16760 : 05;
    16761 : 05;
    16762 : 05;
    16763 : 05;
    16764 : 05;
    16765 : 04;
    16766 : 04;
    16767 : 04;
    16768 : 04;
    16769 : 05;
    16770 : 25;
    16771 : 25;
    16772 : 25;
    16773 : 29;
    16774 : 29;
    16775 : 29;
    16776 : 49;
    16777 : 49;
    16778 : 49;
    16779 : 49;
    16780 : 49;
    16781 : 49;
    16782 : 68;
    16783 : 6D;
    16784 : 6D;
    16785 : 6D;
    16786 : 91;
    16787 : FA;
    16788 : B1;
    16789 : 6D;
    16790 : 91;
    16791 : 91;
    16792 : 6D;
    16793 : 68;
    16794 : B0;
    16795 : 8C;
    16796 : A4;
    16797 : C0;
    16798 : 80;
    16799 : A4;
    16800 : B1;
    16801 : 6D;
    16802 : CD;
    16803 : C0;
    16804 : A0;
    16805 : C4;
    16806 : C0;
    16807 : A9;
    16808 : 96;
    16809 : 92;
    16810 : B6;
    16811 : B6;
    16812 : B6;
    16813 : B6;
    16814 : B6;
    16815 : B6;
    16816 : B6;
    16817 : B6;
    16818 : B6;
    16819 : B6;
    16820 : B6;
    16821 : B1;
    16822 : B1;
    16823 : 91;
    16824 : 91;
    16825 : 8D;
    16826 : 6D;
    16827 : 69;
    16828 : 69;
    16829 : 69;
    16830 : 69;
    16831 : B1;
    16832 : D4;
    16833 : D4;
    16834 : D4;
    16835 : D5;
    16836 : D5;
    16837 : F9;
    16838 : F9;
    16839 : F9;
    16840 : F9;
    16841 : F9;
    16842 : F9;
    16843 : D5;
    16844 : D5;
    16845 : D5;
    16846 : F5;
    16847 : D4;
    16848 : B1;
    16849 : 8D;
    16850 : 8D;
    16851 : 8D;
    16852 : 91;
    16853 : 8D;
    16854 : 91;
    16855 : 91;
    16856 : 8D;
    16857 : 8D;
    16858 : 8D;
    16859 : 6D;
    16860 : 6D;
    16861 : 6D;
    16862 : 6D;
    16863 : 6D;
    16864 : 6D;
    16865 : 6D;
    16866 : 6D;
    16867 : 6D;
    16868 : 6D;
    16869 : 6D;
    16870 : 6D;
    16871 : 6D;
    16872 : 6D;
    16873 : 6D;
    16874 : 6D;
    16875 : 6D;
    16876 : 6D;
    16877 : 6D;
    16878 : 49;
    16879 : 49;
    16880 : 49;
    16881 : 29;
    16882 : 29;
    16883 : 29;
    16884 : 29;
    16885 : 29;
    16886 : 29;
    16887 : 29;
    16888 : 49;
    16889 : 91;
    16890 : 49;
    16891 : 29;
    16892 : 29;
    16893 : 29;
    16894 : 29;
    16895 : 29;
    16896 : 29;
    16897 : 29;
    16898 : 6D;
    16899 : 6D;
    16900 : 29;
    16901 : 29;
    16902 : 29;
    16903 : 29;
    16904 : 29;
    16905 : 29;
    16906 : 29;
    16907 : 25;
    16908 : 29;
    16909 : 25;
    16910 : 25;
    16911 : 29;
    16912 : 29;
    16913 : 25;
    16914 : 25;
    16915 : 25;
    16916 : 25;
    16917 : 25;
    16918 : 05;
    16919 : 25;
    16920 : 49;
    16921 : 04;
    16922 : 05;
    16923 : 04;
    16924 : 04;
    16925 : 04;
    16926 : 04;
    16927 : 04;
    16928 : 04;
    16929 : 05;
    16930 : 25;
    16931 : 25;
    16932 : 25;
    16933 : 29;
    16934 : 29;
    16935 : 29;
    16936 : 49;
    16937 : 49;
    16938 : 49;
    16939 : 49;
    16940 : 49;
    16941 : 49;
    16942 : 49;
    16943 : 49;
    16944 : 49;
    16945 : 49;
    16946 : 68;
    16947 : B1;
    16948 : 8C;
    16949 : 49;
    16950 : 49;
    16951 : 4D;
    16952 : 6D;
    16953 : 68;
    16954 : D1;
    16955 : 8D;
    16956 : A8;
    16957 : C0;
    16958 : C9;
    16959 : F2;
    16960 : B1;
    16961 : 91;
    16962 : CD;
    16963 : A0;
    16964 : ED;
    16965 : CD;
    16966 : C0;
    16967 : A9;
    16968 : 96;
    16969 : 92;
    16970 : 92;
    16971 : B6;
    16972 : B6;
    16973 : B6;
    16974 : B6;
    16975 : B6;
    16976 : B6;
    16977 : B6;
    16978 : B2;
    16979 : 91;
    16980 : 6D;
    16981 : 8D;
    16982 : 8D;
    16983 : 48;
    16984 : 48;
    16985 : 49;
    16986 : 69;
    16987 : 69;
    16988 : 69;
    16989 : 6D;
    16990 : 69;
    16991 : 69;
    16992 : 69;
    16993 : 92;
    16994 : B6;
    16995 : 92;
    16996 : 92;
    16997 : B2;
    16998 : B1;
    16999 : D1;
    17000 : D1;
    17001 : B1;
    17002 : B1;
    17003 : B2;
    17004 : 92;
    17005 : 92;
    17006 : B7;
    17007 : B2;
    17008 : 8D;
    17009 : 8D;
    17010 : 8D;
    17011 : B1;
    17012 : 8D;
    17013 : 8D;
    17014 : 91;
    17015 : 91;
    17016 : 91;
    17017 : 91;
    17018 : 8D;
    17019 : 8D;
    17020 : 6D;
    17021 : 49;
    17022 : 49;
    17023 : 49;
    17024 : 4D;
    17025 : 4D;
    17026 : 4D;
    17027 : 49;
    17028 : 49;
    17029 : 49;
    17030 : 49;
    17031 : 49;
    17032 : 49;
    17033 : 49;
    17034 : 49;
    17035 : 49;
    17036 : 49;
    17037 : 49;
    17038 : 49;
    17039 : 49;
    17040 : 29;
    17041 : 29;
    17042 : 29;
    17043 : 29;
    17044 : 29;
    17045 : 29;
    17046 : 29;
    17047 : 49;
    17048 : 69;
    17049 : 91;
    17050 : 49;
    17051 : 29;
    17052 : 29;
    17053 : 25;
    17054 : 25;
    17055 : 25;
    17056 : 29;
    17057 : 49;
    17058 : 91;
    17059 : 8D;
    17060 : 49;
    17061 : 49;
    17062 : 29;
    17063 : 29;
    17064 : 25;
    17065 : 25;
    17066 : 25;
    17067 : 25;
    17068 : 25;
    17069 : 29;
    17070 : 25;
    17071 : 25;
    17072 : 25;
    17073 : 25;
    17074 : 25;
    17075 : 25;
    17076 : 25;
    17077 : 25;
    17078 : 05;
    17079 : 29;
    17080 : 6C;
    17081 : 04;
    17082 : 05;
    17083 : 04;
    17084 : 04;
    17085 : 04;
    17086 : 04;
    17087 : 04;
    17088 : 04;
    17089 : 05;
    17090 : 05;
    17091 : 25;
    17092 : 25;
    17093 : 25;
    17094 : 29;
    17095 : 29;
    17096 : 29;
    17097 : 29;
    17098 : 49;
    17099 : 49;
    17100 : 49;
    17101 : 49;
    17102 : 49;
    17103 : 49;
    17104 : 49;
    17105 : 68;
    17106 : 48;
    17107 : 8D;
    17108 : 68;
    17109 : 6C;
    17110 : 49;
    17111 : 4D;
    17112 : 6D;
    17113 : 8C;
    17114 : D6;
    17115 : 91;
    17116 : A8;
    17117 : C0;
    17118 : C0;
    17119 : C0;
    17120 : B1;
    17121 : 6C;
    17122 : CD;
    17123 : C0;
    17124 : C9;
    17125 : FB;
    17126 : C0;
    17127 : A9;
    17128 : 96;
    17129 : B2;
    17130 : B2;
    17131 : B2;
    17132 : B2;
    17133 : B2;
    17134 : 92;
    17135 : 91;
    17136 : 6D;
    17137 : 6D;
    17138 : 48;
    17139 : 68;
    17140 : 68;
    17141 : B1;
    17142 : D5;
    17143 : 8D;
    17144 : 6D;
    17145 : 6D;
    17146 : 6D;
    17147 : 6D;
    17148 : 6D;
    17149 : 8D;
    17150 : 8D;
    17151 : 8D;
    17152 : 8D;
    17153 : 8D;
    17154 : 92;
    17155 : B2;
    17156 : B2;
    17157 : B2;
    17158 : 92;
    17159 : 92;
    17160 : 92;
    17161 : 92;
    17162 : 92;
    17163 : B2;
    17164 : B2;
    17165 : B2;
    17166 : B2;
    17167 : 91;
    17168 : 91;
    17169 : 91;
    17170 : 91;
    17171 : D5;
    17172 : B1;
    17173 : 91;
    17174 : 91;
    17175 : 91;
    17176 : 91;
    17177 : 8D;
    17178 : 8D;
    17179 : 8D;
    17180 : 6D;
    17181 : 49;
    17182 : 28;
    17183 : 28;
    17184 : 24;
    17185 : 24;
    17186 : 24;
    17187 : 28;
    17188 : 28;
    17189 : 28;
    17190 : 28;
    17191 : 29;
    17192 : 29;
    17193 : 49;
    17194 : 49;
    17195 : 49;
    17196 : 49;
    17197 : 49;
    17198 : 49;
    17199 : 29;
    17200 : 29;
    17201 : 29;
    17202 : 25;
    17203 : 25;
    17204 : 25;
    17205 : 25;
    17206 : 25;
    17207 : 29;
    17208 : 29;
    17209 : 49;
    17210 : 25;
    17211 : 25;
    17212 : 25;
    17213 : 25;
    17214 : 25;
    17215 : 25;
    17216 : 25;
    17217 : 25;
    17218 : 48;
    17219 : 24;
    17220 : 25;
    17221 : 25;
    17222 : 25;
    17223 : 25;
    17224 : 25;
    17225 : 25;
    17226 : 25;
    17227 : 25;
    17228 : 25;
    17229 : 25;
    17230 : 25;
    17231 : 25;
    17232 : 25;
    17233 : 25;
    17234 : 25;
    17235 : 25;
    17236 : 25;
    17237 : 25;
    17238 : 04;
    17239 : 29;
    17240 : 6D;
    17241 : 04;
    17242 : 05;
    17243 : 04;
    17244 : 04;
    17245 : 04;
    17246 : 04;
    17247 : 04;
    17248 : 04;
    17249 : 05;
    17250 : 05;
    17251 : 25;
    17252 : 25;
    17253 : 24;
    17254 : 25;
    17255 : 25;
    17256 : 29;
    17257 : 29;
    17258 : 29;
    17259 : 49;
    17260 : 49;
    17261 : 49;
    17262 : 49;
    17263 : 49;
    17264 : 49;
    17265 : 49;
    17266 : 49;
    17267 : 8C;
    17268 : 48;
    17269 : 29;
    17270 : 49;
    17271 : 29;
    17272 : 91;
    17273 : B1;
    17274 : FA;
    17275 : B5;
    17276 : A8;
    17277 : C0;
    17278 : ED;
    17279 : 80;
    17280 : B1;
    17281 : 6C;
    17282 : CD;
    17283 : C0;
    17284 : C0;
    17285 : E9;
    17286 : C0;
    17287 : A9;
    17288 : 96;
    17289 : 92;
    17290 : B2;
    17291 : B2;
    17292 : B2;
    17293 : 91;
    17294 : 6D;
    17295 : 49;
    17296 : 49;
    17297 : 48;
    17298 : 48;
    17299 : 49;
    17300 : 69;
    17301 : 8D;
    17302 : 91;
    17303 : 6D;
    17304 : 6D;
    17305 : 6D;
    17306 : 6D;
    17307 : 8D;
    17308 : 8D;
    17309 : 8D;
    17310 : 8D;
    17311 : 8D;
    17312 : 8D;
    17313 : 91;
    17314 : 91;
    17315 : 91;
    17316 : 91;
    17317 : 91;
    17318 : 91;
    17319 : 91;
    17320 : 91;
    17321 : B1;
    17322 : 91;
    17323 : B1;
    17324 : B1;
    17325 : B1;
    17326 : B1;
    17327 : B1;
    17328 : B1;
    17329 : B1;
    17330 : B1;
    17331 : FA;
    17332 : D5;
    17333 : AD;
    17334 : 8C;
    17335 : 8D;
    17336 : 91;
    17337 : 91;
    17338 : 91;
    17339 : 8D;
    17340 : 6D;
    17341 : 69;
    17342 : 49;
    17343 : 24;
    17344 : 24;
    17345 : 24;
    17346 : 24;
    17347 : 24;
    17348 : 24;
    17349 : 25;
    17350 : 29;
    17351 : 49;
    17352 : 49;
    17353 : 8D;
    17354 : 6D;
    17355 : 49;
    17356 : 49;
    17357 : 49;
    17358 : 29;
    17359 : 29;
    17360 : 29;
    17361 : 29;
    17362 : 25;
    17363 : 25;
    17364 : 25;
    17365 : 25;
    17366 : 29;
    17367 : 29;
    17368 : 29;
    17369 : 29;
    17370 : 25;
    17371 : 25;
    17372 : 25;
    17373 : 25;
    17374 : 25;
    17375 : 25;
    17376 : 25;
    17377 : 25;
    17378 : 25;
    17379 : 25;
    17380 : 25;
    17381 : 25;
    17382 : 25;
    17383 : 25;
    17384 : 25;
    17385 : 25;
    17386 : 25;
    17387 : 25;
    17388 : 25;
    17389 : 25;
    17390 : 25;
    17391 : 25;
    17392 : 25;
    17393 : 25;
    17394 : 25;
    17395 : 25;
    17396 : 25;
    17397 : 05;
    17398 : 04;
    17399 : 29;
    17400 : 6D;
    17401 : 28;
    17402 : 24;
    17403 : 04;
    17404 : 04;
    17405 : 04;
    17406 : 04;
    17407 : 04;
    17408 : 04;
    17409 : 05;
    17410 : 25;
    17411 : 25;
    17412 : 25;
    17413 : 04;
    17414 : 04;
    17415 : 04;
    17416 : 25;
    17417 : 25;
    17418 : 29;
    17419 : 29;
    17420 : 29;
    17421 : 49;
    17422 : 49;
    17423 : 49;
    17424 : 49;
    17425 : 49;
    17426 : 49;
    17427 : 8C;
    17428 : 48;
    17429 : 29;
    17430 : 29;
    17431 : 29;
    17432 : 91;
    17433 : D6;
    17434 : FB;
    17435 : D6;
    17436 : C9;
    17437 : C0;
    17438 : 89;
    17439 : 84;
    17440 : D6;
    17441 : 8D;
    17442 : CD;
    17443 : C0;
    17444 : ED;
    17445 : EE;
    17446 : C0;
    17447 : A9;
    17448 : 92;
    17449 : 92;
    17450 : 91;
    17451 : 8D;
    17452 : 6D;
    17453 : 49;
    17454 : 48;
    17455 : 24;
    17456 : 24;
    17457 : 49;
    17458 : 6D;
    17459 : 6D;
    17460 : 6D;
    17461 : 6D;
    17462 : 8D;
    17463 : 6D;
    17464 : 8D;
    17465 : 8D;
    17466 : 8D;
    17467 : 8D;
    17468 : 8D;
    17469 : 8D;
    17470 : 91;
    17471 : 91;
    17472 : 91;
    17473 : 91;
    17474 : 91;
    17475 : 91;
    17476 : 91;
    17477 : 91;
    17478 : 91;
    17479 : 91;
    17480 : 91;
    17481 : B1;
    17482 : B1;
    17483 : B1;
    17484 : B1;
    17485 : B1;
    17486 : B1;
    17487 : B1;
    17488 : B1;
    17489 : B1;
    17490 : B1;
    17491 : D5;
    17492 : B1;
    17493 : B1;
    17494 : B1;
    17495 : 91;
    17496 : 91;
    17497 : 91;
    17498 : 91;
    17499 : 8D;
    17500 : 6D;
    17501 : 6D;
    17502 : 4D;
    17503 : 49;
    17504 : 49;
    17505 : 49;
    17506 : 29;
    17507 : 29;
    17508 : 29;
    17509 : 29;
    17510 : 49;
    17511 : 48;
    17512 : 6D;
    17513 : B1;
    17514 : 8D;
    17515 : 49;
    17516 : 49;
    17517 : 29;
    17518 : 29;
    17519 : 25;
    17520 : 25;
    17521 : 25;
    17522 : 25;
    17523 : 25;
    17524 : 25;
    17525 : 25;
    17526 : 25;
    17527 : 25;
    17528 : 25;
    17529 : 25;
    17530 : 25;
    17531 : 25;
    17532 : 25;
    17533 : 25;
    17534 : 25;
    17535 : 25;
    17536 : 25;
    17537 : 25;
    17538 : 25;
    17539 : 25;
    17540 : 25;
    17541 : 25;
    17542 : 25;
    17543 : 25;
    17544 : 25;
    17545 : 25;
    17546 : 25;
    17547 : 25;
    17548 : 25;
    17549 : 25;
    17550 : 25;
    17551 : 25;
    17552 : 25;
    17553 : 05;
    17554 : 05;
    17555 : 05;
    17556 : 05;
    17557 : 05;
    17558 : 04;
    17559 : 69;
    17560 : B1;
    17561 : 68;
    17562 : 04;
    17563 : 04;
    17564 : 04;
    17565 : 04;
    17566 : 04;
    17567 : 04;
    17568 : 05;
    17569 : 25;
    17570 : 25;
    17571 : 29;
    17572 : 25;
    17573 : 05;
    17574 : 04;
    17575 : 04;
    17576 : 04;
    17577 : 24;
    17578 : 25;
    17579 : 29;
    17580 : 29;
    17581 : 29;
    17582 : 49;
    17583 : 49;
    17584 : 49;
    17585 : 49;
    17586 : 49;
    17587 : 68;
    17588 : 48;
    17589 : 29;
    17590 : 49;
    17591 : 28;
    17592 : 91;
    17593 : B1;
    17594 : FB;
    17595 : B1;
    17596 : 80;
    17597 : C0;
    17598 : C4;
    17599 : C5;
    17600 : B1;
    17601 : 91;
    17602 : CD;
    17603 : C0;
    17604 : F2;
    17605 : F6;
    17606 : C0;
    17607 : A9;
    17608 : 92;
    17609 : 6D;
    17610 : 49;
    17611 : 48;
    17612 : 24;
    17613 : 24;
    17614 : 24;
    17615 : 48;
    17616 : 49;
    17617 : 6D;
    17618 : 6D;
    17619 : 6D;
    17620 : 6D;
    17621 : 8D;
    17622 : 8D;
    17623 : 8D;
    17624 : 8D;
    17625 : 8D;
    17626 : 8D;
    17627 : 8D;
    17628 : 91;
    17629 : 91;
    17630 : 91;
    17631 : 91;
    17632 : B1;
    17633 : B1;
    17634 : B1;
    17635 : B1;
    17636 : B1;
    17637 : B1;
    17638 : B1;
    17639 : B1;
    17640 : B1;
    17641 : B1;
    17642 : B1;
    17643 : B1;
    17644 : B1;
    17645 : B1;
    17646 : B1;
    17647 : B1;
    17648 : B1;
    17649 : B1;
    17650 : B1;
    17651 : B1;
    17652 : B1;
    17653 : B1;
    17654 : B1;
    17655 : B1;
    17656 : 91;
    17657 : 91;
    17658 : 91;
    17659 : 8D;
    17660 : 8D;
    17661 : 6D;
    17662 : 6D;
    17663 : 6D;
    17664 : 6D;
    17665 : 6D;
    17666 : 49;
    17667 : 49;
    17668 : 49;
    17669 : 29;
    17670 : 29;
    17671 : 29;
    17672 : 29;
    17673 : 48;
    17674 : 29;
    17675 : 29;
    17676 : 25;
    17677 : 25;
    17678 : 25;
    17679 : 25;
    17680 : 25;
    17681 : 25;
    17682 : 05;
    17683 : 25;
    17684 : 05;
    17685 : 25;
    17686 : 25;
    17687 : 25;
    17688 : 25;
    17689 : 25;
    17690 : 25;
    17691 : 25;
    17692 : 25;
    17693 : 25;
    17694 : 25;
    17695 : 25;
    17696 : 25;
    17697 : 25;
    17698 : 05;
    17699 : 25;
    17700 : 05;
    17701 : 25;
    17702 : 25;
    17703 : 25;
    17704 : 25;
    17705 : 25;
    17706 : 05;
    17707 : 05;
    17708 : 05;
    17709 : 05;
    17710 : 05;
    17711 : 05;
    17712 : 05;
    17713 : 05;
    17714 : 24;
    17715 : 48;
    17716 : 68;
    17717 : 68;
    17718 : 6C;
    17719 : D5;
    17720 : FA;
    17721 : 91;
    17722 : 6D;
    17723 : 48;
    17724 : 48;
    17725 : 48;
    17726 : 28;
    17727 : 24;
    17728 : 05;
    17729 : 25;
    17730 : 25;
    17731 : 25;
    17732 : 24;
    17733 : 05;
    17734 : 04;
    17735 : 04;
    17736 : 04;
    17737 : 04;
    17738 : 24;
    17739 : 25;
    17740 : 29;
    17741 : 29;
    17742 : 49;
    17743 : 49;
    17744 : 49;
    17745 : 49;
    17746 : 49;
    17747 : 68;
    17748 : 48;
    17749 : 49;
    17750 : 49;
    17751 : 29;
    17752 : 69;
    17753 : 8D;
    17754 : DA;
    17755 : B1;
    17756 : A4;
    17757 : C0;
    17758 : E9;
    17759 : C0;
    17760 : B5;
    17761 : B1;
    17762 : CD;
    17763 : C0;
    17764 : A4;
    17765 : A4;
    17766 : C0;
    17767 : 84;
    17768 : 49;
    17769 : 28;
    17770 : 24;
    17771 : 24;
    17772 : 24;
    17773 : 24;
    17774 : 49;
    17775 : 69;
    17776 : 6D;
    17777 : 6D;
    17778 : 8D;
    17779 : 8D;
    17780 : 8D;
    17781 : 8D;
    17782 : 8D;
    17783 : 8D;
    17784 : 8D;
    17785 : 8D;
    17786 : 8D;
    17787 : 91;
    17788 : 91;
    17789 : 91;
    17790 : B1;
    17791 : B1;
    17792 : B1;
    17793 : B1;
    17794 : B1;
    17795 : B1;
    17796 : B1;
    17797 : B1;
    17798 : B1;
    17799 : B1;
    17800 : B1;
    17801 : B1;
    17802 : B1;
    17803 : B1;
    17804 : B1;
    17805 : B1;
    17806 : B1;
    17807 : B1;
    17808 : B1;
    17809 : B1;
    17810 : B1;
    17811 : B1;
    17812 : B1;
    17813 : B1;
    17814 : B1;
    17815 : B1;
    17816 : B1;
    17817 : 91;
    17818 : 91;
    17819 : 8D;
    17820 : 8D;
    17821 : 6D;
    17822 : B1;
    17823 : 6D;
    17824 : 6D;
    17825 : 6D;
    17826 : 4D;
    17827 : 49;
    17828 : 49;
    17829 : 29;
    17830 : 29;
    17831 : 29;
    17832 : 29;
    17833 : 29;
    17834 : 25;
    17835 : 25;
    17836 : 25;
    17837 : 05;
    17838 : 05;
    17839 : 05;
    17840 : 05;
    17841 : 05;
    17842 : 05;
    17843 : 05;
    17844 : 05;
    17845 : 05;
    17846 : 25;
    17847 : 05;
    17848 : 05;
    17849 : 05;
    17850 : 05;
    17851 : 05;
    17852 : 25;
    17853 : 25;
    17854 : 25;
    17855 : 05;
    17856 : 05;
    17857 : 05;
    17858 : 05;
    17859 : 05;
    17860 : 25;
    17861 : 25;
    17862 : 05;
    17863 : 05;
    17864 : 05;
    17865 : 05;
    17866 : 05;
    17867 : 05;
    17868 : 05;
    17869 : 05;
    17870 : 05;
    17871 : 05;
    17872 : 05;
    17873 : 24;
    17874 : 48;
    17875 : 68;
    17876 : 68;
    17877 : 68;
    17878 : 6C;
    17879 : D5;
    17880 : FA;
    17881 : 8D;
    17882 : 6D;
    17883 : 6C;
    17884 : 68;
    17885 : 68;
    17886 : 48;
    17887 : 24;
    17888 : 05;
    17889 : 25;
    17890 : 25;
    17891 : 25;
    17892 : 48;
    17893 : 04;
    17894 : 04;
    17895 : 04;
    17896 : 04;
    17897 : 04;
    17898 : 04;
    17899 : 24;
    17900 : 25;
    17901 : 29;
    17902 : 29;
    17903 : 29;
    17904 : 29;
    17905 : 29;
    17906 : 29;
    17907 : 49;
    17908 : 49;
    17909 : 49;
    17910 : 49;
    17911 : 29;
    17912 : 48;
    17913 : 8C;
    17914 : D1;
    17915 : 8C;
    17916 : A4;
    17917 : C0;
    17918 : F2;
    17919 : C9;
    17920 : B1;
    17921 : 6D;
    17922 : CD;
    17923 : C0;
    17924 : F2;
    17925 : F6;
    17926 : C0;
    17927 : 60;
    17928 : 04;
    17929 : 04;
    17930 : 04;
    17931 : 24;
    17932 : 28;
    17933 : 49;
    17934 : 69;
    17935 : 6D;
    17936 : 6D;
    17937 : 8D;
    17938 : 8D;
    17939 : 8D;
    17940 : 8D;
    17941 : 8D;
    17942 : 8D;
    17943 : 8D;
    17944 : 8D;
    17945 : 91;
    17946 : 91;
    17947 : 91;
    17948 : B1;
    17949 : B1;
    17950 : B1;
    17951 : B1;
    17952 : B1;
    17953 : B1;
    17954 : B1;
    17955 : B1;
    17956 : B1;
    17957 : B1;
    17958 : B1;
    17959 : B1;
    17960 : B1;
    17961 : B1;
    17962 : B1;
    17963 : B1;
    17964 : B2;
    17965 : B2;
    17966 : B2;
    17967 : B2;
    17968 : B2;
    17969 : B2;
    17970 : B2;
    17971 : B1;
    17972 : B1;
    17973 : B1;
    17974 : B1;
    17975 : B1;
    17976 : B1;
    17977 : B1;
    17978 : 91;
    17979 : 91;
    17980 : 8D;
    17981 : 8D;
    17982 : B1;
    17983 : 8D;
    17984 : 6D;
    17985 : 4D;
    17986 : 49;
    17987 : 29;
    17988 : 29;
    17989 : 29;
    17990 : 29;
    17991 : 29;
    17992 : 29;
    17993 : 29;
    17994 : 25;
    17995 : 25;
    17996 : 05;
    17997 : 05;
    17998 : 05;
    17999 : 05;
    18000 : 05;
    18001 : 05;
    18002 : 05;
    18003 : 05;
    18004 : 05;
    18005 : 05;
    18006 : 05;
    18007 : 05;
    18008 : 05;
    18009 : 05;
    18010 : 05;
    18011 : 05;
    18012 : 05;
    18013 : 05;
    18014 : 05;
    18015 : 05;
    18016 : 05;
    18017 : 05;
    18018 : 05;
    18019 : 05;
    18020 : 49;
    18021 : 29;
    18022 : 05;
    18023 : 05;
    18024 : 05;
    18025 : 05;
    18026 : 05;
    18027 : 05;
    18028 : 05;
    18029 : 05;
    18030 : 05;
    18031 : 05;
    18032 : 05;
    18033 : 05;
    18034 : 05;
    18035 : 05;
    18036 : 05;
    18037 : 04;
    18038 : 24;
    18039 : 6D;
    18040 : B1;
    18041 : 48;
    18042 : 04;
    18043 : 04;
    18044 : 04;
    18045 : 04;
    18046 : 04;
    18047 : 04;
    18048 : 05;
    18049 : 05;
    18050 : 24;
    18051 : 28;
    18052 : 49;
    18053 : 24;
    18054 : 04;
    18055 : 05;
    18056 : 04;
    18057 : 05;
    18058 : 04;
    18059 : 04;
    18060 : 04;
    18061 : 25;
    18062 : 29;
    18063 : 29;
    18064 : 29;
    18065 : 29;
    18066 : 29;
    18067 : 49;
    18068 : 49;
    18069 : 49;
    18070 : 49;
    18071 : 49;
    18072 : 48;
    18073 : 68;
    18074 : D1;
    18075 : 68;
    18076 : A4;
    18077 : C0;
    18078 : A4;
    18079 : 84;
    18080 : B6;
    18081 : B6;
    18082 : D2;
    18083 : C0;
    18084 : ED;
    18085 : F6;
    18086 : C0;
    18087 : 60;
    18088 : 04;
    18089 : 24;
    18090 : 25;
    18091 : 29;
    18092 : 49;
    18093 : 49;
    18094 : 6D;
    18095 : 6D;
    18096 : 6D;
    18097 : 8D;
    18098 : 8D;
    18099 : 8D;
    18100 : 8D;
    18101 : 91;
    18102 : 91;
    18103 : 91;
    18104 : 91;
    18105 : 91;
    18106 : 91;
    18107 : 91;
    18108 : B1;
    18109 : B1;
    18110 : B1;
    18111 : B1;
    18112 : B1;
    18113 : B1;
    18114 : B1;
    18115 : B1;
    18116 : B2;
    18117 : B1;
    18118 : B2;
    18119 : B2;
    18120 : B2;
    18121 : B2;
    18122 : B2;
    18123 : B2;
    18124 : B2;
    18125 : B2;
    18126 : B6;
    18127 : B2;
    18128 : B6;
    18129 : B6;
    18130 : B6;
    18131 : B6;
    18132 : B2;
    18133 : B1;
    18134 : B1;
    18135 : B1;
    18136 : B1;
    18137 : B1;
    18138 : 91;
    18139 : 91;
    18140 : 8D;
    18141 : 8D;
    18142 : B1;
    18143 : 6D;
    18144 : 49;
    18145 : 49;
    18146 : 49;
    18147 : 29;
    18148 : 29;
    18149 : 29;
    18150 : 29;
    18151 : 29;
    18152 : 29;
    18153 : 25;
    18154 : 25;
    18155 : 25;
    18156 : 05;
    18157 : 05;
    18158 : 05;
    18159 : 05;
    18160 : 05;
    18161 : 05;
    18162 : 05;
    18163 : 05;
    18164 : 05;
    18165 : 05;
    18166 : 05;
    18167 : 05;
    18168 : 05;
    18169 : 05;
    18170 : 05;
    18171 : 05;
    18172 : 05;
    18173 : 05;
    18174 : 05;
    18175 : 05;
    18176 : 05;
    18177 : 05;
    18178 : 05;
    18179 : 05;
    18180 : 68;
    18181 : 48;
    18182 : 05;
    18183 : 05;
    18184 : 05;
    18185 : 05;
    18186 : 05;
    18187 : 05;
    18188 : 05;
    18189 : 05;
    18190 : 05;
    18191 : 05;
    18192 : 04;
    18193 : 04;
    18194 : 04;
    18195 : 04;
    18196 : 04;
    18197 : 24;
    18198 : 48;
    18199 : 28;
    18200 : 8C;
    18201 : 48;
    18202 : 48;
    18203 : 04;
    18204 : 04;
    18205 : 04;
    18206 : 04;
    18207 : 24;
    18208 : 29;
    18209 : 29;
    18210 : 29;
    18211 : 6D;
    18212 : 91;
    18213 : 48;
    18214 : 24;
    18215 : 28;
    18216 : 24;
    18217 : 25;
    18218 : 04;
    18219 : 24;
    18220 : 04;
    18221 : 04;
    18222 : 04;
    18223 : 25;
    18224 : 29;
    18225 : 29;
    18226 : 29;
    18227 : 29;
    18228 : 29;
    18229 : 49;
    18230 : 49;
    18231 : 29;
    18232 : 48;
    18233 : 68;
    18234 : AC;
    18235 : 8C;
    18236 : C9;
    18237 : C0;
    18238 : A0;
    18239 : C0;
    18240 : D6;
    18241 : B6;
    18242 : D1;
    18243 : C0;
    18244 : E9;
    18245 : A9;
    18246 : C0;
    18247 : 60;
    18248 : 05;
    18249 : 25;
    18250 : 29;
    18251 : 49;
    18252 : 49;
    18253 : 6D;
    18254 : 6D;
    18255 : 8D;
    18256 : 8D;
    18257 : 8D;
    18258 : 8D;
    18259 : 8D;
    18260 : 91;
    18261 : 91;
    18262 : 91;
    18263 : 91;
    18264 : 91;
    18265 : 91;
    18266 : B1;
    18267 : B1;
    18268 : B1;
    18269 : B1;
    18270 : B1;
    18271 : B1;
    18272 : B1;
    18273 : B1;
    18274 : B1;
    18275 : B2;
    18276 : B1;
    18277 : B5;
    18278 : B1;
    18279 : B1;
    18280 : B2;
    18281 : B6;
    18282 : B2;
    18283 : B6;
    18284 : B2;
    18285 : B6;
    18286 : B6;
    18287 : B6;
    18288 : B6;
    18289 : B6;
    18290 : B6;
    18291 : B6;
    18292 : B2;
    18293 : B2;
    18294 : B2;
    18295 : B2;
    18296 : B2;
    18297 : B1;
    18298 : B1;
    18299 : 91;
    18300 : 8D;
    18301 : 6D;
    18302 : D1;
    18303 : 69;
    18304 : 29;
    18305 : 48;
    18306 : 49;
    18307 : 29;
    18308 : 25;
    18309 : 25;
    18310 : 25;
    18311 : 25;
    18312 : 25;
    18313 : 25;
    18314 : 05;
    18315 : 05;
    18316 : 05;
    18317 : 05;
    18318 : 05;
    18319 : 05;
    18320 : 05;
    18321 : 05;
    18322 : 05;
    18323 : 05;
    18324 : 05;
    18325 : 05;
    18326 : 05;
    18327 : 05;
    18328 : 05;
    18329 : 05;
    18330 : 05;
    18331 : 05;
    18332 : 04;
    18333 : 05;
    18334 : 05;
    18335 : 05;
    18336 : 04;
    18337 : 04;
    18338 : 05;
    18339 : 04;
    18340 : 6D;
    18341 : 48;
    18342 : 24;
    18343 : 05;
    18344 : 05;
    18345 : 05;
    18346 : 04;
    18347 : 04;
    18348 : 04;
    18349 : 05;
    18350 : 04;
    18351 : 04;
    18352 : 04;
    18353 : 04;
    18354 : 04;
    18355 : 04;
    18356 : 04;
    18357 : 24;
    18358 : 04;
    18359 : 24;
    18360 : 8C;
    18361 : 04;
    18362 : 24;
    18363 : 04;
    18364 : 04;
    18365 : 04;
    18366 : 04;
    18367 : 29;
    18368 : 49;
    18369 : 49;
    18370 : 49;
    18371 : B1;
    18372 : D9;
    18373 : 68;
    18374 : 48;
    18375 : 48;
    18376 : 28;
    18377 : 24;
    18378 : 29;
    18379 : 6D;
    18380 : 4D;
    18381 : 29;
    18382 : 29;
    18383 : 49;
    18384 : 25;
    18385 : 25;
    18386 : 25;
    18387 : 29;
    18388 : 4D;
    18389 : 49;
    18390 : 49;
    18391 : 6D;
    18392 : 6D;
    18393 : 8D;
    18394 : B1;
    18395 : 68;
    18396 : A4;
    18397 : C0;
    18398 : A4;
    18399 : A0;
    18400 : B5;
    18401 : 91;
    18402 : CD;
    18403 : C0;
    18404 : A5;
    18405 : A9;
    18406 : C0;
    18407 : 80;
    18408 : 09;
    18409 : 29;
    18410 : 49;
    18411 : 6D;
    18412 : 4D;
    18413 : 6D;
    18414 : 71;
    18415 : 91;
    18416 : 91;
    18417 : 91;
    18418 : 91;
    18419 : 91;
    18420 : 91;
    18421 : 91;
    18422 : 91;
    18423 : 91;
    18424 : 91;
    18425 : B1;
    18426 : B2;
    18427 : B2;
    18428 : B6;
    18429 : B6;
    18430 : B6;
    18431 : B6;
    18432 : B6;
    18433 : B6;
    18434 : B6;
    18435 : B6;
    18436 : B6;
    18437 : B5;
    18438 : B5;
    18439 : B6;
    18440 : B6;
    18441 : B6;
    18442 : B6;
    18443 : B6;
    18444 : B6;
    18445 : B6;
    18446 : B6;
    18447 : B6;
    18448 : B6;
    18449 : B6;
    18450 : B6;
    18451 : B6;
    18452 : B6;
    18453 : B6;
    18454 : B6;
    18455 : B5;
    18456 : B5;
    18457 : B5;
    18458 : B5;
    18459 : B1;
    18460 : B1;
    18461 : B5;
    18462 : D9;
    18463 : 91;
    18464 : 8C;
    18465 : 6C;
    18466 : 49;
    18467 : 49;
    18468 : 48;
    18469 : 28;
    18470 : 28;
    18471 : 24;
    18472 : 04;
    18473 : 05;
    18474 : 05;
    18475 : 05;
    18476 : 04;
    18477 : 04;
    18478 : 05;
    18479 : 05;
    18480 : 05;
    18481 : 05;
    18482 : 05;
    18483 : 05;
    18484 : 05;
    18485 : 05;
    18486 : 05;
    18487 : 05;
    18488 : 05;
    18489 : 05;
    18490 : 05;
    18491 : 05;
    18492 : 05;
    18493 : 05;
    18494 : 05;
    18495 : 04;
    18496 : 05;
    18497 : 05;
    18498 : 25;
    18499 : 49;
    18500 : B1;
    18501 : 6D;
    18502 : 48;
    18503 : 24;
    18504 : 24;
    18505 : 04;
    18506 : 04;
    18507 : 04;
    18508 : 04;
    18509 : 04;
    18510 : 04;
    18511 : 04;
    18512 : 04;
    18513 : 04;
    18514 : 04;
    18515 : 04;
    18516 : 04;
    18517 : 04;
    18518 : 04;
    18519 : 24;
    18520 : 6C;
    18521 : 04;
    18522 : 04;
    18523 : 04;
    18524 : 04;
    18525 : 04;
    18526 : 04;
    18527 : 05;
    18528 : 05;
    18529 : 09;
    18530 : 29;
    18531 : 4D;
    18532 : 6D;
    18533 : 09;
    18534 : 09;
    18535 : 05;
    18536 : 04;
    18537 : 09;
    18538 : 72;
    18539 : 6D;
    18540 : 6D;
    18541 : 6D;
    18542 : 96;
    18543 : 92;
    18544 : 4D;
    18545 : 4D;
    18546 : 4D;
    18547 : 72;
    18548 : 6D;
    18549 : 92;
    18550 : 92;
    18551 : 4D;
    18552 : B6;
    18553 : B2;
    18554 : B6;
    18555 : B1;
    18556 : A8;
    18557 : E4;
    18558 : AD;
    18559 : ED;
    18560 : DA;
    18561 : B6;
    18562 : CD;
    18563 : C0;
    18564 : CD;
    18565 : A9;
    18566 : C0;
    18567 : A0;
    18568 : 84;
    18569 : 80;
    18570 : 80;
    18571 : A4;
    18572 : 84;
    18573 : 84;
    18574 : 84;
    18575 : 84;
    18576 : 84;
    18577 : A4;
    18578 : 84;
    18579 : 84;
    18580 : 84;
    18581 : 84;
    18582 : A4;
    18583 : A0;
    18584 : A4;
    18585 : A4;
    18586 : A4;
    18587 : A4;
    18588 : A9;
    18589 : A9;
    18590 : A8;
    18591 : A4;
    18592 : A4;
    18593 : A4;
    18594 : A4;
    18595 : A4;
    18596 : A4;
    18597 : 84;
    18598 : A4;
    18599 : A4;
    18600 : A4;
    18601 : A4;
    18602 : A4;
    18603 : A4;
    18604 : A4;
    18605 : A4;
    18606 : A4;
    18607 : A4;
    18608 : A4;
    18609 : A4;
    18610 : A4;
    18611 : A4;
    18612 : A4;
    18613 : A4;
    18614 : A4;
    18615 : A4;
    18616 : A4;
    18617 : A4;
    18618 : C4;
    18619 : C8;
    18620 : C8;
    18621 : C8;
    18622 : C9;
    18623 : C8;
    18624 : C4;
    18625 : A4;
    18626 : A4;
    18627 : A4;
    18628 : A4;
    18629 : A4;
    18630 : A0;
    18631 : A0;
    18632 : 80;
    18633 : 80;
    18634 : 80;
    18635 : 80;
    18636 : 80;
    18637 : 80;
    18638 : 80;
    18639 : A0;
    18640 : 80;
    18641 : A0;
    18642 : A0;
    18643 : A4;
    18644 : A4;
    18645 : A9;
    18646 : A5;
    18647 : A4;
    18648 : A9;
    18649 : A5;
    18650 : A9;
    18651 : A9;
    18652 : A9;
    18653 : A9;
    18654 : A9;
    18655 : A9;
    18656 : A9;
    18657 : A9;
    18658 : A9;
    18659 : AD;
    18660 : CD;
    18661 : CD;
    18662 : CD;
    18663 : CD;
    18664 : A9;
    18665 : A8;
    18666 : 89;
    18667 : 89;
    18668 : A9;
    18669 : A9;
    18670 : A9;
    18671 : A9;
    18672 : A9;
    18673 : A9;
    18674 : A9;
    18675 : A9;
    18676 : A9;
    18677 : A9;
    18678 : A9;
    18679 : A9;
    18680 : A8;
    18681 : A4;
    18682 : A4;
    18683 : A4;
    18684 : 84;
    18685 : 84;
    18686 : A4;
    18687 : A4;
    18688 : A4;
    18689 : A4;
    18690 : A4;
    18691 : A4;
    18692 : A4;
    18693 : A0;
    18694 : 84;
    18695 : A4;
    18696 : 80;
    18697 : A4;
    18698 : B1;
    18699 : 6D;
    18700 : D6;
    18701 : 49;
    18702 : 8D;
    18703 : 92;
    18704 : B6;
    18705 : 69;
    18706 : 8D;
    18707 : D6;
    18708 : 24;
    18709 : 8D;
    18710 : D6;
    18711 : 00;
    18712 : 92;
    18713 : 92;
    18714 : 8D;
    18715 : 6D;
    18716 : D2;
    18717 : 89;
    18718 : 92;
    18719 : F2;
    18720 : B1;
    18721 : 6D;
    18722 : CD;
    18723 : C0;
    18724 : A0;
    18725 : A9;
    18726 : C9;
    18727 : C0;
    18728 : E0;
    18729 : C4;
    18730 : C9;
    18731 : A0;
    18732 : C0;
    18733 : C0;
    18734 : C0;
    18735 : C4;
    18736 : C0;
    18737 : C0;
    18738 : C4;
    18739 : C4;
    18740 : C4;
    18741 : C5;
    18742 : C4;
    18743 : C9;
    18744 : C4;
    18745 : A0;
    18746 : A0;
    18747 : C0;
    18748 : C4;
    18749 : C4;
    18750 : C0;
    18751 : C4;
    18752 : C4;
    18753 : C9;
    18754 : A4;
    18755 : A0;
    18756 : C0;
    18757 : C9;
    18758 : C4;
    18759 : C0;
    18760 : C4;
    18761 : C5;
    18762 : C0;
    18763 : A0;
    18764 : C5;
    18765 : C0;
    18766 : C4;
    18767 : C9;
    18768 : C4;
    18769 : A0;
    18770 : C4;
    18771 : C5;
    18772 : C0;
    18773 : C0;
    18774 : C5;
    18775 : C0;
    18776 : C0;
    18777 : C5;
    18778 : C9;
    18779 : C9;
    18780 : C9;
    18781 : C5;
    18782 : C0;
    18783 : C0;
    18784 : C5;
    18785 : E5;
    18786 : E9;
    18787 : E5;
    18788 : E4;
    18789 : C0;
    18790 : E4;
    18791 : E4;
    18792 : E4;
    18793 : E9;
    18794 : ED;
    18795 : C5;
    18796 : C0;
    18797 : E0;
    18798 : E4;
    18799 : ED;
    18800 : E9;
    18801 : E9;
    18802 : ED;
    18803 : ED;
    18804 : E9;
    18805 : E4;
    18806 : E9;
    18807 : ED;
    18808 : E4;
    18809 : E9;
    18810 : E9;
    18811 : C0;
    18812 : E9;
    18813 : F2;
    18814 : F2;
    18815 : E9;
    18816 : ED;
    18817 : F2;
    18818 : EE;
    18819 : ED;
    18820 : F2;
    18821 : F2;
    18822 : CD;
    18823 : C4;
    18824 : ED;
    18825 : F2;
    18826 : E9;
    18827 : F2;
    18828 : ED;
    18829 : ED;
    18830 : F2;
    18831 : ED;
    18832 : E9;
    18833 : F2;
    18834 : ED;
    18835 : F2;
    18836 : F2;
    18837 : C9;
    18838 : C0;
    18839 : E9;
    18840 : ED;
    18841 : E9;
    18842 : E4;
    18843 : E5;
    18844 : E9;
    18845 : ED;
    18846 : E5;
    18847 : E4;
    18848 : E9;
    18849 : ED;
    18850 : E5;
    18851 : E4;
    18852 : E9;
    18853 : ED;
    18854 : E9;
    18855 : E0;
    18856 : E5;
    18857 : E9;
    18858 : D2;
    18859 : 49;
    18860 : 6D;
    18861 : AD;
    18862 : B2;
    18863 : 8D;
    18864 : 6D;
    18865 : B2;
    18866 : F6;
    18867 : B2;
    18868 : 8D;
    18869 : 8D;
    18870 : 69;
    18871 : B2;
    18872 : 8D;
    18873 : 6D;
    18874 : D6;
    18875 : 8D;
    18876 : 00;
    18877 : 49;
    18878 : FB;
    18879 : F2;
    18880 : 8D;
    18881 : 68;
    18882 : D1;
    18883 : C0;
    18884 : E0;
    18885 : ED;
    18886 : F6;
    18887 : E9;
    18888 : A0;
    18889 : A4;
    18890 : A4;
    18891 : C4;
    18892 : ED;
    18893 : EE;
    18894 : C0;
    18895 : C5;
    18896 : F2;
    18897 : 80;
    18898 : A4;
    18899 : F2;
    18900 : A9;
    18901 : C9;
    18902 : E9;
    18903 : F2;
    18904 : EE;
    18905 : A4;
    18906 : A0;
    18907 : E9;
    18908 : C9;
    18909 : ED;
    18910 : C5;
    18911 : A0;
    18912 : C0;
    18913 : A4;
    18914 : 64;
    18915 : A5;
    18916 : A0;
    18917 : E9;
    18918 : 84;
    18919 : A4;
    18920 : ED;
    18921 : F6;
    18922 : F2;
    18923 : 80;
    18924 : A4;
    18925 : A4;
    18926 : 80;
    18927 : C9;
    18928 : A4;
    18929 : C5;
    18930 : E9;
    18931 : F6;
    18932 : E9;
    18933 : C0;
    18934 : F2;
    18935 : F2;
    18936 : C9;
    18937 : E5;
    18938 : ED;
    18939 : F6;
    18940 : F6;
    18941 : F6;
    18942 : C9;
    18943 : C0;
    18944 : E9;
    18945 : F6;
    18946 : F6;
    18947 : F6;
    18948 : F6;
    18949 : C5;
    18950 : ED;
    18951 : F6;
    18952 : F6;
    18953 : F2;
    18954 : CD;
    18955 : A4;
    18956 : A9;
    18957 : ED;
    18958 : E4;
    18959 : F6;
    18960 : FB;
    18961 : FB;
    18962 : FB;
    18963 : FB;
    18964 : FB;
    18965 : A9;
    18966 : CD;
    18967 : D2;
    18968 : A4;
    18969 : ED;
    18970 : A9;
    18971 : AD;
    18972 : ED;
    18973 : F6;
    18974 : D2;
    18975 : C5;
    18976 : F2;
    18977 : FB;
    18978 : FB;
    18979 : FB;
    18980 : D2;
    18981 : D2;
    18982 : B2;
    18983 : CD;
    18984 : FB;
    18985 : FB;
    18986 : F2;
    18987 : FB;
    18988 : FB;
    18989 : CD;
    18990 : D2;
    18991 : FA;
    18992 : AD;
    18993 : F2;
    18994 : ED;
    18995 : F7;
    18996 : FB;
    18997 : C9;
    18998 : C9;
    18999 : ED;
    19000 : F2;
    19001 : F6;
    19002 : 80;
    19003 : C4;
    19004 : E9;
    19005 : CD;
    19006 : CD;
    19007 : E5;
    19008 : E4;
    19009 : ED;
    19010 : A9;
    19011 : C4;
    19012 : F2;
    19013 : F6;
    19014 : F6;
    19015 : C9;
    19016 : 84;
    19017 : A9;
    19018 : D2;
    19019 : 92;
    19020 : F2;
    19021 : ED;
    19022 : D1;
    19023 : 92;
    19024 : D2;
    19025 : 69;
    19026 : B2;
    19027 : 92;
    19028 : D2;
    19029 : AD;
    19030 : 69;
    19031 : FB;
    19032 : 8D;
    19033 : 91;
    19034 : B2;
    19035 : 69;
    19036 : 8D;
    19037 : 69;
    19038 : B6;
    19039 : F2;
    19040 : B1;
    19041 : 8D;
    19042 : D1;
    19043 : C9;
    19044 : C9;
    19045 : C4;
    19046 : C8;
    19047 : C9;
    19048 : C9;
    19049 : C8;
    19050 : C8;
    19051 : C8;
    19052 : C9;
    19053 : C9;
    19054 : C9;
    19055 : C8;
    19056 : C9;
    19057 : C9;
    19058 : C8;
    19059 : C8;
    19060 : C8;
    19061 : C8;
    19062 : C9;
    19063 : C8;
    19064 : C9;
    19065 : C9;
    19066 : C9;
    19067 : C9;
    19068 : C4;
    19069 : C8;
    19070 : C9;
    19071 : C9;
    19072 : C9;
    19073 : A8;
    19074 : C8;
    19075 : C8;
    19076 : C8;
    19077 : A4;
    19078 : A8;
    19079 : C8;
    19080 : C8;
    19081 : C9;
    19082 : CD;
    19083 : CD;
    19084 : CD;
    19085 : C9;
    19086 : C9;
    19087 : C8;
    19088 : C8;
    19089 : C9;
    19090 : C8;
    19091 : C9;
    19092 : C9;
    19093 : C8;
    19094 : C4;
    19095 : C9;
    19096 : C9;
    19097 : C8;
    19098 : C4;
    19099 : C8;
    19100 : C8;
    19101 : C8;
    19102 : C9;
    19103 : ED;
    19104 : CD;
    19105 : CD;
    19106 : CD;
    19107 : CD;
    19108 : CD;
    19109 : C9;
    19110 : C9;
    19111 : C9;
    19112 : C8;
    19113 : C8;
    19114 : C8;
    19115 : C9;
    19116 : C9;
    19117 : CD;
    19118 : C9;
    19119 : C8;
    19120 : C9;
    19121 : C9;
    19122 : C9;
    19123 : C9;
    19124 : C8;
    19125 : C8;
    19126 : C9;
    19127 : CD;
    19128 : CD;
    19129 : ED;
    19130 : F1;
    19131 : F2;
    19132 : F2;
    19133 : F2;
    19134 : ED;
    19135 : F1;
    19136 : CD;
    19137 : CD;
    19138 : CD;
    19139 : F2;
    19140 : CD;
    19141 : CD;
    19142 : CD;
    19143 : F1;
    19144 : CD;
    19145 : D1;
    19146 : F1;
    19147 : CD;
    19148 : CD;
    19149 : CD;
    19150 : CD;
    19151 : CD;
    19152 : CD;
    19153 : CD;
    19154 : CD;
    19155 : CD;
    19156 : ED;
    19157 : ED;
    19158 : F1;
    19159 : CD;
    19160 : CD;
    19161 : CD;
    19162 : CD;
    19163 : C9;
    19164 : CD;
    19165 : C9;
    19166 : ED;
    19167 : ED;
    19168 : ED;
    19169 : ED;
    19170 : C9;
    19171 : C9;
    19172 : C9;
    19173 : C9;
    19174 : C9;
    19175 : C9;
    19176 : C9;
    19177 : C8;
    19178 : CD;
    19179 : D1;
    19180 : C9;
    19181 : C9;
    19182 : CD;
    19183 : D1;
    19184 : CD;
    19185 : D2;
    19186 : D2;
    19187 : D2;
    19188 : CD;
    19189 : F1;
    19190 : F1;
    19191 : CD;
    19192 : D2;
    19193 : F6;
    19194 : B6;
    19195 : D6;
    19196 : F6;
    19197 : F6;
    19198 : B2;
    19199 : CD;
END;
