-- Memory Initialization File (.mif) - 32 Sprites 16x16
-- Fundo Transparente: 0x00 (00000000)
-- Cor dos Pixels Pretos/Contorno: 0x24 (00100100)
DEPTH = 8192;
WIDTH = 8;
ADDRESS_RADIX = DEC;
DATA_RADIX = HEX;
CONTENT BEGIN
    0 : 00;
    1 : 00;
    2 : 00;
    3 : 00;
    4 : 00;
    5 : 20;
    6 : 20;
    7 : 20;
    8 : 20;
    9 : 20;
    10 : 00;
    11 : 00;
    12 : 00;
    13 : 00;
    14 : 00;
    15 : 00;
    16 : 00;
    17 : 00;
    18 : 00;
    19 : 00;
    20 : 20;
    21 : 20;
    22 : 20;
    23 : 20;
    24 : 20;
    25 : 20;
    26 : 20;
    27 : 00;
    28 : 00;
    29 : 00;
    30 : 00;
    31 : 00;
    32 : 00;
    33 : 00;
    34 : 00;
    35 : 00;
    36 : 20;
    37 : 20;
    38 : 20;
    39 : 20;
    40 : 20;
    41 : 20;
    42 : 20;
    43 : 20;
    44 : 00;
    45 : 00;
    46 : 00;
    47 : 00;
    48 : 00;
    49 : 00;
    50 : 00;
    51 : 20;
    52 : 20;
    53 : F8;
    54 : 20;
    55 : 40;
    56 : F8;
    57 : 20;
    58 : 20;
    59 : 20;
    60 : 00;
    61 : 00;
    62 : 00;
    63 : 00;
    64 : 00;
    65 : 00;
    66 : 00;
    67 : 20;
    68 : 20;
    69 : F8;
    70 : F8;
    71 : F8;
    72 : F8;
    73 : F8;
    74 : F8;
    75 : 8C;
    76 : 20;
    77 : 00;
    78 : 00;
    79 : 00;
    80 : 00;
    81 : 00;
    82 : 00;
    83 : 20;
    84 : 20;
    85 : 24;
    86 : F8;
    87 : F8;
    88 : F8;
    89 : 24;
    90 : F8;
    91 : F8;
    92 : 20;
    93 : 00;
    94 : 00;
    95 : 00;
    96 : 00;
    97 : 00;
    98 : 00;
    99 : 20;
    100 : F8;
    101 : F8;
    102 : F8;
    103 : 24;
    104 : F8;
    105 : F8;
    106 : F8;
    107 : 20;
    108 : 20;
    109 : 00;
    110 : 00;
    111 : 00;
    112 : 00;
    113 : 00;
    114 : 00;
    115 : 20;
    116 : 20;
    117 : 20;
    118 : F8;
    119 : F8;
    120 : F8;
    121 : 20;
    122 : 20;
    123 : 20;
    124 : 20;
    125 : 00;
    126 : 00;
    127 : 00;
    128 : 00;
    129 : 00;
    130 : 00;
    131 : 00;
    132 : 00;
    133 : 00;
    134 : 00;
    135 : 40;
    136 : F8;
    137 : 00;
    138 : 00;
    139 : 00;
    140 : 00;
    141 : 00;
    142 : 00;
    143 : 00;
    144 : 00;
    145 : 00;
    146 : 00;
    147 : 00;
    148 : 00;
    149 : 20;
    150 : 77;
    151 : 20;
    152 : 20;
    153 : 77;
    154 : 20;
    155 : 00;
    156 : 00;
    157 : 00;
    158 : 00;
    159 : 00;
    160 : 00;
    161 : 00;
    162 : 00;
    163 : 00;
    164 : 77;
    165 : E3;
    166 : E3;
    167 : E3;
    168 : E3;
    169 : E3;
    170 : 20;
    171 : 77;
    172 : 00;
    173 : 00;
    174 : 00;
    175 : 00;
    176 : 00;
    177 : 00;
    178 : 00;
    179 : 00;
    180 : 45;
    181 : A7;
    182 : A7;
    183 : A7;
    184 : A7;
    185 : A7;
    186 : A7;
    187 : 45;
    188 : 00;
    189 : 00;
    190 : 00;
    191 : 00;
    192 : 00;
    193 : 00;
    194 : 00;
    195 : 00;
    196 : F8;
    197 : 77;
    198 : 77;
    199 : 77;
    200 : 77;
    201 : 77;
    202 : 77;
    203 : F8;
    204 : 00;
    205 : 00;
    206 : 00;
    207 : 00;
    208 : 00;
    209 : 00;
    210 : 00;
    211 : 00;
    212 : 00;
    213 : 77;
    214 : 77;
    215 : 20;
    216 : 20;
    217 : 77;
    218 : 77;
    219 : 00;
    220 : 00;
    221 : 00;
    222 : 00;
    223 : 00;
    224 : 00;
    225 : 00;
    226 : 00;
    227 : 00;
    228 : 00;
    229 : 20;
    230 : 20;
    231 : 20;
    232 : 20;
    233 : 20;
    234 : 20;
    235 : 00;
    236 : 00;
    237 : 00;
    238 : 00;
    239 : 00;
    240 : 00;
    241 : 00;
    242 : 00;
    243 : 00;
    244 : 00;
    245 : 20;
    246 : 20;
    247 : 20;
    248 : 20;
    249 : 20;
    250 : 20;
    251 : 00;
    252 : 00;
    253 : 00;
    254 : 00;
    255 : 00;
    256 : 00;
    257 : 00;
    258 : 00;
    259 : 00;
    260 : 00;
    261 : 00;
    262 : 00;
    263 : 00;
    264 : 00;
    265 : 24;
    266 : 24;
    267 : 00;
    268 : 00;
    269 : 00;
    270 : 00;
    271 : 00;
    272 : 00;
    273 : 00;
    274 : 00;
    275 : 00;
    276 : 00;
    277 : 00;
    278 : 00;
    279 : 00;
    280 : 24;
    281 : 1D;
    282 : 3D;
    283 : 24;
    284 : 00;
    285 : 00;
    286 : 00;
    287 : 00;
    288 : 00;
    289 : 00;
    290 : 00;
    291 : 00;
    292 : 00;
    293 : 00;
    294 : 00;
    295 : 00;
    296 : 24;
    297 : 1D;
    298 : 1D;
    299 : 24;
    300 : 00;
    301 : 00;
    302 : 00;
    303 : 00;
    304 : 00;
    305 : 00;
    306 : 00;
    307 : 00;
    308 : 00;
    309 : 24;
    310 : 18;
    311 : 15;
    312 : 18;
    313 : 10;
    314 : 10;
    315 : 1C;
    316 : 18;
    317 : 49;
    318 : 00;
    319 : 00;
    320 : 00;
    321 : 00;
    322 : 00;
    323 : 00;
    324 : 00;
    325 : 50;
    326 : 1C;
    327 : 10;
    328 : 1C;
    329 : 10;
    330 : 1C;
    331 : 10;
    332 : 1C;
    333 : 10;
    334 : 24;
    335 : 00;
    336 : 00;
    337 : 00;
    338 : 24;
    339 : 24;
    340 : 24;
    341 : 50;
    342 : 10;
    343 : 54;
    344 : 10;
    345 : 1C;
    346 : 1C;
    347 : 1C;
    348 : 10;
    349 : 54;
    350 : 24;
    351 : 00;
    352 : 00;
    353 : 00;
    354 : 24;
    355 : 1E;
    356 : 1E;
    357 : 04;
    358 : 24;
    359 : 54;
    360 : 10;
    361 : 1C;
    362 : 1C;
    363 : 1C;
    364 : 10;
    365 : 54;
    366 : 24;
    367 : 00;
    368 : 00;
    369 : 00;
    370 : 24;
    371 : 1E;
    372 : 11;
    373 : 11;
    374 : 11;
    375 : 24;
    376 : 10;
    377 : 54;
    378 : 54;
    379 : 54;
    380 : 10;
    381 : 54;
    382 : 24;
    383 : 00;
    384 : 00;
    385 : 24;
    386 : 15;
    387 : 1E;
    388 : 1A;
    389 : 1A;
    390 : 1E;
    391 : 1A;
    392 : 0D;
    393 : 24;
    394 : 54;
    395 : 10;
    396 : 08;
    397 : DB;
    398 : 00;
    399 : 00;
    400 : 24;
    401 : 1E;
    402 : 11;
    403 : 1E;
    404 : 1E;
    405 : 1E;
    406 : 1E;
    407 : 1E;
    408 : 24;
    409 : 11;
    410 : 24;
    411 : 24;
    412 : 11;
    413 : 00;
    414 : 00;
    415 : 00;
    416 : 24;
    417 : 1E;
    418 : 1E;
    419 : 1E;
    420 : 11;
    421 : 04;
    422 : 24;
    423 : 24;
    424 : 11;
    425 : 11;
    426 : 11;
    427 : 11;
    428 : 11;
    429 : 24;
    430 : 00;
    431 : 00;
    432 : 00;
    433 : 24;
    434 : 1E;
    435 : 1E;
    436 : 1E;
    437 : 24;
    438 : FF;
    439 : FF;
    440 : 11;
    441 : 11;
    442 : 11;
    443 : 11;
    444 : 11;
    445 : 24;
    446 : 00;
    447 : 00;
    448 : 00;
    449 : 24;
    450 : 11;
    451 : 1E;
    452 : 1E;
    453 : C0;
    454 : FF;
    455 : 11;
    456 : 11;
    457 : 11;
    458 : 04;
    459 : 11;
    460 : 11;
    461 : 24;
    462 : 00;
    463 : 00;
    464 : 00;
    465 : 00;
    466 : 00;
    467 : 24;
    468 : 24;
    469 : 24;
    470 : 24;
    471 : 24;
    472 : 11;
    473 : 11;
    474 : 04;
    475 : 24;
    476 : 24;
    477 : 00;
    478 : 00;
    479 : 00;
    480 : 00;
    481 : 00;
    482 : 00;
    483 : 00;
    484 : 00;
    485 : 00;
    486 : 00;
    487 : 24;
    488 : 11;
    489 : FF;
    490 : 24;
    491 : 00;
    492 : 00;
    493 : 00;
    494 : 00;
    495 : 00;
    496 : 00;
    497 : 00;
    498 : 00;
    499 : 00;
    500 : 00;
    501 : 00;
    502 : 00;
    503 : 00;
    504 : 24;
    505 : 24;
    506 : 00;
    507 : 00;
    508 : 00;
    509 : 00;
    510 : 00;
    511 : 00;
    512 : 00;
    513 : 00;
    514 : 00;
    515 : 24;
    516 : 24;
    517 : 24;
    518 : 00;
    519 : 00;
    520 : 00;
    521 : 00;
    522 : 00;
    523 : 00;
    524 : 00;
    525 : 24;
    526 : 00;
    527 : 00;
    528 : 00;
    529 : 00;
    530 : 24;
    531 : EC;
    532 : EC;
    533 : C8;
    534 : 24;
    535 : 00;
    536 : 00;
    537 : 00;
    538 : 00;
    539 : 00;
    540 : 24;
    541 : E0;
    542 : 00;
    543 : 00;
    544 : 00;
    545 : 00;
    546 : EC;
    547 : EC;
    548 : EC;
    549 : EC;
    550 : C8;
    551 : 24;
    552 : 00;
    553 : 00;
    554 : 00;
    555 : 00;
    556 : 24;
    557 : E0;
    558 : 24;
    559 : 00;
    560 : 00;
    561 : 00;
    562 : EC;
    563 : EC;
    564 : EC;
    565 : EC;
    566 : EC;
    567 : 24;
    568 : 00;
    569 : 00;
    570 : 00;
    571 : 00;
    572 : 24;
    573 : E0;
    574 : 24;
    575 : 00;
    576 : 24;
    577 : F0;
    578 : EC;
    579 : EC;
    580 : FF;
    581 : EC;
    582 : EC;
    583 : C8;
    584 : 00;
    585 : 00;
    586 : 00;
    587 : 24;
    588 : E0;
    589 : C8;
    590 : E0;
    591 : 24;
    592 : 24;
    593 : EC;
    594 : EC;
    595 : EC;
    596 : 24;
    597 : EC;
    598 : C8;
    599 : C8;
    600 : 24;
    601 : 00;
    602 : 00;
    603 : 24;
    604 : E0;
    605 : FC;
    606 : E0;
    607 : 24;
    608 : 24;
    609 : EC;
    610 : EC;
    611 : EC;
    612 : 24;
    613 : EC;
    614 : C8;
    615 : C8;
    616 : 24;
    617 : 00;
    618 : 00;
    619 : 00;
    620 : 24;
    621 : FC;
    622 : 24;
    623 : 00;
    624 : 00;
    625 : 24;
    626 : EC;
    627 : EC;
    628 : EC;
    629 : C8;
    630 : C8;
    631 : C8;
    632 : C8;
    633 : 24;
    634 : 00;
    635 : 00;
    636 : 24;
    637 : EC;
    638 : 00;
    639 : 00;
    640 : 00;
    641 : 00;
    642 : 24;
    643 : C8;
    644 : C8;
    645 : C8;
    646 : C8;
    647 : C8;
    648 : C8;
    649 : C8;
    650 : 24;
    651 : 24;
    652 : EC;
    653 : EC;
    654 : 00;
    655 : 00;
    656 : 00;
    657 : 00;
    658 : 00;
    659 : 24;
    660 : 24;
    661 : C8;
    662 : C8;
    663 : 24;
    664 : C8;
    665 : C8;
    666 : 24;
    667 : FF;
    668 : EC;
    669 : 24;
    670 : 00;
    671 : 00;
    672 : 00;
    673 : 00;
    674 : 00;
    675 : 00;
    676 : 24;
    677 : FC;
    678 : 24;
    679 : EC;
    680 : C8;
    681 : C8;
    682 : C8;
    683 : FF;
    684 : EC;
    685 : 24;
    686 : 00;
    687 : 00;
    688 : 00;
    689 : 00;
    690 : 00;
    691 : 00;
    692 : 24;
    693 : FC;
    694 : FC;
    695 : FC;
    696 : C8;
    697 : C8;
    698 : C8;
    699 : FF;
    700 : 24;
    701 : 00;
    702 : 00;
    703 : 00;
    704 : 00;
    705 : 00;
    706 : 00;
    707 : 00;
    708 : 24;
    709 : 24;
    710 : EC;
    711 : EC;
    712 : C8;
    713 : C8;
    714 : 24;
    715 : 00;
    716 : 00;
    717 : 00;
    718 : 00;
    719 : 00;
    720 : 00;
    721 : 00;
    722 : 00;
    723 : 00;
    724 : 00;
    725 : 00;
    726 : 24;
    727 : 24;
    728 : C8;
    729 : 24;
    730 : 24;
    731 : 00;
    732 : 00;
    733 : 00;
    734 : 00;
    735 : 00;
    736 : 00;
    737 : 00;
    738 : 00;
    739 : 00;
    740 : 00;
    741 : 00;
    742 : 00;
    743 : 24;
    744 : C4;
    745 : FF;
    746 : 24;
    747 : 00;
    748 : 00;
    749 : 00;
    750 : 00;
    751 : 00;
    752 : 00;
    753 : 00;
    754 : 00;
    755 : 00;
    756 : 00;
    757 : 00;
    758 : 00;
    759 : 00;
    760 : 24;
    761 : 24;
    762 : 00;
    763 : 00;
    764 : 00;
    765 : 00;
    766 : 00;
    767 : 00;
    768 : 00;
    769 : 00;
    770 : 00;
    771 : 00;
    772 : 00;
    773 : 00;
    774 : 00;
    775 : 00;
    776 : 00;
    777 : 00;
    778 : 00;
    779 : 00;
    780 : 00;
    781 : 00;
    782 : 00;
    783 : 00;
    784 : 00;
    785 : 00;
    786 : 24;
    787 : 24;
    788 : 24;
    789 : 00;
    790 : 00;
    791 : 00;
    792 : 00;
    793 : 00;
    794 : 00;
    795 : 00;
    796 : 24;
    797 : 24;
    798 : 00;
    799 : 00;
    800 : 00;
    801 : 0E;
    802 : 1B;
    803 : 1B;
    804 : 1B;
    805 : 0E;
    806 : 0E;
    807 : 24;
    808 : 00;
    809 : 00;
    810 : 00;
    811 : 0E;
    812 : 1B;
    813 : 1B;
    814 : 0A;
    815 : 24;
    816 : 00;
    817 : 1B;
    818 : 1B;
    819 : 1B;
    820 : 1B;
    821 : 1B;
    822 : 1B;
    823 : FF;
    824 : 24;
    825 : 24;
    826 : 00;
    827 : 1B;
    828 : 1B;
    829 : 13;
    830 : 13;
    831 : 24;
    832 : 24;
    833 : 1B;
    834 : 1B;
    835 : 1B;
    836 : 1B;
    837 : 1B;
    838 : 1B;
    839 : FF;
    840 : EC;
    841 : EC;
    842 : 24;
    843 : 1B;
    844 : 13;
    845 : 24;
    846 : 13;
    847 : 24;
    848 : 24;
    849 : 1B;
    850 : 1B;
    851 : 1B;
    852 : 24;
    853 : 1B;
    854 : 1B;
    855 : FF;
    856 : EC;
    857 : EC;
    858 : EC;
    859 : 1B;
    860 : 13;
    861 : 24;
    862 : 24;
    863 : 00;
    864 : 24;
    865 : 1B;
    866 : 1B;
    867 : 1B;
    868 : EC;
    869 : 1B;
    870 : 13;
    871 : FF;
    872 : EC;
    873 : EC;
    874 : EC;
    875 : 13;
    876 : 24;
    877 : 24;
    878 : 00;
    879 : 00;
    880 : 00;
    881 : 13;
    882 : 13;
    883 : 1B;
    884 : EC;
    885 : 13;
    886 : 13;
    887 : 24;
    888 : FF;
    889 : EC;
    890 : EC;
    891 : 24;
    892 : 24;
    893 : 00;
    894 : 00;
    895 : 00;
    896 : 00;
    897 : 24;
    898 : 24;
    899 : 13;
    900 : 13;
    901 : 13;
    902 : 24;
    903 : 17;
    904 : 1B;
    905 : FF;
    906 : EC;
    907 : 24;
    908 : 00;
    909 : 00;
    910 : 00;
    911 : 00;
    912 : 00;
    913 : 24;
    914 : 1B;
    915 : 24;
    916 : 24;
    917 : 24;
    918 : 1B;
    919 : 1B;
    920 : 13;
    921 : FF;
    922 : EC;
    923 : 24;
    924 : 00;
    925 : 00;
    926 : 00;
    927 : 00;
    928 : 00;
    929 : 00;
    930 : 24;
    931 : 24;
    932 : FC;
    933 : 24;
    934 : 1B;
    935 : 13;
    936 : 24;
    937 : FF;
    938 : EC;
    939 : 24;
    940 : 00;
    941 : 00;
    942 : 00;
    943 : 00;
    944 : 00;
    945 : 00;
    946 : 00;
    947 : 24;
    948 : 24;
    949 : D4;
    950 : D8;
    951 : D8;
    952 : 37;
    953 : 24;
    954 : FF;
    955 : 00;
    956 : 00;
    957 : 00;
    958 : 00;
    959 : 00;
    960 : 00;
    961 : 00;
    962 : 00;
    963 : 00;
    964 : 24;
    965 : 24;
    966 : 24;
    967 : D4;
    968 : 1B;
    969 : 24;
    970 : FF;
    971 : 00;
    972 : 00;
    973 : 00;
    974 : 00;
    975 : 00;
    976 : 00;
    977 : 00;
    978 : 00;
    979 : 00;
    980 : 00;
    981 : 00;
    982 : 24;
    983 : 24;
    984 : 1B;
    985 : 24;
    986 : 24;
    987 : 00;
    988 : 00;
    989 : 00;
    990 : 00;
    991 : 00;
    992 : 00;
    993 : 00;
    994 : 00;
    995 : 00;
    996 : 00;
    997 : 00;
    998 : 00;
    999 : 13;
    1000 : 13;
    1001 : 13;
    1002 : 24;
    1003 : 00;
    1004 : 00;
    1005 : 00;
    1006 : 00;
    1007 : 00;
    1008 : 00;
    1009 : 00;
    1010 : 00;
    1011 : 00;
    1012 : 00;
    1013 : 00;
    1014 : 00;
    1015 : 24;
    1016 : 24;
    1017 : 24;
    1018 : 00;
    1019 : 00;
    1020 : 00;
    1021 : 00;
    1022 : 00;
    1023 : 00;
    1024 : 00;
    1025 : 00;
    1026 : 00;
    1027 : 00;
    1028 : 24;
    1029 : 24;
    1030 : 00;
    1031 : 00;
    1032 : 00;
    1033 : 00;
    1034 : 00;
    1035 : 00;
    1036 : 00;
    1037 : 24;
    1038 : 00;
    1039 : 00;
    1040 : 00;
    1041 : 00;
    1042 : 00;
    1043 : 24;
    1044 : 24;
    1045 : 24;
    1046 : 00;
    1047 : 00;
    1048 : 00;
    1049 : 00;
    1050 : 00;
    1051 : 00;
    1052 : 00;
    1053 : FC;
    1054 : 24;
    1055 : 00;
    1056 : 00;
    1057 : 00;
    1058 : 00;
    1059 : FC;
    1060 : FC;
    1061 : 24;
    1062 : 00;
    1063 : 00;
    1064 : 00;
    1065 : 24;
    1066 : 24;
    1067 : 24;
    1068 : FC;
    1069 : D4;
    1070 : D4;
    1071 : 24;
    1072 : 00;
    1073 : 00;
    1074 : 00;
    1075 : FC;
    1076 : D4;
    1077 : 24;
    1078 : 00;
    1079 : 00;
    1080 : 24;
    1081 : 24;
    1082 : 24;
    1083 : 24;
    1084 : D4;
    1085 : D4;
    1086 : 24;
    1087 : 00;
    1088 : 00;
    1089 : 00;
    1090 : 24;
    1091 : FC;
    1092 : FC;
    1093 : FC;
    1094 : 24;
    1095 : 24;
    1096 : FC;
    1097 : 24;
    1098 : 24;
    1099 : D4;
    1100 : D4;
    1101 : 24;
    1102 : 00;
    1103 : 00;
    1104 : 00;
    1105 : 24;
    1106 : FC;
    1107 : FC;
    1108 : FC;
    1109 : FC;
    1110 : FC;
    1111 : FC;
    1112 : FC;
    1113 : 24;
    1114 : 24;
    1115 : D4;
    1116 : D4;
    1117 : 00;
    1118 : 00;
    1119 : 00;
    1120 : 24;
    1121 : 24;
    1122 : FC;
    1123 : FC;
    1124 : FC;
    1125 : FC;
    1126 : FC;
    1127 : FC;
    1128 : FC;
    1129 : 24;
    1130 : 00;
    1131 : 00;
    1132 : 24;
    1133 : 24;
    1134 : 00;
    1135 : 00;
    1136 : 24;
    1137 : FC;
    1138 : FC;
    1139 : FC;
    1140 : FF;
    1141 : 24;
    1142 : FC;
    1143 : FC;
    1144 : FC;
    1145 : D4;
    1146 : 24;
    1147 : 24;
    1148 : D4;
    1149 : 00;
    1150 : 00;
    1151 : 00;
    1152 : 00;
    1153 : 24;
    1154 : FC;
    1155 : FC;
    1156 : 24;
    1157 : 24;
    1158 : E8;
    1159 : E8;
    1160 : D4;
    1161 : D4;
    1162 : 24;
    1163 : 24;
    1164 : 24;
    1165 : 00;
    1166 : 00;
    1167 : 00;
    1168 : 00;
    1169 : 00;
    1170 : 24;
    1171 : FC;
    1172 : FC;
    1173 : FC;
    1174 : E8;
    1175 : D4;
    1176 : D4;
    1177 : 24;
    1178 : 24;
    1179 : 24;
    1180 : 00;
    1181 : 00;
    1182 : 00;
    1183 : 00;
    1184 : 00;
    1185 : 00;
    1186 : 24;
    1187 : FC;
    1188 : FC;
    1189 : FC;
    1190 : FC;
    1191 : FC;
    1192 : D4;
    1193 : D4;
    1194 : 24;
    1195 : 24;
    1196 : 00;
    1197 : 00;
    1198 : 00;
    1199 : 00;
    1200 : 00;
    1201 : 00;
    1202 : 00;
    1203 : D4;
    1204 : FC;
    1205 : FC;
    1206 : FC;
    1207 : 24;
    1208 : D4;
    1209 : D4;
    1210 : D4;
    1211 : 24;
    1212 : 00;
    1213 : 00;
    1214 : 00;
    1215 : 00;
    1216 : 00;
    1217 : 00;
    1218 : 24;
    1219 : 24;
    1220 : D4;
    1221 : D4;
    1222 : D4;
    1223 : D4;
    1224 : D4;
    1225 : D4;
    1226 : D4;
    1227 : 24;
    1228 : 00;
    1229 : 00;
    1230 : 00;
    1231 : 00;
    1232 : 00;
    1233 : 00;
    1234 : 24;
    1235 : 24;
    1236 : 24;
    1237 : 24;
    1238 : D4;
    1239 : D4;
    1240 : D4;
    1241 : D4;
    1242 : 24;
    1243 : 00;
    1244 : 00;
    1245 : 00;
    1246 : 00;
    1247 : 00;
    1248 : 00;
    1249 : 00;
    1250 : 00;
    1251 : 00;
    1252 : 00;
    1253 : 00;
    1254 : 00;
    1255 : 24;
    1256 : FC;
    1257 : D4;
    1258 : 24;
    1259 : 00;
    1260 : 00;
    1261 : 00;
    1262 : 00;
    1263 : 00;
    1264 : 00;
    1265 : 00;
    1266 : 00;
    1267 : 00;
    1268 : 00;
    1269 : 00;
    1270 : 00;
    1271 : 00;
    1272 : 24;
    1273 : 24;
    1274 : 00;
    1275 : 00;
    1276 : 00;
    1277 : 00;
    1278 : 00;
    1279 : 00;
    1280 : 00;
    1281 : 00;
    1282 : 00;
    1283 : 00;
    1284 : 00;
    1285 : 00;
    1286 : 00;
    1287 : 00;
    1288 : 00;
    1289 : 00;
    1290 : 00;
    1291 : 00;
    1292 : 00;
    1293 : 00;
    1294 : 00;
    1295 : 00;
    1296 : 00;
    1297 : 00;
    1298 : 00;
    1299 : 00;
    1300 : 00;
    1301 : 00;
    1302 : 00;
    1303 : 00;
    1304 : 00;
    1305 : 00;
    1306 : 00;
    1307 : 00;
    1308 : 00;
    1309 : 00;
    1310 : 00;
    1311 : 00;
    1312 : 00;
    1313 : 00;
    1314 : 00;
    1315 : 00;
    1316 : 00;
    1317 : 49;
    1318 : 24;
    1319 : 00;
    1320 : 00;
    1321 : 24;
    1322 : 00;
    1323 : 00;
    1324 : 00;
    1325 : 00;
    1326 : 00;
    1327 : 00;
    1328 : 00;
    1329 : 00;
    1330 : 00;
    1331 : 00;
    1332 : 49;
    1333 : DB;
    1334 : 24;
    1335 : 00;
    1336 : 00;
    1337 : FF;
    1338 : 24;
    1339 : 00;
    1340 : 00;
    1341 : 00;
    1342 : 00;
    1343 : 00;
    1344 : 00;
    1345 : 00;
    1346 : 00;
    1347 : 00;
    1348 : 24;
    1349 : DB;
    1350 : 24;
    1351 : 24;
    1352 : 24;
    1353 : FF;
    1354 : 24;
    1355 : 00;
    1356 : 00;
    1357 : 00;
    1358 : 00;
    1359 : 00;
    1360 : 00;
    1361 : 00;
    1362 : 00;
    1363 : 49;
    1364 : FF;
    1365 : FF;
    1366 : FF;
    1367 : FF;
    1368 : FF;
    1369 : B6;
    1370 : 24;
    1371 : 24;
    1372 : 00;
    1373 : 00;
    1374 : 00;
    1375 : 00;
    1376 : 00;
    1377 : 00;
    1378 : 00;
    1379 : 49;
    1380 : FF;
    1381 : FF;
    1382 : FF;
    1383 : FF;
    1384 : FF;
    1385 : FF;
    1386 : B6;
    1387 : 24;
    1388 : 00;
    1389 : 00;
    1390 : 00;
    1391 : 00;
    1392 : 00;
    1393 : 00;
    1394 : 00;
    1395 : 24;
    1396 : 24;
    1397 : FF;
    1398 : FF;
    1399 : 24;
    1400 : 24;
    1401 : FF;
    1402 : B6;
    1403 : 24;
    1404 : 00;
    1405 : 00;
    1406 : 00;
    1407 : 00;
    1408 : 00;
    1409 : 00;
    1410 : 00;
    1411 : 24;
    1412 : 24;
    1413 : FF;
    1414 : FF;
    1415 : 24;
    1416 : 24;
    1417 : B6;
    1418 : DB;
    1419 : 24;
    1420 : 00;
    1421 : 00;
    1422 : 00;
    1423 : 00;
    1424 : 00;
    1425 : 00;
    1426 : 00;
    1427 : 92;
    1428 : B6;
    1429 : 92;
    1430 : 92;
    1431 : 92;
    1432 : 92;
    1433 : 6D;
    1434 : 24;
    1435 : 49;
    1436 : 24;
    1437 : 00;
    1438 : 00;
    1439 : 00;
    1440 : 00;
    1441 : 00;
    1442 : 00;
    1443 : 00;
    1444 : 00;
    1445 : 24;
    1446 : 25;
    1447 : 4E;
    1448 : 25;
    1449 : 24;
    1450 : 92;
    1451 : 24;
    1452 : 00;
    1453 : 00;
    1454 : 00;
    1455 : 00;
    1456 : 00;
    1457 : 00;
    1458 : 00;
    1459 : 00;
    1460 : 24;
    1461 : 4E;
    1462 : 24;
    1463 : 25;
    1464 : 4E;
    1465 : 25;
    1466 : 24;
    1467 : 00;
    1468 : 00;
    1469 : 00;
    1470 : 00;
    1471 : 00;
    1472 : 00;
    1473 : 00;
    1474 : 00;
    1475 : 00;
    1476 : 24;
    1477 : 4E;
    1478 : 24;
    1479 : 24;
    1480 : 25;
    1481 : 4E;
    1482 : 24;
    1483 : 00;
    1484 : 00;
    1485 : 00;
    1486 : 00;
    1487 : 00;
    1488 : 00;
    1489 : 00;
    1490 : 00;
    1491 : 00;
    1492 : 00;
    1493 : 24;
    1494 : 24;
    1495 : 24;
    1496 : 24;
    1497 : 24;
    1498 : 24;
    1499 : 00;
    1500 : 00;
    1501 : 00;
    1502 : 00;
    1503 : 00;
    1504 : 00;
    1505 : 00;
    1506 : 00;
    1507 : 00;
    1508 : 00;
    1509 : 00;
    1510 : 24;
    1511 : 00;
    1512 : 00;
    1513 : 00;
    1514 : 00;
    1515 : 00;
    1516 : 00;
    1517 : 00;
    1518 : 00;
    1519 : 00;
    1520 : 00;
    1521 : 00;
    1522 : 00;
    1523 : 00;
    1524 : 00;
    1525 : 00;
    1526 : 00;
    1527 : 00;
    1528 : 00;
    1529 : 00;
    1530 : 00;
    1531 : 00;
    1532 : 00;
    1533 : 00;
    1534 : 00;
    1535 : 00;
    1536 : 00;
    1537 : 00;
    1538 : 00;
    1539 : 00;
    1540 : 00;
    1541 : 00;
    1542 : 00;
    1543 : 00;
    1544 : 00;
    1545 : 00;
    1546 : 00;
    1547 : 00;
    1548 : 00;
    1549 : 00;
    1550 : 00;
    1551 : 00;
    1552 : 00;
    1553 : 00;
    1554 : 00;
    1555 : 00;
    1556 : 00;
    1557 : 00;
    1558 : 00;
    1559 : 00;
    1560 : 00;
    1561 : 00;
    1562 : 00;
    1563 : 00;
    1564 : 00;
    1565 : 00;
    1566 : 00;
    1567 : 00;
    1568 : 00;
    1569 : 00;
    1570 : 00;
    1571 : 00;
    1572 : 00;
    1573 : 00;
    1574 : 49;
    1575 : DB;
    1576 : 24;
    1577 : 00;
    1578 : 00;
    1579 : 49;
    1580 : FF;
    1581 : 24;
    1582 : 00;
    1583 : 00;
    1584 : 00;
    1585 : 00;
    1586 : 00;
    1587 : 00;
    1588 : 00;
    1589 : 00;
    1590 : DB;
    1591 : 24;
    1592 : 00;
    1593 : 00;
    1594 : 49;
    1595 : FF;
    1596 : FF;
    1597 : 24;
    1598 : 00;
    1599 : 00;
    1600 : 00;
    1601 : 00;
    1602 : 00;
    1603 : 00;
    1604 : 00;
    1605 : 49;
    1606 : DB;
    1607 : 24;
    1608 : 24;
    1609 : 24;
    1610 : FF;
    1611 : FF;
    1612 : 24;
    1613 : 00;
    1614 : 00;
    1615 : 00;
    1616 : 00;
    1617 : 00;
    1618 : 00;
    1619 : 00;
    1620 : 49;
    1621 : FF;
    1622 : FF;
    1623 : FF;
    1624 : FF;
    1625 : FF;
    1626 : B6;
    1627 : 49;
    1628 : 00;
    1629 : 00;
    1630 : 00;
    1631 : 00;
    1632 : 00;
    1633 : 00;
    1634 : 00;
    1635 : 00;
    1636 : 24;
    1637 : 24;
    1638 : FF;
    1639 : FF;
    1640 : 24;
    1641 : 24;
    1642 : DB;
    1643 : 24;
    1644 : 00;
    1645 : 00;
    1646 : 00;
    1647 : 00;
    1648 : 00;
    1649 : 00;
    1650 : 00;
    1651 : 00;
    1652 : 49;
    1653 : 24;
    1654 : FF;
    1655 : 24;
    1656 : 24;
    1657 : DB;
    1658 : 24;
    1659 : 00;
    1660 : 00;
    1661 : 00;
    1662 : 00;
    1663 : 00;
    1664 : 00;
    1665 : 00;
    1666 : 00;
    1667 : 00;
    1668 : 49;
    1669 : FF;
    1670 : FF;
    1671 : FF;
    1672 : B6;
    1673 : B6;
    1674 : 00;
    1675 : 00;
    1676 : 00;
    1677 : 24;
    1678 : 00;
    1679 : 00;
    1680 : 00;
    1681 : 00;
    1682 : 00;
    1683 : 00;
    1684 : 00;
    1685 : 00;
    1686 : 64;
    1687 : 64;
    1688 : 64;
    1689 : 24;
    1690 : 24;
    1691 : DB;
    1692 : FF;
    1693 : 24;
    1694 : 00;
    1695 : 00;
    1696 : 00;
    1697 : 00;
    1698 : 00;
    1699 : 00;
    1700 : 00;
    1701 : 24;
    1702 : A0;
    1703 : A0;
    1704 : 64;
    1705 : A0;
    1706 : B6;
    1707 : 24;
    1708 : 24;
    1709 : 00;
    1710 : 00;
    1711 : 00;
    1712 : 00;
    1713 : 00;
    1714 : 00;
    1715 : 24;
    1716 : 24;
    1717 : 64;
    1718 : 64;
    1719 : A0;
    1720 : A0;
    1721 : 64;
    1722 : 24;
    1723 : 00;
    1724 : 00;
    1725 : 00;
    1726 : 00;
    1727 : 00;
    1728 : 00;
    1729 : 00;
    1730 : 24;
    1731 : 6D;
    1732 : 49;
    1733 : 92;
    1734 : 24;
    1735 : 92;
    1736 : 92;
    1737 : 24;
    1738 : 92;
    1739 : 92;
    1740 : 00;
    1741 : 00;
    1742 : 00;
    1743 : 00;
    1744 : 00;
    1745 : 00;
    1746 : 00;
    1747 : 00;
    1748 : 00;
    1749 : 00;
    1750 : 24;
    1751 : 00;
    1752 : 00;
    1753 : 24;
    1754 : 00;
    1755 : 00;
    1756 : 00;
    1757 : 00;
    1758 : 00;
    1759 : 00;
    1760 : 00;
    1761 : 00;
    1762 : 00;
    1763 : 00;
    1764 : 00;
    1765 : 00;
    1766 : 00;
    1767 : 00;
    1768 : 00;
    1769 : 00;
    1770 : 00;
    1771 : 00;
    1772 : 00;
    1773 : 00;
    1774 : 00;
    1775 : 00;
    1776 : 00;
    1777 : 00;
    1778 : 00;
    1779 : 00;
    1780 : 00;
    1781 : 00;
    1782 : 00;
    1783 : 00;
    1784 : 00;
    1785 : 00;
    1786 : 00;
    1787 : 00;
    1788 : 00;
    1789 : 00;
    1790 : 00;
    1791 : 00;
    1792 : 00;
    1793 : 00;
    1794 : 00;
    1795 : 00;
    1796 : 00;
    1797 : 00;
    1798 : 00;
    1799 : 00;
    1800 : 00;
    1801 : 00;
    1802 : 00;
    1803 : 00;
    1804 : 00;
    1805 : 00;
    1806 : 00;
    1807 : 00;
    1808 : 00;
    1809 : 00;
    1810 : 00;
    1811 : 00;
    1812 : 00;
    1813 : 24;
    1814 : 24;
    1815 : 24;
    1816 : 24;
    1817 : 24;
    1818 : 24;
    1819 : 00;
    1820 : 00;
    1821 : 00;
    1822 : 00;
    1823 : 00;
    1824 : 00;
    1825 : 00;
    1826 : 00;
    1827 : 00;
    1828 : 24;
    1829 : 68;
    1830 : 68;
    1831 : 68;
    1832 : 68;
    1833 : 68;
    1834 : FF;
    1835 : 24;
    1836 : 00;
    1837 : 00;
    1838 : 00;
    1839 : 00;
    1840 : 00;
    1841 : 00;
    1842 : 00;
    1843 : 24;
    1844 : B6;
    1845 : 68;
    1846 : 68;
    1847 : D1;
    1848 : 68;
    1849 : FF;
    1850 : FF;
    1851 : B6;
    1852 : 24;
    1853 : 00;
    1854 : 00;
    1855 : 00;
    1856 : 00;
    1857 : 00;
    1858 : 00;
    1859 : 24;
    1860 : 92;
    1861 : 68;
    1862 : D1;
    1863 : FA;
    1864 : D1;
    1865 : FF;
    1866 : DB;
    1867 : B6;
    1868 : 24;
    1869 : 00;
    1870 : 00;
    1871 : 00;
    1872 : 00;
    1873 : 00;
    1874 : 00;
    1875 : 00;
    1876 : 00;
    1877 : 24;
    1878 : FF;
    1879 : FA;
    1880 : D5;
    1881 : FA;
    1882 : D1;
    1883 : 24;
    1884 : DB;
    1885 : 24;
    1886 : 00;
    1887 : 00;
    1888 : 00;
    1889 : 00;
    1890 : 00;
    1891 : 00;
    1892 : 00;
    1893 : 24;
    1894 : FA;
    1895 : D1;
    1896 : FA;
    1897 : D5;
    1898 : 24;
    1899 : 92;
    1900 : 24;
    1901 : FF;
    1902 : 00;
    1903 : 00;
    1904 : 00;
    1905 : 00;
    1906 : 00;
    1907 : 00;
    1908 : 24;
    1909 : 2B;
    1910 : 68;
    1911 : FA;
    1912 : D5;
    1913 : 24;
    1914 : 2B;
    1915 : 24;
    1916 : 92;
    1917 : 24;
    1918 : 00;
    1919 : 00;
    1920 : 00;
    1921 : 00;
    1922 : 00;
    1923 : 24;
    1924 : F8;
    1925 : 2B;
    1926 : 26;
    1927 : 68;
    1928 : B1;
    1929 : 2B;
    1930 : F8;
    1931 : 2B;
    1932 : 24;
    1933 : 00;
    1934 : 00;
    1935 : 00;
    1936 : 00;
    1937 : 00;
    1938 : 00;
    1939 : 24;
    1940 : 2B;
    1941 : 26;
    1942 : F8;
    1943 : 2F;
    1944 : F8;
    1945 : 2B;
    1946 : 2B;
    1947 : 2B;
    1948 : 24;
    1949 : 00;
    1950 : 00;
    1951 : 00;
    1952 : 00;
    1953 : 00;
    1954 : 00;
    1955 : 00;
    1956 : 24;
    1957 : D1;
    1958 : 2F;
    1959 : 2F;
    1960 : 2F;
    1961 : 26;
    1962 : FA;
    1963 : FA;
    1964 : 24;
    1965 : 00;
    1966 : 00;
    1967 : 00;
    1968 : 00;
    1969 : 00;
    1970 : 00;
    1971 : 24;
    1972 : FF;
    1973 : 24;
    1974 : FF;
    1975 : FF;
    1976 : FF;
    1977 : 24;
    1978 : FF;
    1979 : 24;
    1980 : FF;
    1981 : 24;
    1982 : 00;
    1983 : 00;
    1984 : 00;
    1985 : 00;
    1986 : 00;
    1987 : 24;
    1988 : FA;
    1989 : D5;
    1990 : 2B;
    1991 : 26;
    1992 : 26;
    1993 : 68;
    1994 : FA;
    1995 : D1;
    1996 : 24;
    1997 : 00;
    1998 : 00;
    1999 : 00;
    2000 : 00;
    2001 : 00;
    2002 : 00;
    2003 : 24;
    2004 : FF;
    2005 : DB;
    2006 : B6;
    2007 : 2B;
    2008 : DB;
    2009 : B6;
    2010 : 24;
    2011 : 00;
    2012 : 00;
    2013 : 00;
    2014 : 00;
    2015 : 00;
    2016 : 00;
    2017 : 00;
    2018 : 24;
    2019 : FF;
    2020 : DB;
    2021 : B6;
    2022 : 24;
    2023 : 00;
    2024 : FF;
    2025 : DB;
    2026 : B6;
    2027 : 24;
    2028 : 00;
    2029 : 00;
    2030 : 00;
    2031 : 00;
    2032 : 00;
    2033 : 00;
    2034 : 00;
    2035 : 00;
    2036 : 00;
    2037 : 00;
    2038 : 00;
    2039 : 00;
    2040 : 00;
    2041 : 00;
    2042 : 00;
    2043 : 00;
    2044 : 00;
    2045 : 00;
    2046 : 00;
    2047 : 00;
    2048 : 00;
    2049 : 00;
    2050 : 00;
    2051 : 00;
    2052 : 00;
    2053 : 00;
    2054 : 00;
    2055 : 00;
    2056 : 00;
    2057 : 00;
    2058 : 00;
    2059 : 00;
    2060 : 00;
    2061 : 00;
    2062 : 00;
    2063 : 00;
    2064 : 00;
    2065 : 00;
    2066 : 00;
    2067 : 00;
    2068 : 00;
    2069 : 24;
    2070 : 24;
    2071 : 24;
    2072 : 24;
    2073 : 24;
    2074 : 00;
    2075 : 00;
    2076 : 00;
    2077 : 00;
    2078 : 00;
    2079 : 00;
    2080 : 00;
    2081 : 00;
    2082 : 00;
    2083 : 00;
    2084 : 24;
    2085 : 68;
    2086 : 68;
    2087 : 68;
    2088 : 68;
    2089 : 68;
    2090 : 24;
    2091 : 00;
    2092 : 00;
    2093 : 00;
    2094 : 00;
    2095 : 00;
    2096 : 00;
    2097 : 00;
    2098 : 00;
    2099 : 00;
    2100 : 00;
    2101 : 24;
    2102 : C4;
    2103 : E9;
    2104 : C4;
    2105 : C4;
    2106 : 80;
    2107 : 24;
    2108 : 24;
    2109 : 24;
    2110 : 00;
    2111 : 00;
    2112 : 00;
    2113 : 00;
    2114 : 00;
    2115 : 00;
    2116 : 00;
    2117 : 24;
    2118 : D1;
    2119 : D1;
    2120 : D1;
    2121 : D1;
    2122 : 68;
    2123 : 80;
    2124 : E4;
    2125 : 80;
    2126 : 00;
    2127 : 00;
    2128 : 00;
    2129 : 00;
    2130 : 00;
    2131 : 00;
    2132 : 00;
    2133 : 24;
    2134 : FF;
    2135 : FA;
    2136 : D5;
    2137 : FA;
    2138 : D5;
    2139 : 24;
    2140 : 24;
    2141 : 80;
    2142 : 00;
    2143 : 00;
    2144 : 00;
    2145 : 00;
    2146 : 00;
    2147 : 00;
    2148 : 00;
    2149 : 24;
    2150 : FA;
    2151 : D1;
    2152 : FA;
    2153 : D5;
    2154 : 24;
    2155 : 00;
    2156 : 00;
    2157 : 24;
    2158 : 00;
    2159 : 00;
    2160 : 00;
    2161 : 00;
    2162 : 00;
    2163 : 00;
    2164 : 00;
    2165 : 24;
    2166 : FA;
    2167 : FA;
    2168 : D5;
    2169 : 24;
    2170 : 24;
    2171 : 00;
    2172 : 00;
    2173 : 00;
    2174 : 00;
    2175 : 00;
    2176 : 00;
    2177 : 00;
    2178 : 00;
    2179 : 00;
    2180 : 00;
    2181 : 00;
    2182 : 24;
    2183 : B1;
    2184 : B1;
    2185 : FF;
    2186 : FF;
    2187 : 24;
    2188 : 00;
    2189 : 00;
    2190 : 00;
    2191 : 00;
    2192 : 00;
    2193 : 00;
    2194 : 00;
    2195 : 00;
    2196 : 00;
    2197 : 24;
    2198 : FF;
    2199 : FF;
    2200 : FF;
    2201 : FF;
    2202 : FF;
    2203 : FA;
    2204 : 24;
    2205 : 00;
    2206 : 00;
    2207 : 00;
    2208 : 00;
    2209 : 00;
    2210 : 00;
    2211 : 00;
    2212 : 24;
    2213 : FA;
    2214 : FF;
    2215 : FF;
    2216 : FF;
    2217 : DB;
    2218 : B6;
    2219 : 80;
    2220 : 24;
    2221 : 00;
    2222 : 00;
    2223 : 00;
    2224 : 00;
    2225 : 00;
    2226 : 00;
    2227 : 24;
    2228 : E4;
    2229 : 80;
    2230 : 24;
    2231 : 24;
    2232 : 24;
    2233 : 24;
    2234 : E4;
    2235 : 80;
    2236 : 24;
    2237 : 00;
    2238 : 00;
    2239 : 00;
    2240 : 00;
    2241 : 00;
    2242 : 00;
    2243 : 24;
    2244 : FA;
    2245 : D5;
    2246 : 24;
    2247 : DB;
    2248 : FF;
    2249 : B6;
    2250 : FA;
    2251 : D1;
    2252 : 24;
    2253 : 00;
    2254 : 00;
    2255 : 00;
    2256 : 00;
    2257 : 00;
    2258 : 00;
    2259 : 24;
    2260 : FF;
    2261 : DB;
    2262 : B6;
    2263 : 24;
    2264 : DB;
    2265 : FF;
    2266 : FF;
    2267 : 24;
    2268 : 00;
    2269 : 00;
    2270 : 00;
    2271 : 00;
    2272 : 00;
    2273 : 00;
    2274 : 24;
    2275 : FA;
    2276 : FA;
    2277 : FA;
    2278 : 24;
    2279 : 00;
    2280 : FA;
    2281 : FA;
    2282 : FA;
    2283 : FA;
    2284 : 24;
    2285 : 00;
    2286 : 00;
    2287 : 00;
    2288 : 00;
    2289 : 00;
    2290 : 00;
    2291 : 00;
    2292 : 00;
    2293 : 00;
    2294 : 00;
    2295 : 00;
    2296 : 00;
    2297 : 00;
    2298 : 00;
    2299 : 00;
    2300 : 00;
    2301 : 00;
    2302 : 00;
    2303 : 00;
    2304 : 00;
    2305 : 00;
    2306 : 00;
    2307 : 00;
    2308 : 00;
    2309 : 00;
    2310 : 00;
    2311 : 00;
    2312 : 00;
    2313 : 00;
    2314 : 00;
    2315 : 00;
    2316 : 00;
    2317 : 00;
    2318 : 00;
    2319 : 00;
    2320 : 00;
    2321 : 00;
    2322 : 00;
    2323 : 00;
    2324 : 00;
    2325 : 00;
    2326 : 00;
    2327 : 00;
    2328 : 00;
    2329 : 00;
    2330 : 00;
    2331 : 00;
    2332 : 00;
    2333 : 00;
    2334 : 00;
    2335 : 00;
    2336 : 00;
    2337 : 00;
    2338 : 00;
    2339 : 00;
    2340 : 00;
    2341 : 00;
    2342 : 00;
    2343 : 00;
    2344 : 00;
    2345 : 00;
    2346 : 00;
    2347 : 00;
    2348 : 00;
    2349 : 00;
    2350 : 00;
    2351 : 00;
    2352 : 00;
    2353 : 24;
    2354 : 00;
    2355 : 00;
    2356 : 00;
    2357 : 00;
    2358 : 00;
    2359 : 24;
    2360 : 00;
    2361 : 00;
    2362 : 00;
    2363 : 00;
    2364 : 00;
    2365 : 00;
    2366 : 00;
    2367 : 00;
    2368 : 00;
    2369 : B6;
    2370 : 6D;
    2371 : 00;
    2372 : 00;
    2373 : 00;
    2374 : 24;
    2375 : 24;
    2376 : 00;
    2377 : 00;
    2378 : 00;
    2379 : 00;
    2380 : 00;
    2381 : 00;
    2382 : 00;
    2383 : 00;
    2384 : 00;
    2385 : DA;
    2386 : 6D;
    2387 : 24;
    2388 : 24;
    2389 : 24;
    2390 : 6D;
    2391 : 24;
    2392 : 00;
    2393 : 00;
    2394 : 00;
    2395 : 00;
    2396 : 00;
    2397 : 00;
    2398 : 00;
    2399 : 00;
    2400 : 24;
    2401 : 6D;
    2402 : 6D;
    2403 : 24;
    2404 : 24;
    2405 : 6D;
    2406 : 6D;
    2407 : 6D;
    2408 : 24;
    2409 : 00;
    2410 : 00;
    2411 : 00;
    2412 : 00;
    2413 : 00;
    2414 : 00;
    2415 : 00;
    2416 : 24;
    2417 : 69;
    2418 : 6D;
    2419 : 6D;
    2420 : 6D;
    2421 : 24;
    2422 : 6D;
    2423 : 69;
    2424 : 6D;
    2425 : 00;
    2426 : 00;
    2427 : 00;
    2428 : 00;
    2429 : 24;
    2430 : 24;
    2431 : 00;
    2432 : 24;
    2433 : 6D;
    2434 : 6D;
    2435 : DA;
    2436 : DA;
    2437 : 24;
    2438 : 6D;
    2439 : 24;
    2440 : 24;
    2441 : 00;
    2442 : 00;
    2443 : 00;
    2444 : 00;
    2445 : B6;
    2446 : 24;
    2447 : 00;
    2448 : 00;
    2449 : 6D;
    2450 : B6;
    2451 : DA;
    2452 : F6;
    2453 : DA;
    2454 : 6D;
    2455 : 6D;
    2456 : 24;
    2457 : B6;
    2458 : 24;
    2459 : 00;
    2460 : 24;
    2461 : 6D;
    2462 : 24;
    2463 : 00;
    2464 : 00;
    2465 : 00;
    2466 : 24;
    2467 : 24;
    2468 : 24;
    2469 : 24;
    2470 : 24;
    2471 : 6D;
    2472 : 6D;
    2473 : DA;
    2474 : DA;
    2475 : 24;
    2476 : 6D;
    2477 : 00;
    2478 : 00;
    2479 : 00;
    2480 : 00;
    2481 : 00;
    2482 : 00;
    2483 : 24;
    2484 : DA;
    2485 : 6D;
    2486 : 6D;
    2487 : 6D;
    2488 : 6D;
    2489 : 6D;
    2490 : 6D;
    2491 : 24;
    2492 : 00;
    2493 : 00;
    2494 : 00;
    2495 : 00;
    2496 : 00;
    2497 : 00;
    2498 : 00;
    2499 : 24;
    2500 : 6D;
    2501 : 24;
    2502 : 6D;
    2503 : 6D;
    2504 : 6D;
    2505 : 6D;
    2506 : 69;
    2507 : 24;
    2508 : 00;
    2509 : 00;
    2510 : 00;
    2511 : 00;
    2512 : 00;
    2513 : 00;
    2514 : 00;
    2515 : 24;
    2516 : 69;
    2517 : 24;
    2518 : 6D;
    2519 : 6D;
    2520 : 6D;
    2521 : 69;
    2522 : 69;
    2523 : 24;
    2524 : 00;
    2525 : 00;
    2526 : 00;
    2527 : 00;
    2528 : 00;
    2529 : 00;
    2530 : 00;
    2531 : 24;
    2532 : 24;
    2533 : 00;
    2534 : DA;
    2535 : 24;
    2536 : 00;
    2537 : 24;
    2538 : B6;
    2539 : 24;
    2540 : 00;
    2541 : 00;
    2542 : 00;
    2543 : 00;
    2544 : 00;
    2545 : 00;
    2546 : 00;
    2547 : 00;
    2548 : 00;
    2549 : 00;
    2550 : 00;
    2551 : 00;
    2552 : 00;
    2553 : 00;
    2554 : 00;
    2555 : 00;
    2556 : 00;
    2557 : 00;
    2558 : 00;
    2559 : 00;
    2560 : 00;
    2561 : 00;
    2562 : 00;
    2563 : 00;
    2564 : 00;
    2565 : 00;
    2566 : 00;
    2567 : 00;
    2568 : 00;
    2569 : 00;
    2570 : 00;
    2571 : 00;
    2572 : 00;
    2573 : 00;
    2574 : 00;
    2575 : 00;
    2576 : 00;
    2577 : 00;
    2578 : 00;
    2579 : 00;
    2580 : 00;
    2581 : 00;
    2582 : 00;
    2583 : 00;
    2584 : 00;
    2585 : 00;
    2586 : 00;
    2587 : 00;
    2588 : 00;
    2589 : 00;
    2590 : 00;
    2591 : 00;
    2592 : 00;
    2593 : 00;
    2594 : 00;
    2595 : 24;
    2596 : 68;
    2597 : 68;
    2598 : 68;
    2599 : 24;
    2600 : 24;
    2601 : 00;
    2602 : 00;
    2603 : 00;
    2604 : 00;
    2605 : 00;
    2606 : 00;
    2607 : 00;
    2608 : 00;
    2609 : 00;
    2610 : 24;
    2611 : 44;
    2612 : 88;
    2613 : 88;
    2614 : 88;
    2615 : 88;
    2616 : 88;
    2617 : 24;
    2618 : 00;
    2619 : 00;
    2620 : 00;
    2621 : 00;
    2622 : 00;
    2623 : 00;
    2624 : 00;
    2625 : 24;
    2626 : 24;
    2627 : 68;
    2628 : 88;
    2629 : 88;
    2630 : 88;
    2631 : 88;
    2632 : 24;
    2633 : 88;
    2634 : 24;
    2635 : 00;
    2636 : 00;
    2637 : 00;
    2638 : 00;
    2639 : 24;
    2640 : 00;
    2641 : 44;
    2642 : 44;
    2643 : 44;
    2644 : 24;
    2645 : 88;
    2646 : FF;
    2647 : 88;
    2648 : 24;
    2649 : 88;
    2650 : 88;
    2651 : 24;
    2652 : 00;
    2653 : 00;
    2654 : 24;
    2655 : 24;
    2656 : 24;
    2657 : 44;
    2658 : 44;
    2659 : 44;
    2660 : 44;
    2661 : 88;
    2662 : 88;
    2663 : 88;
    2664 : 24;
    2665 : 44;
    2666 : 88;
    2667 : 24;
    2668 : 24;
    2669 : 44;
    2670 : 88;
    2671 : 24;
    2672 : 24;
    2673 : 44;
    2674 : 24;
    2675 : 44;
    2676 : 24;
    2677 : 24;
    2678 : 88;
    2679 : 44;
    2680 : 24;
    2681 : 88;
    2682 : 24;
    2683 : 88;
    2684 : 24;
    2685 : 88;
    2686 : 24;
    2687 : 00;
    2688 : 00;
    2689 : 00;
    2690 : 00;
    2691 : 24;
    2692 : 44;
    2693 : 88;
    2694 : 88;
    2695 : 24;
    2696 : 24;
    2697 : 44;
    2698 : 88;
    2699 : 88;
    2700 : 88;
    2701 : 24;
    2702 : 00;
    2703 : 00;
    2704 : 00;
    2705 : 00;
    2706 : 24;
    2707 : 24;
    2708 : 24;
    2709 : 24;
    2710 : 24;
    2711 : 88;
    2712 : 88;
    2713 : 68;
    2714 : 88;
    2715 : 88;
    2716 : 88;
    2717 : 24;
    2718 : 00;
    2719 : 00;
    2720 : 00;
    2721 : 00;
    2722 : 24;
    2723 : 44;
    2724 : 44;
    2725 : 88;
    2726 : 88;
    2727 : 88;
    2728 : 88;
    2729 : 88;
    2730 : 88;
    2731 : 88;
    2732 : 88;
    2733 : 24;
    2734 : 00;
    2735 : 00;
    2736 : 00;
    2737 : 00;
    2738 : 24;
    2739 : 44;
    2740 : 44;
    2741 : 88;
    2742 : 88;
    2743 : 88;
    2744 : 88;
    2745 : 88;
    2746 : 88;
    2747 : 24;
    2748 : 88;
    2749 : 24;
    2750 : 00;
    2751 : 00;
    2752 : 00;
    2753 : 00;
    2754 : 24;
    2755 : 64;
    2756 : 44;
    2757 : 44;
    2758 : 88;
    2759 : 88;
    2760 : 24;
    2761 : 44;
    2762 : 24;
    2763 : 00;
    2764 : 68;
    2765 : 24;
    2766 : 00;
    2767 : 00;
    2768 : 00;
    2769 : 00;
    2770 : 24;
    2771 : 44;
    2772 : 24;
    2773 : 24;
    2774 : 88;
    2775 : 88;
    2776 : 24;
    2777 : 00;
    2778 : 00;
    2779 : 00;
    2780 : 00;
    2781 : 00;
    2782 : 00;
    2783 : 00;
    2784 : 00;
    2785 : 00;
    2786 : 00;
    2787 : 24;
    2788 : 24;
    2789 : 00;
    2790 : 44;
    2791 : 24;
    2792 : 24;
    2793 : 00;
    2794 : 00;
    2795 : 00;
    2796 : 00;
    2797 : 00;
    2798 : 00;
    2799 : 00;
    2800 : 00;
    2801 : 00;
    2802 : 00;
    2803 : 00;
    2804 : 00;
    2805 : 00;
    2806 : 00;
    2807 : 00;
    2808 : 00;
    2809 : 00;
    2810 : 00;
    2811 : 00;
    2812 : 00;
    2813 : 00;
    2814 : 00;
    2815 : 00;
    2816 : 00;
    2817 : 00;
    2818 : 00;
    2819 : 00;
    2820 : 00;
    2821 : 00;
    2822 : 00;
    2823 : 00;
    2824 : 00;
    2825 : 00;
    2826 : 00;
    2827 : 00;
    2828 : 00;
    2829 : 00;
    2830 : 00;
    2831 : 00;
    2832 : 00;
    2833 : 00;
    2834 : 00;
    2835 : 00;
    2836 : 00;
    2837 : 00;
    2838 : 00;
    2839 : DB;
    2840 : DB;
    2841 : 00;
    2842 : 00;
    2843 : 00;
    2844 : 00;
    2845 : 00;
    2846 : 00;
    2847 : 00;
    2848 : 00;
    2849 : 00;
    2850 : 00;
    2851 : 00;
    2852 : 00;
    2853 : 00;
    2854 : 4D;
    2855 : D9;
    2856 : D9;
    2857 : B9;
    2858 : 24;
    2859 : 00;
    2860 : 00;
    2861 : 00;
    2862 : 00;
    2863 : 00;
    2864 : 00;
    2865 : 00;
    2866 : 00;
    2867 : 00;
    2868 : 00;
    2869 : D9;
    2870 : 75;
    2871 : 51;
    2872 : 51;
    2873 : D9;
    2874 : 24;
    2875 : 00;
    2876 : 00;
    2877 : 00;
    2878 : 00;
    2879 : 00;
    2880 : 00;
    2881 : 00;
    2882 : 00;
    2883 : 00;
    2884 : 92;
    2885 : 24;
    2886 : D9;
    2887 : 95;
    2888 : 95;
    2889 : B9;
    2890 : D9;
    2891 : 95;
    2892 : B9;
    2893 : 00;
    2894 : 00;
    2895 : 00;
    2896 : 00;
    2897 : 00;
    2898 : 00;
    2899 : 00;
    2900 : D9;
    2901 : 75;
    2902 : 99;
    2903 : 24;
    2904 : 24;
    2905 : 95;
    2906 : B9;
    2907 : 99;
    2908 : D9;
    2909 : 00;
    2910 : 00;
    2911 : 00;
    2912 : 00;
    2913 : 00;
    2914 : 00;
    2915 : B9;
    2916 : B9;
    2917 : 51;
    2918 : D9;
    2919 : D9;
    2920 : 99;
    2921 : 24;
    2922 : 95;
    2923 : 51;
    2924 : 51;
    2925 : 92;
    2926 : 00;
    2927 : 00;
    2928 : 00;
    2929 : 00;
    2930 : 00;
    2931 : 51;
    2932 : 95;
    2933 : 95;
    2934 : 95;
    2935 : 95;
    2936 : 95;
    2937 : B9;
    2938 : 24;
    2939 : 51;
    2940 : 51;
    2941 : 24;
    2942 : 00;
    2943 : 00;
    2944 : 00;
    2945 : 00;
    2946 : 00;
    2947 : 51;
    2948 : 51;
    2949 : 95;
    2950 : 95;
    2951 : 95;
    2952 : 95;
    2953 : 95;
    2954 : 95;
    2955 : 95;
    2956 : D9;
    2957 : B9;
    2958 : 00;
    2959 : 00;
    2960 : 00;
    2961 : 00;
    2962 : 51;
    2963 : 95;
    2964 : 95;
    2965 : 95;
    2966 : 75;
    2967 : 51;
    2968 : 95;
    2969 : 51;
    2970 : 75;
    2971 : 95;
    2972 : 24;
    2973 : 95;
    2974 : 00;
    2975 : 00;
    2976 : 00;
    2977 : 00;
    2978 : 00;
    2979 : 28;
    2980 : 48;
    2981 : 24;
    2982 : 51;
    2983 : 24;
    2984 : 51;
    2985 : 51;
    2986 : 28;
    2987 : 28;
    2988 : 28;
    2989 : 24;
    2990 : 00;
    2991 : 00;
    2992 : 00;
    2993 : 00;
    2994 : 00;
    2995 : 00;
    2996 : 00;
    2997 : 00;
    2998 : 24;
    2999 : 48;
    3000 : 68;
    3001 : 24;
    3002 : 24;
    3003 : 00;
    3004 : 00;
    3005 : 00;
    3006 : 00;
    3007 : 00;
    3008 : 00;
    3009 : 00;
    3010 : 00;
    3011 : 00;
    3012 : 00;
    3013 : 00;
    3014 : 00;
    3015 : AD;
    3016 : CD;
    3017 : 8D;
    3018 : 00;
    3019 : 00;
    3020 : 00;
    3021 : 00;
    3022 : 00;
    3023 : 00;
    3024 : 00;
    3025 : 00;
    3026 : 00;
    3027 : 00;
    3028 : 00;
    3029 : 00;
    3030 : 00;
    3031 : AD;
    3032 : 8D;
    3033 : 8D;
    3034 : 00;
    3035 : 00;
    3036 : 00;
    3037 : 00;
    3038 : 00;
    3039 : 00;
    3040 : 00;
    3041 : 00;
    3042 : 00;
    3043 : 00;
    3044 : 00;
    3045 : 00;
    3046 : CD;
    3047 : 24;
    3048 : 24;
    3049 : CD;
    3050 : CC;
    3051 : 00;
    3052 : 00;
    3053 : 00;
    3054 : 00;
    3055 : 00;
    3056 : 00;
    3057 : 00;
    3058 : 00;
    3059 : 00;
    3060 : 00;
    3061 : 00;
    3062 : 00;
    3063 : 00;
    3064 : 00;
    3065 : 00;
    3066 : 00;
    3067 : 00;
    3068 : 00;
    3069 : 00;
    3070 : 00;
    3071 : 00;
    3072 : 00;
    3073 : 00;
    3074 : 00;
    3075 : 00;
    3076 : 00;
    3077 : 00;
    3078 : 00;
    3079 : 00;
    3080 : 00;
    3081 : 00;
    3082 : 00;
    3083 : 00;
    3084 : 00;
    3085 : 00;
    3086 : 00;
    3087 : 00;
    3088 : 00;
    3089 : 00;
    3090 : 00;
    3091 : 00;
    3092 : 00;
    3093 : 28;
    3094 : 28;
    3095 : 00;
    3096 : 00;
    3097 : 00;
    3098 : 00;
    3099 : 00;
    3100 : 00;
    3101 : 00;
    3102 : 00;
    3103 : 00;
    3104 : 00;
    3105 : 00;
    3106 : 00;
    3107 : 00;
    3108 : 00;
    3109 : 28;
    3110 : 4C;
    3111 : 28;
    3112 : 00;
    3113 : 00;
    3114 : 28;
    3115 : 00;
    3116 : 00;
    3117 : 00;
    3118 : 00;
    3119 : 00;
    3120 : 00;
    3121 : 00;
    3122 : 00;
    3123 : 00;
    3124 : 00;
    3125 : 28;
    3126 : 75;
    3127 : 4C;
    3128 : 00;
    3129 : 4C;
    3130 : 28;
    3131 : 00;
    3132 : 00;
    3133 : 00;
    3134 : 00;
    3135 : 00;
    3136 : 00;
    3137 : 00;
    3138 : 00;
    3139 : 00;
    3140 : 00;
    3141 : 28;
    3142 : 4C;
    3143 : 4C;
    3144 : 75;
    3145 : 75;
    3146 : 00;
    3147 : 00;
    3148 : 00;
    3149 : 00;
    3150 : 00;
    3151 : 00;
    3152 : 00;
    3153 : 00;
    3154 : 00;
    3155 : 4C;
    3156 : 00;
    3157 : 28;
    3158 : 4C;
    3159 : 4C;
    3160 : 75;
    3161 : 28;
    3162 : 00;
    3163 : 28;
    3164 : 00;
    3165 : 00;
    3166 : 00;
    3167 : 00;
    3168 : 00;
    3169 : 00;
    3170 : 00;
    3171 : 00;
    3172 : 4C;
    3173 : 28;
    3174 : 4C;
    3175 : 4C;
    3176 : 4C;
    3177 : 28;
    3178 : 4C;
    3179 : 55;
    3180 : 00;
    3181 : 00;
    3182 : 00;
    3183 : 00;
    3184 : 00;
    3185 : 00;
    3186 : 00;
    3187 : 00;
    3188 : 00;
    3189 : 75;
    3190 : 28;
    3191 : 28;
    3192 : 4C;
    3193 : 4C;
    3194 : 00;
    3195 : 00;
    3196 : 00;
    3197 : 00;
    3198 : 00;
    3199 : 00;
    3200 : 00;
    3201 : 00;
    3202 : 00;
    3203 : 00;
    3204 : 00;
    3205 : 00;
    3206 : 75;
    3207 : 28;
    3208 : 28;
    3209 : 28;
    3210 : 4C;
    3211 : 00;
    3212 : 00;
    3213 : 00;
    3214 : 00;
    3215 : 00;
    3216 : 00;
    3217 : 00;
    3218 : 00;
    3219 : 75;
    3220 : 75;
    3221 : 28;
    3222 : 28;
    3223 : 75;
    3224 : 28;
    3225 : 4C;
    3226 : 00;
    3227 : 00;
    3228 : 00;
    3229 : 00;
    3230 : 00;
    3231 : 00;
    3232 : 00;
    3233 : 00;
    3234 : 00;
    3235 : 00;
    3236 : 00;
    3237 : 28;
    3238 : 4C;
    3239 : 4C;
    3240 : 4C;
    3241 : 28;
    3242 : 00;
    3243 : 00;
    3244 : 00;
    3245 : 00;
    3246 : 00;
    3247 : 00;
    3248 : 00;
    3249 : 00;
    3250 : 00;
    3251 : 00;
    3252 : 00;
    3253 : 00;
    3254 : 4C;
    3255 : 28;
    3256 : 28;
    3257 : 00;
    3258 : 00;
    3259 : 00;
    3260 : 00;
    3261 : 00;
    3262 : 00;
    3263 : 00;
    3264 : 00;
    3265 : 00;
    3266 : 00;
    3267 : 00;
    3268 : 00;
    3269 : 24;
    3270 : 24;
    3271 : 24;
    3272 : 24;
    3273 : 24;
    3274 : 24;
    3275 : 00;
    3276 : 00;
    3277 : 00;
    3278 : 00;
    3279 : 00;
    3280 : 00;
    3281 : 00;
    3282 : 00;
    3283 : 00;
    3284 : 00;
    3285 : 00;
    3286 : 24;
    3287 : 24;
    3288 : 24;
    3289 : 24;
    3290 : 00;
    3291 : 00;
    3292 : 00;
    3293 : 00;
    3294 : 00;
    3295 : 00;
    3296 : 00;
    3297 : 00;
    3298 : 00;
    3299 : 00;
    3300 : 00;
    3301 : 00;
    3302 : 8D;
    3303 : F1;
    3304 : 8D;
    3305 : 48;
    3306 : 00;
    3307 : 00;
    3308 : 00;
    3309 : 00;
    3310 : 00;
    3311 : 00;
    3312 : 00;
    3313 : 00;
    3314 : 00;
    3315 : 00;
    3316 : 00;
    3317 : 00;
    3318 : 8D;
    3319 : F1;
    3320 : 48;
    3321 : 24;
    3322 : 00;
    3323 : 00;
    3324 : 00;
    3325 : 00;
    3326 : 00;
    3327 : 00;
    3328 : 00;
    3329 : 00;
    3330 : 00;
    3331 : 00;
    3332 : 00;
    3333 : 00;
    3334 : 00;
    3335 : 00;
    3336 : 00;
    3337 : 00;
    3338 : 00;
    3339 : 00;
    3340 : 00;
    3341 : 00;
    3342 : 00;
    3343 : 00;
    3344 : 00;
    3345 : 00;
    3346 : 00;
    3347 : 00;
    3348 : 00;
    3349 : 00;
    3350 : 00;
    3351 : 00;
    3352 : 00;
    3353 : 00;
    3354 : 00;
    3355 : 00;
    3356 : 00;
    3357 : 00;
    3358 : 00;
    3359 : 00;
    3360 : 00;
    3361 : 00;
    3362 : 00;
    3363 : 00;
    3364 : 92;
    3365 : 92;
    3366 : 29;
    3367 : 29;
    3368 : 29;
    3369 : 48;
    3370 : 92;
    3371 : 92;
    3372 : 00;
    3373 : 00;
    3374 : 00;
    3375 : 00;
    3376 : 00;
    3377 : 00;
    3378 : 00;
    3379 : 24;
    3380 : 33;
    3381 : 57;
    3382 : 57;
    3383 : 57;
    3384 : 9A;
    3385 : D9;
    3386 : D9;
    3387 : D9;
    3388 : 24;
    3389 : 00;
    3390 : 00;
    3391 : 00;
    3392 : 00;
    3393 : 00;
    3394 : 24;
    3395 : 33;
    3396 : 57;
    3397 : 57;
    3398 : 57;
    3399 : 77;
    3400 : D9;
    3401 : D9;
    3402 : D9;
    3403 : D9;
    3404 : B5;
    3405 : 24;
    3406 : 00;
    3407 : 00;
    3408 : 00;
    3409 : 00;
    3410 : 24;
    3411 : 33;
    3412 : 57;
    3413 : 57;
    3414 : 57;
    3415 : 77;
    3416 : B9;
    3417 : D9;
    3418 : B5;
    3419 : B5;
    3420 : B5;
    3421 : 24;
    3422 : 00;
    3423 : 00;
    3424 : 00;
    3425 : 24;
    3426 : 33;
    3427 : 57;
    3428 : 57;
    3429 : 57;
    3430 : 57;
    3431 : 95;
    3432 : 57;
    3433 : B5;
    3434 : B5;
    3435 : B5;
    3436 : B5;
    3437 : B5;
    3438 : 24;
    3439 : 00;
    3440 : 00;
    3441 : 24;
    3442 : 33;
    3443 : 57;
    3444 : 57;
    3445 : 57;
    3446 : D9;
    3447 : D9;
    3448 : 9A;
    3449 : 33;
    3450 : 33;
    3451 : 95;
    3452 : 95;
    3453 : B5;
    3454 : 24;
    3455 : 00;
    3456 : 00;
    3457 : 24;
    3458 : 33;
    3459 : 33;
    3460 : 57;
    3461 : D9;
    3462 : D9;
    3463 : B5;
    3464 : B9;
    3465 : B5;
    3466 : B5;
    3467 : 75;
    3468 : 4D;
    3469 : 95;
    3470 : 24;
    3471 : 00;
    3472 : 00;
    3473 : 24;
    3474 : D9;
    3475 : 33;
    3476 : 33;
    3477 : B5;
    3478 : B5;
    3479 : 95;
    3480 : B5;
    3481 : B5;
    3482 : B5;
    3483 : B5;
    3484 : 2E;
    3485 : 2E;
    3486 : 24;
    3487 : 00;
    3488 : 00;
    3489 : 00;
    3490 : 24;
    3491 : D9;
    3492 : 33;
    3493 : 33;
    3494 : 33;
    3495 : 52;
    3496 : B5;
    3497 : B5;
    3498 : B5;
    3499 : 2E;
    3500 : 2E;
    3501 : 24;
    3502 : 00;
    3503 : 00;
    3504 : 00;
    3505 : 00;
    3506 : 24;
    3507 : 95;
    3508 : D9;
    3509 : 33;
    3510 : 33;
    3511 : 52;
    3512 : B5;
    3513 : B5;
    3514 : 2E;
    3515 : 2E;
    3516 : 2E;
    3517 : 24;
    3518 : 00;
    3519 : 00;
    3520 : 00;
    3521 : 00;
    3522 : 00;
    3523 : 24;
    3524 : 95;
    3525 : 95;
    3526 : 33;
    3527 : 52;
    3528 : 95;
    3529 : 2E;
    3530 : 2E;
    3531 : 2E;
    3532 : 24;
    3533 : 00;
    3534 : 00;
    3535 : 00;
    3536 : 00;
    3537 : 00;
    3538 : 00;
    3539 : 00;
    3540 : 24;
    3541 : 24;
    3542 : 2E;
    3543 : 2E;
    3544 : 2E;
    3545 : 2E;
    3546 : 24;
    3547 : 24;
    3548 : 00;
    3549 : 00;
    3550 : 00;
    3551 : 00;
    3552 : 00;
    3553 : 00;
    3554 : 00;
    3555 : 00;
    3556 : 00;
    3557 : 00;
    3558 : 00;
    3559 : 00;
    3560 : 00;
    3561 : 00;
    3562 : 00;
    3563 : 00;
    3564 : 00;
    3565 : 00;
    3566 : 00;
    3567 : 00;
    3568 : 00;
    3569 : 00;
    3570 : 00;
    3571 : 00;
    3572 : 00;
    3573 : 00;
    3574 : 00;
    3575 : 00;
    3576 : 00;
    3577 : 00;
    3578 : 00;
    3579 : 00;
    3580 : 00;
    3581 : 00;
    3582 : 00;
    3583 : 00;
    3584 : 00;
    3585 : 00;
    3586 : 00;
    3587 : 00;
    3588 : 00;
    3589 : 68;
    3590 : 6D;
    3591 : 6D;
    3592 : 8D;
    3593 : 6D;
    3594 : 69;
    3595 : 00;
    3596 : 00;
    3597 : 00;
    3598 : 00;
    3599 : 00;
    3600 : 00;
    3601 : 00;
    3602 : 00;
    3603 : 00;
    3604 : 68;
    3605 : 8D;
    3606 : 8D;
    3607 : B1;
    3608 : B6;
    3609 : B1;
    3610 : 88;
    3611 : 44;
    3612 : 00;
    3613 : 00;
    3614 : 00;
    3615 : 00;
    3616 : 00;
    3617 : 00;
    3618 : 00;
    3619 : 68;
    3620 : B1;
    3621 : D5;
    3622 : DA;
    3623 : D6;
    3624 : D6;
    3625 : 88;
    3626 : 64;
    3627 : 64;
    3628 : 44;
    3629 : 00;
    3630 : 00;
    3631 : 00;
    3632 : 00;
    3633 : 00;
    3634 : 68;
    3635 : 8C;
    3636 : D6;
    3637 : FA;
    3638 : D6;
    3639 : FA;
    3640 : AC;
    3641 : A8;
    3642 : 88;
    3643 : D5;
    3644 : 8D;
    3645 : 44;
    3646 : 00;
    3647 : 00;
    3648 : 00;
    3649 : 8D;
    3650 : D1;
    3651 : FA;
    3652 : FA;
    3653 : FE;
    3654 : F1;
    3655 : F1;
    3656 : F9;
    3657 : F5;
    3658 : F1;
    3659 : CC;
    3660 : 64;
    3661 : 44;
    3662 : 20;
    3663 : 00;
    3664 : 68;
    3665 : B1;
    3666 : D6;
    3667 : FA;
    3668 : FA;
    3669 : FA;
    3670 : CC;
    3671 : F0;
    3672 : FA;
    3673 : F5;
    3674 : CC;
    3675 : A8;
    3676 : 64;
    3677 : AC;
    3678 : 68;
    3679 : 00;
    3680 : 68;
    3681 : B6;
    3682 : D6;
    3683 : FA;
    3684 : F1;
    3685 : C8;
    3686 : F1;
    3687 : F5;
    3688 : F1;
    3689 : F0;
    3690 : A8;
    3691 : 84;
    3692 : AC;
    3693 : 88;
    3694 : 8D;
    3695 : 00;
    3696 : 8D;
    3697 : B6;
    3698 : FA;
    3699 : FA;
    3700 : A8;
    3701 : F0;
    3702 : F9;
    3703 : F9;
    3704 : CC;
    3705 : A8;
    3706 : CC;
    3707 : A8;
    3708 : F6;
    3709 : B6;
    3710 : 88;
    3711 : 00;
    3712 : 6D;
    3713 : D5;
    3714 : D1;
    3715 : A8;
    3716 : FA;
    3717 : F5;
    3718 : F0;
    3719 : A4;
    3720 : F5;
    3721 : FA;
    3722 : F9;
    3723 : FA;
    3724 : AD;
    3725 : AC;
    3726 : 8D;
    3727 : 00;
    3728 : 8D;
    3729 : AC;
    3730 : A8;
    3731 : F5;
    3732 : F1;
    3733 : F0;
    3734 : 84;
    3735 : F9;
    3736 : E8;
    3737 : F0;
    3738 : CC;
    3739 : FA;
    3740 : D1;
    3741 : B1;
    3742 : 68;
    3743 : 00;
    3744 : 68;
    3745 : 88;
    3746 : D1;
    3747 : F5;
    3748 : F1;
    3749 : 64;
    3750 : A8;
    3751 : C8;
    3752 : F0;
    3753 : EC;
    3754 : F5;
    3755 : FA;
    3756 : AD;
    3757 : D5;
    3758 : 44;
    3759 : 00;
    3760 : 00;
    3761 : 68;
    3762 : B1;
    3763 : AC;
    3764 : 84;
    3765 : F1;
    3766 : F5;
    3767 : A4;
    3768 : E8;
    3769 : F0;
    3770 : F5;
    3771 : D5;
    3772 : 8D;
    3773 : 8D;
    3774 : 44;
    3775 : 00;
    3776 : 00;
    3777 : 00;
    3778 : 64;
    3779 : 64;
    3780 : AC;
    3781 : 84;
    3782 : A8;
    3783 : F5;
    3784 : D1;
    3785 : D1;
    3786 : 8C;
    3787 : AD;
    3788 : 44;
    3789 : 44;
    3790 : 00;
    3791 : 00;
    3792 : 00;
    3793 : 00;
    3794 : 00;
    3795 : 20;
    3796 : 84;
    3797 : B1;
    3798 : D6;
    3799 : D1;
    3800 : AC;
    3801 : 88;
    3802 : AD;
    3803 : 8D;
    3804 : 44;
    3805 : 00;
    3806 : 00;
    3807 : 00;
    3808 : 00;
    3809 : 00;
    3810 : 00;
    3811 : 00;
    3812 : 68;
    3813 : 8D;
    3814 : 8D;
    3815 : AD;
    3816 : 88;
    3817 : 8C;
    3818 : 6D;
    3819 : 48;
    3820 : 00;
    3821 : 00;
    3822 : 00;
    3823 : 00;
    3824 : 00;
    3825 : 00;
    3826 : 00;
    3827 : 00;
    3828 : 00;
    3829 : 00;
    3830 : 00;
    3831 : 00;
    3832 : 00;
    3833 : 00;
    3834 : 00;
    3835 : 00;
    3836 : 00;
    3837 : 00;
    3838 : 00;
    3839 : 00;
    3840 : 00;
    3841 : 00;
    3842 : 00;
    3843 : 00;
    3844 : 00;
    3845 : 00;
    3846 : 00;
    3847 : 00;
    3848 : 00;
    3849 : 00;
    3850 : 00;
    3851 : 00;
    3852 : 00;
    3853 : 00;
    3854 : 00;
    3855 : 00;
    3856 : 00;
    3857 : 00;
    3858 : 00;
    3859 : 00;
    3860 : 00;
    3861 : 00;
    3862 : 00;
    3863 : 00;
    3864 : 00;
    3865 : 00;
    3866 : 00;
    3867 : 00;
    3868 : 00;
    3869 : 00;
    3870 : 00;
    3871 : 00;
    3872 : 00;
    3873 : 00;
    3874 : 00;
    3875 : 00;
    3876 : 00;
    3877 : 00;
    3878 : 00;
    3879 : 00;
    3880 : 00;
    3881 : 00;
    3882 : 00;
    3883 : 00;
    3884 : 00;
    3885 : 00;
    3886 : 00;
    3887 : 00;
    3888 : 00;
    3889 : 00;
    3890 : 00;
    3891 : 00;
    3892 : 00;
    3893 : 00;
    3894 : 00;
    3895 : 00;
    3896 : 00;
    3897 : 00;
    3898 : 00;
    3899 : 00;
    3900 : 00;
    3901 : 00;
    3902 : 00;
    3903 : 00;
    3904 : 00;
    3905 : 00;
    3906 : 00;
    3907 : 00;
    3908 : 00;
    3909 : 00;
    3910 : F0;
    3911 : F0;
    3912 : FE;
    3913 : FE;
    3914 : 00;
    3915 : FF;
    3916 : FF;
    3917 : FF;
    3918 : FF;
    3919 : 00;
    3920 : 00;
    3921 : 00;
    3922 : 00;
    3923 : 00;
    3924 : 00;
    3925 : F8;
    3926 : FA;
    3927 : FA;
    3928 : FA;
    3929 : F8;
    3930 : FE;
    3931 : 00;
    3932 : FF;
    3933 : FF;
    3934 : 00;
    3935 : FF;
    3936 : 00;
    3937 : 00;
    3938 : 49;
    3939 : FF;
    3940 : FE;
    3941 : FA;
    3942 : FA;
    3943 : FA;
    3944 : FA;
    3945 : F9;
    3946 : F8;
    3947 : F5;
    3948 : FF;
    3949 : FF;
    3950 : 00;
    3951 : FF;
    3952 : 00;
    3953 : FF;
    3954 : DB;
    3955 : FF;
    3956 : F8;
    3957 : F0;
    3958 : F0;
    3959 : F0;
    3960 : F0;
    3961 : F8;
    3962 : FA;
    3963 : FF;
    3964 : FF;
    3965 : 00;
    3966 : FF;
    3967 : 00;
    3968 : 00;
    3969 : 00;
    3970 : FF;
    3971 : 00;
    3972 : FE;
    3973 : F8;
    3974 : F9;
    3975 : F8;
    3976 : FF;
    3977 : FF;
    3978 : FF;
    3979 : F5;
    3980 : 00;
    3981 : 00;
    3982 : 00;
    3983 : 00;
    3984 : FF;
    3985 : FF;
    3986 : FF;
    3987 : 00;
    3988 : F5;
    3989 : FF;
    3990 : FF;
    3991 : FF;
    3992 : FA;
    3993 : FA;
    3994 : FF;
    3995 : FF;
    3996 : 00;
    3997 : 00;
    3998 : 00;
    3999 : 00;
    4000 : 00;
    4001 : FF;
    4002 : B6;
    4003 : 00;
    4004 : 00;
    4005 : FF;
    4006 : FF;
    4007 : F5;
    4008 : F5;
    4009 : F4;
    4010 : F5;
    4011 : 00;
    4012 : 00;
    4013 : 00;
    4014 : 00;
    4015 : 00;
    4016 : 00;
    4017 : 00;
    4018 : 00;
    4019 : 00;
    4020 : 00;
    4021 : 00;
    4022 : F5;
    4023 : F5;
    4024 : F5;
    4025 : F5;
    4026 : 00;
    4027 : 00;
    4028 : 00;
    4029 : 00;
    4030 : 00;
    4031 : 00;
    4032 : 00;
    4033 : 00;
    4034 : 00;
    4035 : 00;
    4036 : 00;
    4037 : 00;
    4038 : 00;
    4039 : 00;
    4040 : 00;
    4041 : 00;
    4042 : 00;
    4043 : 00;
    4044 : 00;
    4045 : 00;
    4046 : 00;
    4047 : 00;
    4048 : 00;
    4049 : 00;
    4050 : 00;
    4051 : 00;
    4052 : 00;
    4053 : 00;
    4054 : 00;
    4055 : 00;
    4056 : 00;
    4057 : 00;
    4058 : 00;
    4059 : 00;
    4060 : 00;
    4061 : 00;
    4062 : 00;
    4063 : 00;
    4064 : 00;
    4065 : 00;
    4066 : 00;
    4067 : 00;
    4068 : 00;
    4069 : 00;
    4070 : 00;
    4071 : 00;
    4072 : 00;
    4073 : 00;
    4074 : 00;
    4075 : 00;
    4076 : 00;
    4077 : 00;
    4078 : 00;
    4079 : 00;
    4080 : 00;
    4081 : 00;
    4082 : 00;
    4083 : 00;
    4084 : 00;
    4085 : 00;
    4086 : 00;
    4087 : 00;
    4088 : 00;
    4089 : 00;
    4090 : 00;
    4091 : 00;
    4092 : 00;
    4093 : 00;
    4094 : 00;
    4095 : 00;
    4096 : 00;
    4097 : 00;
    4098 : 00;
    4099 : 00;
    4100 : 00;
    4101 : 00;
    4102 : 00;
    4103 : 00;
    4104 : 00;
    4105 : 00;
    4106 : 00;
    4107 : 00;
    4108 : 00;
    4109 : 00;
    4110 : 00;
    4111 : 00;
    4112 : 00;
    4113 : 00;
    4114 : 00;
    4115 : 00;
    4116 : 00;
    4117 : 00;
    4118 : 00;
    4119 : 00;
    4120 : 00;
    4121 : 00;
    4122 : 00;
    4123 : 00;
    4124 : 00;
    4125 : 00;
    4126 : 00;
    4127 : 00;
    4128 : 00;
    4129 : 00;
    4130 : 00;
    4131 : 00;
    4132 : 00;
    4133 : 00;
    4134 : 00;
    4135 : F0;
    4136 : F8;
    4137 : 00;
    4138 : 00;
    4139 : 00;
    4140 : 00;
    4141 : 00;
    4142 : 00;
    4143 : 00;
    4144 : 00;
    4145 : 00;
    4146 : 00;
    4147 : F8;
    4148 : F8;
    4149 : 00;
    4150 : 00;
    4151 : 00;
    4152 : 00;
    4153 : 00;
    4154 : 00;
    4155 : F8;
    4156 : 00;
    4157 : 00;
    4158 : 00;
    4159 : 00;
    4160 : 00;
    4161 : 00;
    4162 : 00;
    4163 : F0;
    4164 : 00;
    4165 : 00;
    4166 : F4;
    4167 : F4;
    4168 : F8;
    4169 : F8;
    4170 : 00;
    4171 : 00;
    4172 : 00;
    4173 : 00;
    4174 : 00;
    4175 : 00;
    4176 : 00;
    4177 : 00;
    4178 : 00;
    4179 : 00;
    4180 : 00;
    4181 : F4;
    4182 : F4;
    4183 : F4;
    4184 : F8;
    4185 : F8;
    4186 : F8;
    4187 : 00;
    4188 : 00;
    4189 : 00;
    4190 : 00;
    4191 : 00;
    4192 : 00;
    4193 : 00;
    4194 : 00;
    4195 : 00;
    4196 : F4;
    4197 : F4;
    4198 : F8;
    4199 : F8;
    4200 : F8;
    4201 : F8;
    4202 : F8;
    4203 : F8;
    4204 : F8;
    4205 : 00;
    4206 : 00;
    4207 : 00;
    4208 : 00;
    4209 : 00;
    4210 : F8;
    4211 : 00;
    4212 : F4;
    4213 : F4;
    4214 : F8;
    4215 : F8;
    4216 : F8;
    4217 : F8;
    4218 : F8;
    4219 : F8;
    4220 : F8;
    4221 : F8;
    4222 : 00;
    4223 : 00;
    4224 : 00;
    4225 : 00;
    4226 : 00;
    4227 : 00;
    4228 : F4;
    4229 : F4;
    4230 : F4;
    4231 : F8;
    4232 : F8;
    4233 : F8;
    4234 : F8;
    4235 : F8;
    4236 : F4;
    4237 : 00;
    4238 : 00;
    4239 : 00;
    4240 : 00;
    4241 : 00;
    4242 : 00;
    4243 : 00;
    4244 : F4;
    4245 : F4;
    4246 : F4;
    4247 : F4;
    4248 : F8;
    4249 : F8;
    4250 : F8;
    4251 : F8;
    4252 : 00;
    4253 : 00;
    4254 : 00;
    4255 : 00;
    4256 : 00;
    4257 : 00;
    4258 : 00;
    4259 : F4;
    4260 : 00;
    4261 : 00;
    4262 : F4;
    4263 : F4;
    4264 : F4;
    4265 : F4;
    4266 : 00;
    4267 : 00;
    4268 : 00;
    4269 : 00;
    4270 : 00;
    4271 : 00;
    4272 : 00;
    4273 : 00;
    4274 : 00;
    4275 : F8;
    4276 : F8;
    4277 : 00;
    4278 : 00;
    4279 : 00;
    4280 : 00;
    4281 : 00;
    4282 : 00;
    4283 : F8;
    4284 : 00;
    4285 : 00;
    4286 : 00;
    4287 : 00;
    4288 : 00;
    4289 : 00;
    4290 : 00;
    4291 : 00;
    4292 : 00;
    4293 : 00;
    4294 : 00;
    4295 : F4;
    4296 : F8;
    4297 : 00;
    4298 : 00;
    4299 : 00;
    4300 : 00;
    4301 : 00;
    4302 : 00;
    4303 : 00;
    4304 : 00;
    4305 : 00;
    4306 : 00;
    4307 : 00;
    4308 : 00;
    4309 : 00;
    4310 : 00;
    4311 : 00;
    4312 : 00;
    4313 : 00;
    4314 : 00;
    4315 : 00;
    4316 : 00;
    4317 : 00;
    4318 : 00;
    4319 : 00;
    4320 : 00;
    4321 : 00;
    4322 : 00;
    4323 : 00;
    4324 : 00;
    4325 : 00;
    4326 : 00;
    4327 : 00;
    4328 : 00;
    4329 : 00;
    4330 : 00;
    4331 : 00;
    4332 : 00;
    4333 : 00;
    4334 : 00;
    4335 : 00;
    4336 : 00;
    4337 : 00;
    4338 : 00;
    4339 : 00;
    4340 : 00;
    4341 : 00;
    4342 : 00;
    4343 : 00;
    4344 : 00;
    4345 : 00;
    4346 : 00;
    4347 : 00;
    4348 : 00;
    4349 : 00;
    4350 : 00;
    4351 : 00;
    4352 : 00;
    4353 : 00;
    4354 : 00;
    4355 : 00;
    4356 : 00;
    4357 : 00;
    4358 : 00;
    4359 : 00;
    4360 : 00;
    4361 : 00;
    4362 : 00;
    4363 : 00;
    4364 : 00;
    4365 : 00;
    4366 : 00;
    4367 : 00;
    4368 : 00;
    4369 : 00;
    4370 : 00;
    4371 : 00;
    4372 : 00;
    4373 : 00;
    4374 : 00;
    4375 : 00;
    4376 : 00;
    4377 : 00;
    4378 : FF;
    4379 : DB;
    4380 : 00;
    4381 : 00;
    4382 : 00;
    4383 : 00;
    4384 : 00;
    4385 : 00;
    4386 : 00;
    4387 : 00;
    4388 : FF;
    4389 : DB;
    4390 : 00;
    4391 : 00;
    4392 : 00;
    4393 : 00;
    4394 : 24;
    4395 : DB;
    4396 : 24;
    4397 : 00;
    4398 : 00;
    4399 : 00;
    4400 : 00;
    4401 : 00;
    4402 : 00;
    4403 : 00;
    4404 : FF;
    4405 : 24;
    4406 : 00;
    4407 : 00;
    4408 : 00;
    4409 : 00;
    4410 : 00;
    4411 : FF;
    4412 : 24;
    4413 : 00;
    4414 : 00;
    4415 : 00;
    4416 : 00;
    4417 : 00;
    4418 : 00;
    4419 : 00;
    4420 : 24;
    4421 : 24;
    4422 : 00;
    4423 : 00;
    4424 : 00;
    4425 : 00;
    4426 : 24;
    4427 : DB;
    4428 : 00;
    4429 : 00;
    4430 : 00;
    4431 : 00;
    4432 : 00;
    4433 : 00;
    4434 : 00;
    4435 : 00;
    4436 : 00;
    4437 : DB;
    4438 : 24;
    4439 : DB;
    4440 : DB;
    4441 : DB;
    4442 : DB;
    4443 : 24;
    4444 : 00;
    4445 : 00;
    4446 : 00;
    4447 : 00;
    4448 : 00;
    4449 : 00;
    4450 : 00;
    4451 : 00;
    4452 : 00;
    4453 : 24;
    4454 : FF;
    4455 : DB;
    4456 : DB;
    4457 : DB;
    4458 : 24;
    4459 : 00;
    4460 : 00;
    4461 : 00;
    4462 : 00;
    4463 : 00;
    4464 : 00;
    4465 : 00;
    4466 : 00;
    4467 : 00;
    4468 : 00;
    4469 : 24;
    4470 : 24;
    4471 : 24;
    4472 : 24;
    4473 : 24;
    4474 : DB;
    4475 : 00;
    4476 : 00;
    4477 : 00;
    4478 : 00;
    4479 : 00;
    4480 : 00;
    4481 : 00;
    4482 : 00;
    4483 : 00;
    4484 : 00;
    4485 : 24;
    4486 : DB;
    4487 : 24;
    4488 : B6;
    4489 : DB;
    4490 : DB;
    4491 : 24;
    4492 : 24;
    4493 : 00;
    4494 : 00;
    4495 : 00;
    4496 : 00;
    4497 : 00;
    4498 : 00;
    4499 : 00;
    4500 : 00;
    4501 : 00;
    4502 : 24;
    4503 : 24;
    4504 : 24;
    4505 : 24;
    4506 : 24;
    4507 : 24;
    4508 : 00;
    4509 : 00;
    4510 : 00;
    4511 : 00;
    4512 : 00;
    4513 : 00;
    4514 : 00;
    4515 : 00;
    4516 : 00;
    4517 : 00;
    4518 : 00;
    4519 : 00;
    4520 : 25;
    4521 : 24;
    4522 : 24;
    4523 : 24;
    4524 : 00;
    4525 : 00;
    4526 : 00;
    4527 : 00;
    4528 : 00;
    4529 : 00;
    4530 : 00;
    4531 : 00;
    4532 : 00;
    4533 : 00;
    4534 : 00;
    4535 : 24;
    4536 : 25;
    4537 : 25;
    4538 : 24;
    4539 : 00;
    4540 : 00;
    4541 : 00;
    4542 : 00;
    4543 : 00;
    4544 : 00;
    4545 : 00;
    4546 : 00;
    4547 : 00;
    4548 : 00;
    4549 : 00;
    4550 : 00;
    4551 : 25;
    4552 : 25;
    4553 : 24;
    4554 : 24;
    4555 : 00;
    4556 : 00;
    4557 : 00;
    4558 : 00;
    4559 : 00;
    4560 : 00;
    4561 : 00;
    4562 : 00;
    4563 : 00;
    4564 : 00;
    4565 : 00;
    4566 : 24;
    4567 : 25;
    4568 : 25;
    4569 : 25;
    4570 : 25;
    4571 : 00;
    4572 : 00;
    4573 : 00;
    4574 : 00;
    4575 : 00;
    4576 : 00;
    4577 : 00;
    4578 : 00;
    4579 : 00;
    4580 : 00;
    4581 : 00;
    4582 : 25;
    4583 : 25;
    4584 : 24;
    4585 : 24;
    4586 : 24;
    4587 : 00;
    4588 : 00;
    4589 : 00;
    4590 : 00;
    4591 : 00;
    4592 : 00;
    4593 : 00;
    4594 : 00;
    4595 : 00;
    4596 : 00;
    4597 : 00;
    4598 : 00;
    4599 : 00;
    4600 : 00;
    4601 : 00;
    4602 : 00;
    4603 : 00;
    4604 : 00;
    4605 : 00;
    4606 : 00;
    4607 : 00;
    4608 : 00;
    4609 : 00;
    4610 : 00;
    4611 : 00;
    4612 : 24;
    4613 : 24;
    4614 : 24;
    4615 : 24;
    4616 : 24;
    4617 : 24;
    4618 : 00;
    4619 : 00;
    4620 : 00;
    4621 : 00;
    4622 : 00;
    4623 : 00;
    4624 : 00;
    4625 : 00;
    4626 : 00;
    4627 : 00;
    4628 : 24;
    4629 : 24;
    4630 : 24;
    4631 : 24;
    4632 : 24;
    4633 : 24;
    4634 : 00;
    4635 : 00;
    4636 : 00;
    4637 : 00;
    4638 : 00;
    4639 : 00;
    4640 : 00;
    4641 : 00;
    4642 : 24;
    4643 : 24;
    4644 : FF;
    4645 : FF;
    4646 : FF;
    4647 : FF;
    4648 : 24;
    4649 : 24;
    4650 : 24;
    4651 : 24;
    4652 : 00;
    4653 : 00;
    4654 : 00;
    4655 : 00;
    4656 : 00;
    4657 : 00;
    4658 : 24;
    4659 : 24;
    4660 : FF;
    4661 : FF;
    4662 : FF;
    4663 : FF;
    4664 : 24;
    4665 : 24;
    4666 : 24;
    4667 : 24;
    4668 : 00;
    4669 : 00;
    4670 : 00;
    4671 : 00;
    4672 : 24;
    4673 : 24;
    4674 : FF;
    4675 : FF;
    4676 : 24;
    4677 : 24;
    4678 : 24;
    4679 : 24;
    4680 : FF;
    4681 : FF;
    4682 : 24;
    4683 : 24;
    4684 : 24;
    4685 : 24;
    4686 : 00;
    4687 : 00;
    4688 : 24;
    4689 : 24;
    4690 : FF;
    4691 : FF;
    4692 : 24;
    4693 : 24;
    4694 : 24;
    4695 : 24;
    4696 : FF;
    4697 : FF;
    4698 : 24;
    4699 : 24;
    4700 : 24;
    4701 : 24;
    4702 : 00;
    4703 : 00;
    4704 : 24;
    4705 : 24;
    4706 : FF;
    4707 : FF;
    4708 : FF;
    4709 : FF;
    4710 : FF;
    4711 : FF;
    4712 : FF;
    4713 : FF;
    4714 : 24;
    4715 : 24;
    4716 : 24;
    4717 : 24;
    4718 : 00;
    4719 : 00;
    4720 : 24;
    4721 : 24;
    4722 : FF;
    4723 : FF;
    4724 : FF;
    4725 : FF;
    4726 : FF;
    4727 : FF;
    4728 : FF;
    4729 : FF;
    4730 : 24;
    4731 : 24;
    4732 : 24;
    4733 : 24;
    4734 : 00;
    4735 : 00;
    4736 : 24;
    4737 : 24;
    4738 : FF;
    4739 : FF;
    4740 : 24;
    4741 : 24;
    4742 : 24;
    4743 : 24;
    4744 : FF;
    4745 : FF;
    4746 : 24;
    4747 : 24;
    4748 : 24;
    4749 : 24;
    4750 : 00;
    4751 : 00;
    4752 : 24;
    4753 : 24;
    4754 : FF;
    4755 : FF;
    4756 : 24;
    4757 : 24;
    4758 : 24;
    4759 : 24;
    4760 : FF;
    4761 : FF;
    4762 : 24;
    4763 : 24;
    4764 : 24;
    4765 : 24;
    4766 : 00;
    4767 : 00;
    4768 : 24;
    4769 : 24;
    4770 : FF;
    4771 : FF;
    4772 : 24;
    4773 : 24;
    4774 : 24;
    4775 : 24;
    4776 : FF;
    4777 : FF;
    4778 : 24;
    4779 : 24;
    4780 : 24;
    4781 : 24;
    4782 : 00;
    4783 : 00;
    4784 : 24;
    4785 : 24;
    4786 : FF;
    4787 : FF;
    4788 : 24;
    4789 : 24;
    4790 : 24;
    4791 : 24;
    4792 : FF;
    4793 : FF;
    4794 : 24;
    4795 : 24;
    4796 : 24;
    4797 : 24;
    4798 : 00;
    4799 : 00;
    4800 : 24;
    4801 : 24;
    4802 : 24;
    4803 : 24;
    4804 : 24;
    4805 : 24;
    4806 : 24;
    4807 : 24;
    4808 : 24;
    4809 : 24;
    4810 : 24;
    4811 : 24;
    4812 : 24;
    4813 : 24;
    4814 : 00;
    4815 : 00;
    4816 : 24;
    4817 : 24;
    4818 : 24;
    4819 : 24;
    4820 : 24;
    4821 : 24;
    4822 : 24;
    4823 : 24;
    4824 : 24;
    4825 : 24;
    4826 : 24;
    4827 : 24;
    4828 : 24;
    4829 : 24;
    4830 : 00;
    4831 : 00;
    4832 : 00;
    4833 : 00;
    4834 : 00;
    4835 : 00;
    4836 : 00;
    4837 : 00;
    4838 : 00;
    4839 : 00;
    4840 : 00;
    4841 : 00;
    4842 : 00;
    4843 : 00;
    4844 : 00;
    4845 : 00;
    4846 : 00;
    4847 : 00;
    4848 : 00;
    4849 : 00;
    4850 : 00;
    4851 : 00;
    4852 : 00;
    4853 : 00;
    4854 : 00;
    4855 : 00;
    4856 : 00;
    4857 : 00;
    4858 : 00;
    4859 : 00;
    4860 : 00;
    4861 : 00;
    4862 : 00;
    4863 : 00;
    4864 : 24;
    4865 : 24;
    4866 : 24;
    4867 : 24;
    4868 : 24;
    4869 : 24;
    4870 : 24;
    4871 : 24;
    4872 : 24;
    4873 : 24;
    4874 : 00;
    4875 : 00;
    4876 : 00;
    4877 : 00;
    4878 : 00;
    4879 : 00;
    4880 : 24;
    4881 : 24;
    4882 : 24;
    4883 : 24;
    4884 : 24;
    4885 : 24;
    4886 : 24;
    4887 : 24;
    4888 : 24;
    4889 : 24;
    4890 : 00;
    4891 : 00;
    4892 : 00;
    4893 : 00;
    4894 : 00;
    4895 : 00;
    4896 : 24;
    4897 : 24;
    4898 : FF;
    4899 : FF;
    4900 : FF;
    4901 : FF;
    4902 : FF;
    4903 : FF;
    4904 : 24;
    4905 : 24;
    4906 : 24;
    4907 : 24;
    4908 : 00;
    4909 : 00;
    4910 : 00;
    4911 : 00;
    4912 : 24;
    4913 : 24;
    4914 : FF;
    4915 : FF;
    4916 : FF;
    4917 : FF;
    4918 : FF;
    4919 : FF;
    4920 : 24;
    4921 : 24;
    4922 : 24;
    4923 : 24;
    4924 : 00;
    4925 : 00;
    4926 : 00;
    4927 : 00;
    4928 : 24;
    4929 : 24;
    4930 : FF;
    4931 : FF;
    4932 : 24;
    4933 : 24;
    4934 : 24;
    4935 : 24;
    4936 : FF;
    4937 : FF;
    4938 : 24;
    4939 : 24;
    4940 : 24;
    4941 : 24;
    4942 : 00;
    4943 : 00;
    4944 : 24;
    4945 : 24;
    4946 : FF;
    4947 : FF;
    4948 : 24;
    4949 : 24;
    4950 : 24;
    4951 : 24;
    4952 : FF;
    4953 : FF;
    4954 : 24;
    4955 : 24;
    4956 : 24;
    4957 : 24;
    4958 : 00;
    4959 : 00;
    4960 : 24;
    4961 : 24;
    4962 : FF;
    4963 : FF;
    4964 : FF;
    4965 : FF;
    4966 : FF;
    4967 : FF;
    4968 : 24;
    4969 : 24;
    4970 : 24;
    4971 : 24;
    4972 : 00;
    4973 : 00;
    4974 : 00;
    4975 : 00;
    4976 : 24;
    4977 : 24;
    4978 : FF;
    4979 : FF;
    4980 : FF;
    4981 : FF;
    4982 : FF;
    4983 : FF;
    4984 : 24;
    4985 : 24;
    4986 : 24;
    4987 : 24;
    4988 : 00;
    4989 : 00;
    4990 : 00;
    4991 : 00;
    4992 : 24;
    4993 : 24;
    4994 : FF;
    4995 : FF;
    4996 : 24;
    4997 : 24;
    4998 : 24;
    4999 : 24;
    5000 : FF;
    5001 : FF;
    5002 : 24;
    5003 : 24;
    5004 : 24;
    5005 : 24;
    5006 : 00;
    5007 : 00;
    5008 : 24;
    5009 : 24;
    5010 : FF;
    5011 : FF;
    5012 : 24;
    5013 : 24;
    5014 : 24;
    5015 : 24;
    5016 : FF;
    5017 : FF;
    5018 : 24;
    5019 : 24;
    5020 : 24;
    5021 : 24;
    5022 : 00;
    5023 : 00;
    5024 : 24;
    5025 : 24;
    5026 : FF;
    5027 : FF;
    5028 : FF;
    5029 : FF;
    5030 : FF;
    5031 : FF;
    5032 : 24;
    5033 : 24;
    5034 : 24;
    5035 : 24;
    5036 : 00;
    5037 : 00;
    5038 : 00;
    5039 : 00;
    5040 : 24;
    5041 : 24;
    5042 : FF;
    5043 : FF;
    5044 : FF;
    5045 : FF;
    5046 : FF;
    5047 : FF;
    5048 : 24;
    5049 : 24;
    5050 : 24;
    5051 : 24;
    5052 : 00;
    5053 : 00;
    5054 : 00;
    5055 : 00;
    5056 : 24;
    5057 : 24;
    5058 : 24;
    5059 : 24;
    5060 : 24;
    5061 : 24;
    5062 : 24;
    5063 : 24;
    5064 : 24;
    5065 : 24;
    5066 : 00;
    5067 : 00;
    5068 : 00;
    5069 : 00;
    5070 : 00;
    5071 : 00;
    5072 : 24;
    5073 : 24;
    5074 : 24;
    5075 : 24;
    5076 : 24;
    5077 : 24;
    5078 : 24;
    5079 : 24;
    5080 : 24;
    5081 : 24;
    5082 : 00;
    5083 : 00;
    5084 : 00;
    5085 : 00;
    5086 : 00;
    5087 : 00;
    5088 : 00;
    5089 : 00;
    5090 : 00;
    5091 : 00;
    5092 : 00;
    5093 : 00;
    5094 : 00;
    5095 : 00;
    5096 : 00;
    5097 : 00;
    5098 : 00;
    5099 : 00;
    5100 : 00;
    5101 : 00;
    5102 : 00;
    5103 : 00;
    5104 : 00;
    5105 : 00;
    5106 : 00;
    5107 : 00;
    5108 : 00;
    5109 : 00;
    5110 : 00;
    5111 : 00;
    5112 : 00;
    5113 : 00;
    5114 : 00;
    5115 : 00;
    5116 : 00;
    5117 : 00;
    5118 : 00;
    5119 : 00;
    5120 : 00;
    5121 : 00;
    5122 : 00;
    5123 : 00;
    5124 : 24;
    5125 : 24;
    5126 : 24;
    5127 : 24;
    5128 : 24;
    5129 : 24;
    5130 : 24;
    5131 : 24;
    5132 : 24;
    5133 : 24;
    5134 : 00;
    5135 : 00;
    5136 : 00;
    5137 : 00;
    5138 : 00;
    5139 : 00;
    5140 : 24;
    5141 : 24;
    5142 : 24;
    5143 : 24;
    5144 : 24;
    5145 : 24;
    5146 : 24;
    5147 : 24;
    5148 : 24;
    5149 : 24;
    5150 : 00;
    5151 : 00;
    5152 : 00;
    5153 : 00;
    5154 : 24;
    5155 : 24;
    5156 : FF;
    5157 : FF;
    5158 : FF;
    5159 : FF;
    5160 : FF;
    5161 : FF;
    5162 : 24;
    5163 : 24;
    5164 : 24;
    5165 : 24;
    5166 : 00;
    5167 : 00;
    5168 : 00;
    5169 : 00;
    5170 : 24;
    5171 : 24;
    5172 : FF;
    5173 : FF;
    5174 : FF;
    5175 : FF;
    5176 : FF;
    5177 : FF;
    5178 : 24;
    5179 : 24;
    5180 : 24;
    5181 : 24;
    5182 : 00;
    5183 : 00;
    5184 : 24;
    5185 : 24;
    5186 : FF;
    5187 : FF;
    5188 : 24;
    5189 : 24;
    5190 : 24;
    5191 : 24;
    5192 : 24;
    5193 : 24;
    5194 : 24;
    5195 : 24;
    5196 : 24;
    5197 : 24;
    5198 : 00;
    5199 : 00;
    5200 : 24;
    5201 : 24;
    5202 : FF;
    5203 : FF;
    5204 : 24;
    5205 : 24;
    5206 : 24;
    5207 : 24;
    5208 : 24;
    5209 : 24;
    5210 : 24;
    5211 : 24;
    5212 : 24;
    5213 : 24;
    5214 : 00;
    5215 : 00;
    5216 : 24;
    5217 : 24;
    5218 : FF;
    5219 : FF;
    5220 : 24;
    5221 : 24;
    5222 : 24;
    5223 : 24;
    5224 : 00;
    5225 : 00;
    5226 : 00;
    5227 : 00;
    5228 : 00;
    5229 : 00;
    5230 : 00;
    5231 : 00;
    5232 : 24;
    5233 : 24;
    5234 : FF;
    5235 : FF;
    5236 : 24;
    5237 : 24;
    5238 : 24;
    5239 : 24;
    5240 : 00;
    5241 : 00;
    5242 : 00;
    5243 : 00;
    5244 : 00;
    5245 : 00;
    5246 : 00;
    5247 : 00;
    5248 : 24;
    5249 : 24;
    5250 : FF;
    5251 : FF;
    5252 : 24;
    5253 : 24;
    5254 : 24;
    5255 : 24;
    5256 : 24;
    5257 : 24;
    5258 : 24;
    5259 : 24;
    5260 : 24;
    5261 : 24;
    5262 : 00;
    5263 : 00;
    5264 : 24;
    5265 : 24;
    5266 : FF;
    5267 : FF;
    5268 : 24;
    5269 : 24;
    5270 : 24;
    5271 : 24;
    5272 : 24;
    5273 : 24;
    5274 : 24;
    5275 : 24;
    5276 : 24;
    5277 : 24;
    5278 : 00;
    5279 : 00;
    5280 : 00;
    5281 : 00;
    5282 : 24;
    5283 : 24;
    5284 : FF;
    5285 : FF;
    5286 : FF;
    5287 : FF;
    5288 : FF;
    5289 : FF;
    5290 : 24;
    5291 : 24;
    5292 : 24;
    5293 : 24;
    5294 : 00;
    5295 : 00;
    5296 : 00;
    5297 : 00;
    5298 : 24;
    5299 : 24;
    5300 : FF;
    5301 : FF;
    5302 : FF;
    5303 : FF;
    5304 : FF;
    5305 : FF;
    5306 : 24;
    5307 : 24;
    5308 : 24;
    5309 : 24;
    5310 : 00;
    5311 : 00;
    5312 : 00;
    5313 : 00;
    5314 : 00;
    5315 : 00;
    5316 : 24;
    5317 : 24;
    5318 : 24;
    5319 : 24;
    5320 : 24;
    5321 : 24;
    5322 : 24;
    5323 : 24;
    5324 : 24;
    5325 : 24;
    5326 : 00;
    5327 : 00;
    5328 : 00;
    5329 : 00;
    5330 : 00;
    5331 : 00;
    5332 : 24;
    5333 : 24;
    5334 : 24;
    5335 : 24;
    5336 : 24;
    5337 : 24;
    5338 : 24;
    5339 : 24;
    5340 : 24;
    5341 : 24;
    5342 : 00;
    5343 : 00;
    5344 : 00;
    5345 : 00;
    5346 : 00;
    5347 : 00;
    5348 : 00;
    5349 : 00;
    5350 : 00;
    5351 : 00;
    5352 : 00;
    5353 : 00;
    5354 : 00;
    5355 : 00;
    5356 : 00;
    5357 : 00;
    5358 : 00;
    5359 : 00;
    5360 : 00;
    5361 : 00;
    5362 : 00;
    5363 : 00;
    5364 : 00;
    5365 : 00;
    5366 : 00;
    5367 : 00;
    5368 : 00;
    5369 : 00;
    5370 : 00;
    5371 : 00;
    5372 : 00;
    5373 : 00;
    5374 : 00;
    5375 : 00;
    5376 : 24;
    5377 : 24;
    5378 : 24;
    5379 : 24;
    5380 : 24;
    5381 : 24;
    5382 : 24;
    5383 : 24;
    5384 : 24;
    5385 : 24;
    5386 : 00;
    5387 : 00;
    5388 : 00;
    5389 : 00;
    5390 : 00;
    5391 : 00;
    5392 : 24;
    5393 : 24;
    5394 : 24;
    5395 : 24;
    5396 : 24;
    5397 : 24;
    5398 : 24;
    5399 : 24;
    5400 : 24;
    5401 : 24;
    5402 : 00;
    5403 : 00;
    5404 : 00;
    5405 : 00;
    5406 : 00;
    5407 : 00;
    5408 : 24;
    5409 : 24;
    5410 : FF;
    5411 : FF;
    5412 : FF;
    5413 : FF;
    5414 : FF;
    5415 : FF;
    5416 : 24;
    5417 : 24;
    5418 : 24;
    5419 : 24;
    5420 : 00;
    5421 : 00;
    5422 : 00;
    5423 : 00;
    5424 : 24;
    5425 : 24;
    5426 : FF;
    5427 : FF;
    5428 : FF;
    5429 : FF;
    5430 : FF;
    5431 : FF;
    5432 : 24;
    5433 : 24;
    5434 : 24;
    5435 : 24;
    5436 : 00;
    5437 : 00;
    5438 : 00;
    5439 : 00;
    5440 : 24;
    5441 : 24;
    5442 : FF;
    5443 : FF;
    5444 : 24;
    5445 : 24;
    5446 : 24;
    5447 : 24;
    5448 : FF;
    5449 : FF;
    5450 : 24;
    5451 : 24;
    5452 : 24;
    5453 : 24;
    5454 : 00;
    5455 : 00;
    5456 : 24;
    5457 : 24;
    5458 : FF;
    5459 : FF;
    5460 : 24;
    5461 : 24;
    5462 : 24;
    5463 : 24;
    5464 : FF;
    5465 : FF;
    5466 : 24;
    5467 : 24;
    5468 : 24;
    5469 : 24;
    5470 : 00;
    5471 : 00;
    5472 : 24;
    5473 : 24;
    5474 : FF;
    5475 : FF;
    5476 : 24;
    5477 : 24;
    5478 : 24;
    5479 : 24;
    5480 : FF;
    5481 : FF;
    5482 : 24;
    5483 : 24;
    5484 : 24;
    5485 : 24;
    5486 : 00;
    5487 : 00;
    5488 : 24;
    5489 : 24;
    5490 : FF;
    5491 : FF;
    5492 : 24;
    5493 : 24;
    5494 : 24;
    5495 : 24;
    5496 : FF;
    5497 : FF;
    5498 : 24;
    5499 : 24;
    5500 : 24;
    5501 : 24;
    5502 : 00;
    5503 : 00;
    5504 : 24;
    5505 : 24;
    5506 : FF;
    5507 : FF;
    5508 : 24;
    5509 : 24;
    5510 : 24;
    5511 : 24;
    5512 : FF;
    5513 : FF;
    5514 : 24;
    5515 : 24;
    5516 : 24;
    5517 : 24;
    5518 : 00;
    5519 : 00;
    5520 : 24;
    5521 : 24;
    5522 : FF;
    5523 : FF;
    5524 : 24;
    5525 : 24;
    5526 : 24;
    5527 : 24;
    5528 : FF;
    5529 : FF;
    5530 : 24;
    5531 : 24;
    5532 : 24;
    5533 : 24;
    5534 : 00;
    5535 : 00;
    5536 : 24;
    5537 : 24;
    5538 : FF;
    5539 : FF;
    5540 : FF;
    5541 : FF;
    5542 : FF;
    5543 : FF;
    5544 : 24;
    5545 : 24;
    5546 : 24;
    5547 : 24;
    5548 : 00;
    5549 : 00;
    5550 : 00;
    5551 : 00;
    5552 : 24;
    5553 : 24;
    5554 : FF;
    5555 : FF;
    5556 : FF;
    5557 : FF;
    5558 : FF;
    5559 : FF;
    5560 : 24;
    5561 : 24;
    5562 : 24;
    5563 : 24;
    5564 : 00;
    5565 : 00;
    5566 : 00;
    5567 : 00;
    5568 : 24;
    5569 : 24;
    5570 : 24;
    5571 : 24;
    5572 : 24;
    5573 : 24;
    5574 : 24;
    5575 : 24;
    5576 : 24;
    5577 : 24;
    5578 : 00;
    5579 : 00;
    5580 : 00;
    5581 : 00;
    5582 : 00;
    5583 : 00;
    5584 : 24;
    5585 : 24;
    5586 : 24;
    5587 : 24;
    5588 : 24;
    5589 : 24;
    5590 : 24;
    5591 : 24;
    5592 : 24;
    5593 : 24;
    5594 : 00;
    5595 : 00;
    5596 : 00;
    5597 : 00;
    5598 : 00;
    5599 : 00;
    5600 : 00;
    5601 : 00;
    5602 : 00;
    5603 : 00;
    5604 : 00;
    5605 : 00;
    5606 : 00;
    5607 : 00;
    5608 : 00;
    5609 : 00;
    5610 : 00;
    5611 : 00;
    5612 : 00;
    5613 : 00;
    5614 : 00;
    5615 : 00;
    5616 : 00;
    5617 : 00;
    5618 : 00;
    5619 : 00;
    5620 : 00;
    5621 : 00;
    5622 : 00;
    5623 : 00;
    5624 : 00;
    5625 : 00;
    5626 : 00;
    5627 : 00;
    5628 : 00;
    5629 : 00;
    5630 : 00;
    5631 : 00;
    5632 : 24;
    5633 : 24;
    5634 : 24;
    5635 : 24;
    5636 : 24;
    5637 : 24;
    5638 : 24;
    5639 : 24;
    5640 : 24;
    5641 : 24;
    5642 : 24;
    5643 : 24;
    5644 : 24;
    5645 : 24;
    5646 : 00;
    5647 : 00;
    5648 : 24;
    5649 : 24;
    5650 : 24;
    5651 : 24;
    5652 : 24;
    5653 : 24;
    5654 : 24;
    5655 : 24;
    5656 : 24;
    5657 : 24;
    5658 : 24;
    5659 : 24;
    5660 : 24;
    5661 : 24;
    5662 : 00;
    5663 : 00;
    5664 : 24;
    5665 : 24;
    5666 : FF;
    5667 : FF;
    5668 : FF;
    5669 : FF;
    5670 : FF;
    5671 : FF;
    5672 : FF;
    5673 : FF;
    5674 : 24;
    5675 : 24;
    5676 : 24;
    5677 : 24;
    5678 : 00;
    5679 : 00;
    5680 : 24;
    5681 : 24;
    5682 : FF;
    5683 : FF;
    5684 : FF;
    5685 : FF;
    5686 : FF;
    5687 : FF;
    5688 : FF;
    5689 : FF;
    5690 : 24;
    5691 : 24;
    5692 : 24;
    5693 : 24;
    5694 : 00;
    5695 : 00;
    5696 : 24;
    5697 : 24;
    5698 : FF;
    5699 : FF;
    5700 : 24;
    5701 : 24;
    5702 : 24;
    5703 : 24;
    5704 : 24;
    5705 : 24;
    5706 : 24;
    5707 : 24;
    5708 : 24;
    5709 : 24;
    5710 : 00;
    5711 : 00;
    5712 : 24;
    5713 : 24;
    5714 : FF;
    5715 : FF;
    5716 : 24;
    5717 : 24;
    5718 : 24;
    5719 : 24;
    5720 : 24;
    5721 : 24;
    5722 : 24;
    5723 : 24;
    5724 : 24;
    5725 : 24;
    5726 : 00;
    5727 : 00;
    5728 : 24;
    5729 : 24;
    5730 : FF;
    5731 : FF;
    5732 : FF;
    5733 : FF;
    5734 : FF;
    5735 : FF;
    5736 : 24;
    5737 : 24;
    5738 : 24;
    5739 : 24;
    5740 : 00;
    5741 : 00;
    5742 : 00;
    5743 : 00;
    5744 : 24;
    5745 : 24;
    5746 : FF;
    5747 : FF;
    5748 : FF;
    5749 : FF;
    5750 : FF;
    5751 : FF;
    5752 : 24;
    5753 : 24;
    5754 : 24;
    5755 : 24;
    5756 : 00;
    5757 : 00;
    5758 : 00;
    5759 : 00;
    5760 : 24;
    5761 : 24;
    5762 : FF;
    5763 : FF;
    5764 : 24;
    5765 : 24;
    5766 : 24;
    5767 : 24;
    5768 : 24;
    5769 : 24;
    5770 : 24;
    5771 : 24;
    5772 : 24;
    5773 : 24;
    5774 : 00;
    5775 : 00;
    5776 : 24;
    5777 : 24;
    5778 : FF;
    5779 : FF;
    5780 : 24;
    5781 : 24;
    5782 : 24;
    5783 : 24;
    5784 : 24;
    5785 : 24;
    5786 : 24;
    5787 : 24;
    5788 : 24;
    5789 : 24;
    5790 : 00;
    5791 : 00;
    5792 : 24;
    5793 : 24;
    5794 : FF;
    5795 : FF;
    5796 : FF;
    5797 : FF;
    5798 : FF;
    5799 : FF;
    5800 : FF;
    5801 : FF;
    5802 : 24;
    5803 : 24;
    5804 : 24;
    5805 : 24;
    5806 : 00;
    5807 : 00;
    5808 : 24;
    5809 : 24;
    5810 : FF;
    5811 : FF;
    5812 : FF;
    5813 : FF;
    5814 : FF;
    5815 : FF;
    5816 : FF;
    5817 : FF;
    5818 : 24;
    5819 : 24;
    5820 : 24;
    5821 : 24;
    5822 : 00;
    5823 : 00;
    5824 : 24;
    5825 : 24;
    5826 : 24;
    5827 : 24;
    5828 : 24;
    5829 : 24;
    5830 : 24;
    5831 : 24;
    5832 : 24;
    5833 : 24;
    5834 : 24;
    5835 : 24;
    5836 : 24;
    5837 : 24;
    5838 : 00;
    5839 : 00;
    5840 : 24;
    5841 : 24;
    5842 : 24;
    5843 : 24;
    5844 : 24;
    5845 : 24;
    5846 : 24;
    5847 : 24;
    5848 : 24;
    5849 : 24;
    5850 : 24;
    5851 : 24;
    5852 : 24;
    5853 : 24;
    5854 : 00;
    5855 : 00;
    5856 : 00;
    5857 : 00;
    5858 : 00;
    5859 : 00;
    5860 : 00;
    5861 : 00;
    5862 : 00;
    5863 : 00;
    5864 : 00;
    5865 : 00;
    5866 : 00;
    5867 : 00;
    5868 : 00;
    5869 : 00;
    5870 : 00;
    5871 : 00;
    5872 : 00;
    5873 : 00;
    5874 : 00;
    5875 : 00;
    5876 : 00;
    5877 : 00;
    5878 : 00;
    5879 : 00;
    5880 : 00;
    5881 : 00;
    5882 : 00;
    5883 : 00;
    5884 : 00;
    5885 : 00;
    5886 : 00;
    5887 : 00;
    5888 : 24;
    5889 : 24;
    5890 : 24;
    5891 : 24;
    5892 : 24;
    5893 : 24;
    5894 : 24;
    5895 : 24;
    5896 : 24;
    5897 : 24;
    5898 : 24;
    5899 : 24;
    5900 : 24;
    5901 : 24;
    5902 : 00;
    5903 : 00;
    5904 : 24;
    5905 : 24;
    5906 : 24;
    5907 : 24;
    5908 : 24;
    5909 : 24;
    5910 : 24;
    5911 : 24;
    5912 : 24;
    5913 : 24;
    5914 : 24;
    5915 : 24;
    5916 : 24;
    5917 : 24;
    5918 : 00;
    5919 : 00;
    5920 : 24;
    5921 : 24;
    5922 : FF;
    5923 : FF;
    5924 : FF;
    5925 : FF;
    5926 : FF;
    5927 : FF;
    5928 : FF;
    5929 : FF;
    5930 : 24;
    5931 : 24;
    5932 : 24;
    5933 : 24;
    5934 : 00;
    5935 : 00;
    5936 : 24;
    5937 : 24;
    5938 : FF;
    5939 : FF;
    5940 : FF;
    5941 : FF;
    5942 : FF;
    5943 : FF;
    5944 : FF;
    5945 : FF;
    5946 : 24;
    5947 : 24;
    5948 : 24;
    5949 : 24;
    5950 : 00;
    5951 : 00;
    5952 : 24;
    5953 : 24;
    5954 : FF;
    5955 : FF;
    5956 : 24;
    5957 : 24;
    5958 : 24;
    5959 : 24;
    5960 : 24;
    5961 : 24;
    5962 : 24;
    5963 : 24;
    5964 : 24;
    5965 : 24;
    5966 : 00;
    5967 : 00;
    5968 : 24;
    5969 : 24;
    5970 : FF;
    5971 : FF;
    5972 : 24;
    5973 : 24;
    5974 : 24;
    5975 : 24;
    5976 : 24;
    5977 : 24;
    5978 : 24;
    5979 : 24;
    5980 : 24;
    5981 : 24;
    5982 : 00;
    5983 : 00;
    5984 : 24;
    5985 : 24;
    5986 : FF;
    5987 : FF;
    5988 : FF;
    5989 : FF;
    5990 : FF;
    5991 : FF;
    5992 : 24;
    5993 : 24;
    5994 : 24;
    5995 : 24;
    5996 : 00;
    5997 : 00;
    5998 : 00;
    5999 : 00;
    6000 : 24;
    6001 : 24;
    6002 : FF;
    6003 : FF;
    6004 : FF;
    6005 : FF;
    6006 : FF;
    6007 : FF;
    6008 : 24;
    6009 : 24;
    6010 : 24;
    6011 : 24;
    6012 : 00;
    6013 : 00;
    6014 : 00;
    6015 : 00;
    6016 : 24;
    6017 : 24;
    6018 : FF;
    6019 : FF;
    6020 : 24;
    6021 : 24;
    6022 : 24;
    6023 : 24;
    6024 : 24;
    6025 : 24;
    6026 : 24;
    6027 : 24;
    6028 : 00;
    6029 : 00;
    6030 : 00;
    6031 : 00;
    6032 : 24;
    6033 : 24;
    6034 : FF;
    6035 : FF;
    6036 : 24;
    6037 : 24;
    6038 : 24;
    6039 : 24;
    6040 : 24;
    6041 : 24;
    6042 : 24;
    6043 : 24;
    6044 : 00;
    6045 : 00;
    6046 : 00;
    6047 : 00;
    6048 : 24;
    6049 : 24;
    6050 : FF;
    6051 : FF;
    6052 : 24;
    6053 : 24;
    6054 : 24;
    6055 : 24;
    6056 : 00;
    6057 : 00;
    6058 : 00;
    6059 : 00;
    6060 : 00;
    6061 : 00;
    6062 : 00;
    6063 : 00;
    6064 : 24;
    6065 : 24;
    6066 : FF;
    6067 : FF;
    6068 : 24;
    6069 : 24;
    6070 : 24;
    6071 : 24;
    6072 : 00;
    6073 : 00;
    6074 : 00;
    6075 : 00;
    6076 : 00;
    6077 : 00;
    6078 : 00;
    6079 : 00;
    6080 : 24;
    6081 : 24;
    6082 : 24;
    6083 : 24;
    6084 : 24;
    6085 : 24;
    6086 : 24;
    6087 : 24;
    6088 : 00;
    6089 : 00;
    6090 : 00;
    6091 : 00;
    6092 : 00;
    6093 : 00;
    6094 : 00;
    6095 : 00;
    6096 : 24;
    6097 : 24;
    6098 : 24;
    6099 : 24;
    6100 : 24;
    6101 : 24;
    6102 : 24;
    6103 : 24;
    6104 : 00;
    6105 : 00;
    6106 : 00;
    6107 : 00;
    6108 : 00;
    6109 : 00;
    6110 : 00;
    6111 : 00;
    6112 : 00;
    6113 : 00;
    6114 : 00;
    6115 : 00;
    6116 : 00;
    6117 : 00;
    6118 : 00;
    6119 : 00;
    6120 : 00;
    6121 : 00;
    6122 : 00;
    6123 : 00;
    6124 : 00;
    6125 : 00;
    6126 : 00;
    6127 : 00;
    6128 : 00;
    6129 : 00;
    6130 : 00;
    6131 : 00;
    6132 : 00;
    6133 : 00;
    6134 : 00;
    6135 : 00;
    6136 : 00;
    6137 : 00;
    6138 : 00;
    6139 : 00;
    6140 : 00;
    6141 : 00;
    6142 : 00;
    6143 : 00;
    6144 : 00;
    6145 : 00;
    6146 : 00;
    6147 : 00;
    6148 : 24;
    6149 : 24;
    6150 : 24;
    6151 : 24;
    6152 : 24;
    6153 : 24;
    6154 : 24;
    6155 : 24;
    6156 : 00;
    6157 : 00;
    6158 : 00;
    6159 : 00;
    6160 : 00;
    6161 : 00;
    6162 : 00;
    6163 : 00;
    6164 : 24;
    6165 : 24;
    6166 : 24;
    6167 : 24;
    6168 : 24;
    6169 : 24;
    6170 : 24;
    6171 : 24;
    6172 : 00;
    6173 : 00;
    6174 : 00;
    6175 : 00;
    6176 : 00;
    6177 : 00;
    6178 : 24;
    6179 : 24;
    6180 : FF;
    6181 : FF;
    6182 : FF;
    6183 : FF;
    6184 : FF;
    6185 : FF;
    6186 : 24;
    6187 : 24;
    6188 : 24;
    6189 : 24;
    6190 : 00;
    6191 : 00;
    6192 : 00;
    6193 : 00;
    6194 : 24;
    6195 : 24;
    6196 : FF;
    6197 : FF;
    6198 : FF;
    6199 : FF;
    6200 : FF;
    6201 : FF;
    6202 : 24;
    6203 : 24;
    6204 : 24;
    6205 : 24;
    6206 : 00;
    6207 : 00;
    6208 : 24;
    6209 : 24;
    6210 : FF;
    6211 : FF;
    6212 : 24;
    6213 : 24;
    6214 : 24;
    6215 : 24;
    6216 : 24;
    6217 : 24;
    6218 : 24;
    6219 : 24;
    6220 : 00;
    6221 : 00;
    6222 : 00;
    6223 : 00;
    6224 : 24;
    6225 : 24;
    6226 : FF;
    6227 : FF;
    6228 : 24;
    6229 : 24;
    6230 : 24;
    6231 : 24;
    6232 : 24;
    6233 : 24;
    6234 : 24;
    6235 : 24;
    6236 : 00;
    6237 : 00;
    6238 : 00;
    6239 : 00;
    6240 : 24;
    6241 : 24;
    6242 : FF;
    6243 : FF;
    6244 : 24;
    6245 : 24;
    6246 : FF;
    6247 : FF;
    6248 : FF;
    6249 : FF;
    6250 : 24;
    6251 : 24;
    6252 : 24;
    6253 : 24;
    6254 : 00;
    6255 : 00;
    6256 : 24;
    6257 : 24;
    6258 : FF;
    6259 : FF;
    6260 : 24;
    6261 : 24;
    6262 : FF;
    6263 : FF;
    6264 : FF;
    6265 : FF;
    6266 : 24;
    6267 : 24;
    6268 : 24;
    6269 : 24;
    6270 : 00;
    6271 : 00;
    6272 : 24;
    6273 : 24;
    6274 : FF;
    6275 : FF;
    6276 : 24;
    6277 : 24;
    6278 : 24;
    6279 : 24;
    6280 : FF;
    6281 : FF;
    6282 : 24;
    6283 : 24;
    6284 : 24;
    6285 : 24;
    6286 : 00;
    6287 : 00;
    6288 : 24;
    6289 : 24;
    6290 : FF;
    6291 : FF;
    6292 : 24;
    6293 : 24;
    6294 : 24;
    6295 : 24;
    6296 : FF;
    6297 : FF;
    6298 : 24;
    6299 : 24;
    6300 : 24;
    6301 : 24;
    6302 : 00;
    6303 : 00;
    6304 : 00;
    6305 : 00;
    6306 : 24;
    6307 : 24;
    6308 : FF;
    6309 : FF;
    6310 : FF;
    6311 : FF;
    6312 : FF;
    6313 : FF;
    6314 : 24;
    6315 : 24;
    6316 : 24;
    6317 : 24;
    6318 : 00;
    6319 : 00;
    6320 : 00;
    6321 : 00;
    6322 : 24;
    6323 : 24;
    6324 : FF;
    6325 : FF;
    6326 : FF;
    6327 : FF;
    6328 : FF;
    6329 : FF;
    6330 : 24;
    6331 : 24;
    6332 : 24;
    6333 : 24;
    6334 : 00;
    6335 : 00;
    6336 : 00;
    6337 : 00;
    6338 : 00;
    6339 : 00;
    6340 : 24;
    6341 : 24;
    6342 : 24;
    6343 : 24;
    6344 : 24;
    6345 : 24;
    6346 : 24;
    6347 : 24;
    6348 : 00;
    6349 : 00;
    6350 : 00;
    6351 : 00;
    6352 : 00;
    6353 : 00;
    6354 : 00;
    6355 : 00;
    6356 : 24;
    6357 : 24;
    6358 : 24;
    6359 : 24;
    6360 : 24;
    6361 : 24;
    6362 : 24;
    6363 : 24;
    6364 : 00;
    6365 : 00;
    6366 : 00;
    6367 : 00;
    6368 : 00;
    6369 : 00;
    6370 : 00;
    6371 : 00;
    6372 : 00;
    6373 : 00;
    6374 : 00;
    6375 : 00;
    6376 : 00;
    6377 : 00;
    6378 : 00;
    6379 : 00;
    6380 : 00;
    6381 : 00;
    6382 : 00;
    6383 : 00;
    6384 : 00;
    6385 : 00;
    6386 : 00;
    6387 : 00;
    6388 : 00;
    6389 : 00;
    6390 : 00;
    6391 : 00;
    6392 : 00;
    6393 : 00;
    6394 : 00;
    6395 : 00;
    6396 : 00;
    6397 : 00;
    6398 : 00;
    6399 : 00;
    6400 : 24;
    6401 : 24;
    6402 : 24;
    6403 : 24;
    6404 : 24;
    6405 : 24;
    6406 : 24;
    6407 : 24;
    6408 : 24;
    6409 : 24;
    6410 : 24;
    6411 : 24;
    6412 : 24;
    6413 : 24;
    6414 : 00;
    6415 : 00;
    6416 : 24;
    6417 : 24;
    6418 : 24;
    6419 : 24;
    6420 : 24;
    6421 : 24;
    6422 : 24;
    6423 : 24;
    6424 : 24;
    6425 : 24;
    6426 : 24;
    6427 : 24;
    6428 : 24;
    6429 : 24;
    6430 : 00;
    6431 : 00;
    6432 : 24;
    6433 : 24;
    6434 : FF;
    6435 : FF;
    6436 : 24;
    6437 : 24;
    6438 : 24;
    6439 : 24;
    6440 : FF;
    6441 : FF;
    6442 : 24;
    6443 : 24;
    6444 : 24;
    6445 : 24;
    6446 : 00;
    6447 : 00;
    6448 : 24;
    6449 : 24;
    6450 : FF;
    6451 : FF;
    6452 : 24;
    6453 : 24;
    6454 : 24;
    6455 : 24;
    6456 : FF;
    6457 : FF;
    6458 : 24;
    6459 : 24;
    6460 : 24;
    6461 : 24;
    6462 : 00;
    6463 : 00;
    6464 : 24;
    6465 : 24;
    6466 : FF;
    6467 : FF;
    6468 : 24;
    6469 : 24;
    6470 : 24;
    6471 : 24;
    6472 : FF;
    6473 : FF;
    6474 : 24;
    6475 : 24;
    6476 : 24;
    6477 : 24;
    6478 : 00;
    6479 : 00;
    6480 : 24;
    6481 : 24;
    6482 : FF;
    6483 : FF;
    6484 : 24;
    6485 : 24;
    6486 : 24;
    6487 : 24;
    6488 : FF;
    6489 : FF;
    6490 : 24;
    6491 : 24;
    6492 : 24;
    6493 : 24;
    6494 : 00;
    6495 : 00;
    6496 : 24;
    6497 : 24;
    6498 : FF;
    6499 : FF;
    6500 : FF;
    6501 : FF;
    6502 : FF;
    6503 : FF;
    6504 : FF;
    6505 : FF;
    6506 : 24;
    6507 : 24;
    6508 : 24;
    6509 : 24;
    6510 : 00;
    6511 : 00;
    6512 : 24;
    6513 : 24;
    6514 : FF;
    6515 : FF;
    6516 : FF;
    6517 : FF;
    6518 : FF;
    6519 : FF;
    6520 : FF;
    6521 : FF;
    6522 : 24;
    6523 : 24;
    6524 : 24;
    6525 : 24;
    6526 : 00;
    6527 : 00;
    6528 : 24;
    6529 : 24;
    6530 : FF;
    6531 : FF;
    6532 : 24;
    6533 : 24;
    6534 : 24;
    6535 : 24;
    6536 : FF;
    6537 : FF;
    6538 : 24;
    6539 : 24;
    6540 : 24;
    6541 : 24;
    6542 : 00;
    6543 : 00;
    6544 : 24;
    6545 : 24;
    6546 : FF;
    6547 : FF;
    6548 : 24;
    6549 : 24;
    6550 : 24;
    6551 : 24;
    6552 : FF;
    6553 : FF;
    6554 : 24;
    6555 : 24;
    6556 : 24;
    6557 : 24;
    6558 : 00;
    6559 : 00;
    6560 : 24;
    6561 : 24;
    6562 : FF;
    6563 : FF;
    6564 : 24;
    6565 : 24;
    6566 : 24;
    6567 : 24;
    6568 : FF;
    6569 : FF;
    6570 : 24;
    6571 : 24;
    6572 : 24;
    6573 : 24;
    6574 : 00;
    6575 : 00;
    6576 : 24;
    6577 : 24;
    6578 : FF;
    6579 : FF;
    6580 : 24;
    6581 : 24;
    6582 : 24;
    6583 : 24;
    6584 : FF;
    6585 : FF;
    6586 : 24;
    6587 : 24;
    6588 : 24;
    6589 : 24;
    6590 : 00;
    6591 : 00;
    6592 : 24;
    6593 : 24;
    6594 : 24;
    6595 : 24;
    6596 : 24;
    6597 : 24;
    6598 : 24;
    6599 : 24;
    6600 : 24;
    6601 : 24;
    6602 : 24;
    6603 : 24;
    6604 : 24;
    6605 : 24;
    6606 : 00;
    6607 : 00;
    6608 : 24;
    6609 : 24;
    6610 : 24;
    6611 : 24;
    6612 : 24;
    6613 : 24;
    6614 : 24;
    6615 : 24;
    6616 : 24;
    6617 : 24;
    6618 : 24;
    6619 : 24;
    6620 : 24;
    6621 : 24;
    6622 : 00;
    6623 : 00;
    6624 : 00;
    6625 : 00;
    6626 : 00;
    6627 : 00;
    6628 : 00;
    6629 : 00;
    6630 : 00;
    6631 : 00;
    6632 : 00;
    6633 : 00;
    6634 : 00;
    6635 : 00;
    6636 : 00;
    6637 : 00;
    6638 : 00;
    6639 : 00;
    6640 : 00;
    6641 : 00;
    6642 : 00;
    6643 : 00;
    6644 : 00;
    6645 : 00;
    6646 : 00;
    6647 : 00;
    6648 : 00;
    6649 : 00;
    6650 : 00;
    6651 : 00;
    6652 : 00;
    6653 : 00;
    6654 : 00;
    6655 : 00;
    6656 : 00;
    6657 : 00;
    6658 : 24;
    6659 : 24;
    6660 : 24;
    6661 : 24;
    6662 : 24;
    6663 : 24;
    6664 : 24;
    6665 : 24;
    6666 : 24;
    6667 : 24;
    6668 : 24;
    6669 : 24;
    6670 : 00;
    6671 : 00;
    6672 : 00;
    6673 : 00;
    6674 : 24;
    6675 : 24;
    6676 : 24;
    6677 : 24;
    6678 : 24;
    6679 : 24;
    6680 : 24;
    6681 : 24;
    6682 : 24;
    6683 : 24;
    6684 : 24;
    6685 : 24;
    6686 : 00;
    6687 : 00;
    6688 : 00;
    6689 : 00;
    6690 : 24;
    6691 : 24;
    6692 : FF;
    6693 : FF;
    6694 : FF;
    6695 : FF;
    6696 : FF;
    6697 : FF;
    6698 : 24;
    6699 : 24;
    6700 : 24;
    6701 : 24;
    6702 : 00;
    6703 : 00;
    6704 : 00;
    6705 : 00;
    6706 : 24;
    6707 : 24;
    6708 : FF;
    6709 : FF;
    6710 : FF;
    6711 : FF;
    6712 : FF;
    6713 : FF;
    6714 : 24;
    6715 : 24;
    6716 : 24;
    6717 : 24;
    6718 : 00;
    6719 : 00;
    6720 : 00;
    6721 : 00;
    6722 : 24;
    6723 : 24;
    6724 : 24;
    6725 : 24;
    6726 : FF;
    6727 : FF;
    6728 : 24;
    6729 : 24;
    6730 : 24;
    6731 : 24;
    6732 : 24;
    6733 : 24;
    6734 : 00;
    6735 : 00;
    6736 : 00;
    6737 : 00;
    6738 : 24;
    6739 : 24;
    6740 : 24;
    6741 : 24;
    6742 : FF;
    6743 : FF;
    6744 : 24;
    6745 : 24;
    6746 : 24;
    6747 : 24;
    6748 : 24;
    6749 : 24;
    6750 : 00;
    6751 : 00;
    6752 : 00;
    6753 : 00;
    6754 : 00;
    6755 : 00;
    6756 : 24;
    6757 : 24;
    6758 : FF;
    6759 : FF;
    6760 : 24;
    6761 : 24;
    6762 : 24;
    6763 : 24;
    6764 : 00;
    6765 : 00;
    6766 : 00;
    6767 : 00;
    6768 : 00;
    6769 : 00;
    6770 : 00;
    6771 : 00;
    6772 : 24;
    6773 : 24;
    6774 : FF;
    6775 : FF;
    6776 : 24;
    6777 : 24;
    6778 : 24;
    6779 : 24;
    6780 : 00;
    6781 : 00;
    6782 : 00;
    6783 : 00;
    6784 : 00;
    6785 : 00;
    6786 : 24;
    6787 : 24;
    6788 : 24;
    6789 : 24;
    6790 : FF;
    6791 : FF;
    6792 : 24;
    6793 : 24;
    6794 : 24;
    6795 : 24;
    6796 : 24;
    6797 : 24;
    6798 : 00;
    6799 : 00;
    6800 : 00;
    6801 : 00;
    6802 : 24;
    6803 : 24;
    6804 : 24;
    6805 : 24;
    6806 : FF;
    6807 : FF;
    6808 : 24;
    6809 : 24;
    6810 : 24;
    6811 : 24;
    6812 : 24;
    6813 : 24;
    6814 : 00;
    6815 : 00;
    6816 : 00;
    6817 : 00;
    6818 : 24;
    6819 : 24;
    6820 : FF;
    6821 : FF;
    6822 : FF;
    6823 : FF;
    6824 : FF;
    6825 : FF;
    6826 : 24;
    6827 : 24;
    6828 : 24;
    6829 : 24;
    6830 : 00;
    6831 : 00;
    6832 : 00;
    6833 : 00;
    6834 : 24;
    6835 : 24;
    6836 : FF;
    6837 : FF;
    6838 : FF;
    6839 : FF;
    6840 : FF;
    6841 : FF;
    6842 : 24;
    6843 : 24;
    6844 : 24;
    6845 : 24;
    6846 : 00;
    6847 : 00;
    6848 : 00;
    6849 : 00;
    6850 : 24;
    6851 : 24;
    6852 : 24;
    6853 : 24;
    6854 : 24;
    6855 : 24;
    6856 : 24;
    6857 : 24;
    6858 : 24;
    6859 : 24;
    6860 : 24;
    6861 : 24;
    6862 : 00;
    6863 : 00;
    6864 : 00;
    6865 : 00;
    6866 : 24;
    6867 : 24;
    6868 : 24;
    6869 : 24;
    6870 : 24;
    6871 : 24;
    6872 : 24;
    6873 : 24;
    6874 : 24;
    6875 : 24;
    6876 : 24;
    6877 : 24;
    6878 : 00;
    6879 : 00;
    6880 : 00;
    6881 : 00;
    6882 : 00;
    6883 : 00;
    6884 : 00;
    6885 : 00;
    6886 : 00;
    6887 : 00;
    6888 : 00;
    6889 : 00;
    6890 : 00;
    6891 : 00;
    6892 : 00;
    6893 : 00;
    6894 : 00;
    6895 : 00;
    6896 : 00;
    6897 : 00;
    6898 : 00;
    6899 : 00;
    6900 : 00;
    6901 : 00;
    6902 : 00;
    6903 : 00;
    6904 : 00;
    6905 : 00;
    6906 : 00;
    6907 : 00;
    6908 : 00;
    6909 : 00;
    6910 : 00;
    6911 : 00;
    6912 : 00;
    6913 : 00;
    6914 : 24;
    6915 : 24;
    6916 : 24;
    6917 : 24;
    6918 : 24;
    6919 : 24;
    6920 : 24;
    6921 : 24;
    6922 : 24;
    6923 : 24;
    6924 : 24;
    6925 : 24;
    6926 : 00;
    6927 : 00;
    6928 : 00;
    6929 : 00;
    6930 : 24;
    6931 : 24;
    6932 : 24;
    6933 : 24;
    6934 : 24;
    6935 : 24;
    6936 : 24;
    6937 : 24;
    6938 : 24;
    6939 : 24;
    6940 : 24;
    6941 : 24;
    6942 : 00;
    6943 : 00;
    6944 : 00;
    6945 : 00;
    6946 : 24;
    6947 : 24;
    6948 : FF;
    6949 : FF;
    6950 : FF;
    6951 : FF;
    6952 : FF;
    6953 : FF;
    6954 : 24;
    6955 : 24;
    6956 : 24;
    6957 : 24;
    6958 : 00;
    6959 : 00;
    6960 : 00;
    6961 : 00;
    6962 : 24;
    6963 : 24;
    6964 : FF;
    6965 : FF;
    6966 : FF;
    6967 : FF;
    6968 : FF;
    6969 : FF;
    6970 : 24;
    6971 : 24;
    6972 : 24;
    6973 : 24;
    6974 : 00;
    6975 : 00;
    6976 : 00;
    6977 : 00;
    6978 : 00;
    6979 : 00;
    6980 : 24;
    6981 : 24;
    6982 : FF;
    6983 : FF;
    6984 : 24;
    6985 : 24;
    6986 : 24;
    6987 : 24;
    6988 : 00;
    6989 : 00;
    6990 : 00;
    6991 : 00;
    6992 : 00;
    6993 : 00;
    6994 : 00;
    6995 : 00;
    6996 : 24;
    6997 : 24;
    6998 : FF;
    6999 : FF;
    7000 : 24;
    7001 : 24;
    7002 : 24;
    7003 : 24;
    7004 : 00;
    7005 : 00;
    7006 : 00;
    7007 : 00;
    7008 : 00;
    7009 : 00;
    7010 : 24;
    7011 : 24;
    7012 : 24;
    7013 : 24;
    7014 : FF;
    7015 : FF;
    7016 : 24;
    7017 : 24;
    7018 : 24;
    7019 : 24;
    7020 : 00;
    7021 : 00;
    7022 : 00;
    7023 : 00;
    7024 : 00;
    7025 : 00;
    7026 : 24;
    7027 : 24;
    7028 : 24;
    7029 : 24;
    7030 : FF;
    7031 : FF;
    7032 : 24;
    7033 : 24;
    7034 : 24;
    7035 : 24;
    7036 : 00;
    7037 : 00;
    7038 : 00;
    7039 : 00;
    7040 : 24;
    7041 : 24;
    7042 : FF;
    7043 : FF;
    7044 : 24;
    7045 : 24;
    7046 : FF;
    7047 : FF;
    7048 : 24;
    7049 : 24;
    7050 : 24;
    7051 : 24;
    7052 : 00;
    7053 : 00;
    7054 : 00;
    7055 : 00;
    7056 : 24;
    7057 : 24;
    7058 : FF;
    7059 : FF;
    7060 : 24;
    7061 : 24;
    7062 : FF;
    7063 : FF;
    7064 : 24;
    7065 : 24;
    7066 : 24;
    7067 : 24;
    7068 : 00;
    7069 : 00;
    7070 : 00;
    7071 : 00;
    7072 : 00;
    7073 : 00;
    7074 : 24;
    7075 : 24;
    7076 : FF;
    7077 : FF;
    7078 : FF;
    7079 : FF;
    7080 : 24;
    7081 : 24;
    7082 : 24;
    7083 : 24;
    7084 : 00;
    7085 : 00;
    7086 : 00;
    7087 : 00;
    7088 : 00;
    7089 : 00;
    7090 : 24;
    7091 : 24;
    7092 : FF;
    7093 : FF;
    7094 : FF;
    7095 : FF;
    7096 : 24;
    7097 : 24;
    7098 : 24;
    7099 : 24;
    7100 : 00;
    7101 : 00;
    7102 : 00;
    7103 : 00;
    7104 : 00;
    7105 : 00;
    7106 : 00;
    7107 : 00;
    7108 : 24;
    7109 : 24;
    7110 : 24;
    7111 : 24;
    7112 : 24;
    7113 : 24;
    7114 : 00;
    7115 : 00;
    7116 : 00;
    7117 : 00;
    7118 : 00;
    7119 : 00;
    7120 : 00;
    7121 : 00;
    7122 : 00;
    7123 : 00;
    7124 : 24;
    7125 : 24;
    7126 : 24;
    7127 : 24;
    7128 : 24;
    7129 : 24;
    7130 : 00;
    7131 : 00;
    7132 : 00;
    7133 : 00;
    7134 : 00;
    7135 : 00;
    7136 : 00;
    7137 : 00;
    7138 : 00;
    7139 : 00;
    7140 : 00;
    7141 : 00;
    7142 : 00;
    7143 : 00;
    7144 : 00;
    7145 : 00;
    7146 : 00;
    7147 : 00;
    7148 : 00;
    7149 : 00;
    7150 : 00;
    7151 : 00;
    7152 : 00;
    7153 : 00;
    7154 : 00;
    7155 : 00;
    7156 : 00;
    7157 : 00;
    7158 : 00;
    7159 : 00;
    7160 : 00;
    7161 : 00;
    7162 : 00;
    7163 : 00;
    7164 : 00;
    7165 : 00;
    7166 : 00;
    7167 : 00;
    7168 : 24;
    7169 : 24;
    7170 : 24;
    7171 : 24;
    7172 : 24;
    7173 : 24;
    7174 : 24;
    7175 : 24;
    7176 : 24;
    7177 : 24;
    7178 : 24;
    7179 : 24;
    7180 : 24;
    7181 : 24;
    7182 : 00;
    7183 : 00;
    7184 : 24;
    7185 : 24;
    7186 : 24;
    7187 : 24;
    7188 : 24;
    7189 : 24;
    7190 : 24;
    7191 : 24;
    7192 : 24;
    7193 : 24;
    7194 : 24;
    7195 : 24;
    7196 : 24;
    7197 : 24;
    7198 : 00;
    7199 : 00;
    7200 : 24;
    7201 : 24;
    7202 : FF;
    7203 : FF;
    7204 : 24;
    7205 : 24;
    7206 : 24;
    7207 : 24;
    7208 : FF;
    7209 : FF;
    7210 : 24;
    7211 : 24;
    7212 : 24;
    7213 : 24;
    7214 : 00;
    7215 : 00;
    7216 : 24;
    7217 : 24;
    7218 : FF;
    7219 : FF;
    7220 : 24;
    7221 : 24;
    7222 : 24;
    7223 : 24;
    7224 : FF;
    7225 : FF;
    7226 : 24;
    7227 : 24;
    7228 : 24;
    7229 : 24;
    7230 : 00;
    7231 : 00;
    7232 : 24;
    7233 : 24;
    7234 : FF;
    7235 : FF;
    7236 : 24;
    7237 : 24;
    7238 : 24;
    7239 : 24;
    7240 : FF;
    7241 : FF;
    7242 : 24;
    7243 : 24;
    7244 : 24;
    7245 : 24;
    7246 : 00;
    7247 : 00;
    7248 : 24;
    7249 : 24;
    7250 : FF;
    7251 : FF;
    7252 : 24;
    7253 : 24;
    7254 : 24;
    7255 : 24;
    7256 : FF;
    7257 : FF;
    7258 : 24;
    7259 : 24;
    7260 : 24;
    7261 : 24;
    7262 : 00;
    7263 : 00;
    7264 : 24;
    7265 : 24;
    7266 : FF;
    7267 : FF;
    7268 : FF;
    7269 : FF;
    7270 : FF;
    7271 : FF;
    7272 : 24;
    7273 : 24;
    7274 : 24;
    7275 : 24;
    7276 : 00;
    7277 : 00;
    7278 : 00;
    7279 : 00;
    7280 : 24;
    7281 : 24;
    7282 : FF;
    7283 : FF;
    7284 : FF;
    7285 : FF;
    7286 : FF;
    7287 : FF;
    7288 : 24;
    7289 : 24;
    7290 : 24;
    7291 : 24;
    7292 : 00;
    7293 : 00;
    7294 : 00;
    7295 : 00;
    7296 : 24;
    7297 : 24;
    7298 : FF;
    7299 : FF;
    7300 : 24;
    7301 : 24;
    7302 : 24;
    7303 : 24;
    7304 : FF;
    7305 : FF;
    7306 : 24;
    7307 : 24;
    7308 : 24;
    7309 : 24;
    7310 : 00;
    7311 : 00;
    7312 : 24;
    7313 : 24;
    7314 : FF;
    7315 : FF;
    7316 : 24;
    7317 : 24;
    7318 : 24;
    7319 : 24;
    7320 : FF;
    7321 : FF;
    7322 : 24;
    7323 : 24;
    7324 : 24;
    7325 : 24;
    7326 : 00;
    7327 : 00;
    7328 : 24;
    7329 : 24;
    7330 : FF;
    7331 : FF;
    7332 : 24;
    7333 : 24;
    7334 : 24;
    7335 : 24;
    7336 : FF;
    7337 : FF;
    7338 : 24;
    7339 : 24;
    7340 : 24;
    7341 : 24;
    7342 : 00;
    7343 : 00;
    7344 : 24;
    7345 : 24;
    7346 : FF;
    7347 : FF;
    7348 : 24;
    7349 : 24;
    7350 : 24;
    7351 : 24;
    7352 : FF;
    7353 : FF;
    7354 : 24;
    7355 : 24;
    7356 : 24;
    7357 : 24;
    7358 : 00;
    7359 : 00;
    7360 : 24;
    7361 : 24;
    7362 : 24;
    7363 : 24;
    7364 : 24;
    7365 : 24;
    7366 : 24;
    7367 : 24;
    7368 : 24;
    7369 : 24;
    7370 : 24;
    7371 : 24;
    7372 : 24;
    7373 : 24;
    7374 : 00;
    7375 : 00;
    7376 : 24;
    7377 : 24;
    7378 : 24;
    7379 : 24;
    7380 : 24;
    7381 : 24;
    7382 : 24;
    7383 : 24;
    7384 : 24;
    7385 : 24;
    7386 : 24;
    7387 : 24;
    7388 : 24;
    7389 : 24;
    7390 : 00;
    7391 : 00;
    7392 : 00;
    7393 : 00;
    7394 : 00;
    7395 : 00;
    7396 : 00;
    7397 : 00;
    7398 : 00;
    7399 : 00;
    7400 : 00;
    7401 : 00;
    7402 : 00;
    7403 : 00;
    7404 : 00;
    7405 : 00;
    7406 : 00;
    7407 : 00;
    7408 : 00;
    7409 : 00;
    7410 : 00;
    7411 : 00;
    7412 : 00;
    7413 : 00;
    7414 : 00;
    7415 : 00;
    7416 : 00;
    7417 : 00;
    7418 : 00;
    7419 : 00;
    7420 : 00;
    7421 : 00;
    7422 : 00;
    7423 : 00;
    7424 : 00;
    7425 : 00;
    7426 : 24;
    7427 : 24;
    7428 : 24;
    7429 : 24;
    7430 : 24;
    7431 : 24;
    7432 : 24;
    7433 : 24;
    7434 : 00;
    7435 : 00;
    7436 : 00;
    7437 : 00;
    7438 : 00;
    7439 : 00;
    7440 : 00;
    7441 : 00;
    7442 : 24;
    7443 : 24;
    7444 : 24;
    7445 : 24;
    7446 : 24;
    7447 : 24;
    7448 : 24;
    7449 : 24;
    7450 : 00;
    7451 : 00;
    7452 : 00;
    7453 : 00;
    7454 : 00;
    7455 : 00;
    7456 : 00;
    7457 : 00;
    7458 : 24;
    7459 : 24;
    7460 : FF;
    7461 : FF;
    7462 : 24;
    7463 : 24;
    7464 : 24;
    7465 : 24;
    7466 : 00;
    7467 : 00;
    7468 : 00;
    7469 : 00;
    7470 : 00;
    7471 : 00;
    7472 : 00;
    7473 : 00;
    7474 : 24;
    7475 : 24;
    7476 : FF;
    7477 : FF;
    7478 : 24;
    7479 : 24;
    7480 : 24;
    7481 : 24;
    7482 : 00;
    7483 : 00;
    7484 : 00;
    7485 : 00;
    7486 : 00;
    7487 : 00;
    7488 : 00;
    7489 : 00;
    7490 : 24;
    7491 : 24;
    7492 : FF;
    7493 : FF;
    7494 : 24;
    7495 : 24;
    7496 : 24;
    7497 : 24;
    7498 : 00;
    7499 : 00;
    7500 : 00;
    7501 : 00;
    7502 : 00;
    7503 : 00;
    7504 : 00;
    7505 : 00;
    7506 : 24;
    7507 : 24;
    7508 : FF;
    7509 : FF;
    7510 : 24;
    7511 : 24;
    7512 : 24;
    7513 : 24;
    7514 : 00;
    7515 : 00;
    7516 : 00;
    7517 : 00;
    7518 : 00;
    7519 : 00;
    7520 : 00;
    7521 : 00;
    7522 : 24;
    7523 : 24;
    7524 : FF;
    7525 : FF;
    7526 : 24;
    7527 : 24;
    7528 : 24;
    7529 : 24;
    7530 : 00;
    7531 : 00;
    7532 : 00;
    7533 : 00;
    7534 : 00;
    7535 : 00;
    7536 : 00;
    7537 : 00;
    7538 : 24;
    7539 : 24;
    7540 : FF;
    7541 : FF;
    7542 : 24;
    7543 : 24;
    7544 : 24;
    7545 : 24;
    7546 : 00;
    7547 : 00;
    7548 : 00;
    7549 : 00;
    7550 : 00;
    7551 : 00;
    7552 : 00;
    7553 : 00;
    7554 : 24;
    7555 : 24;
    7556 : FF;
    7557 : FF;
    7558 : 24;
    7559 : 24;
    7560 : 24;
    7561 : 24;
    7562 : 24;
    7563 : 24;
    7564 : 24;
    7565 : 24;
    7566 : 00;
    7567 : 00;
    7568 : 00;
    7569 : 00;
    7570 : 24;
    7571 : 24;
    7572 : FF;
    7573 : FF;
    7574 : 24;
    7575 : 24;
    7576 : 24;
    7577 : 24;
    7578 : 24;
    7579 : 24;
    7580 : 24;
    7581 : 24;
    7582 : 00;
    7583 : 00;
    7584 : 00;
    7585 : 00;
    7586 : 24;
    7587 : 24;
    7588 : FF;
    7589 : FF;
    7590 : FF;
    7591 : FF;
    7592 : FF;
    7593 : FF;
    7594 : 24;
    7595 : 24;
    7596 : 24;
    7597 : 24;
    7598 : 00;
    7599 : 00;
    7600 : 00;
    7601 : 00;
    7602 : 24;
    7603 : 24;
    7604 : FF;
    7605 : FF;
    7606 : FF;
    7607 : FF;
    7608 : FF;
    7609 : FF;
    7610 : 24;
    7611 : 24;
    7612 : 24;
    7613 : 24;
    7614 : 00;
    7615 : 00;
    7616 : 00;
    7617 : 00;
    7618 : 24;
    7619 : 24;
    7620 : 24;
    7621 : 24;
    7622 : 24;
    7623 : 24;
    7624 : 24;
    7625 : 24;
    7626 : 24;
    7627 : 24;
    7628 : 24;
    7629 : 24;
    7630 : 00;
    7631 : 00;
    7632 : 00;
    7633 : 00;
    7634 : 24;
    7635 : 24;
    7636 : 24;
    7637 : 24;
    7638 : 24;
    7639 : 24;
    7640 : 24;
    7641 : 24;
    7642 : 24;
    7643 : 24;
    7644 : 24;
    7645 : 24;
    7646 : 00;
    7647 : 00;
    7648 : 00;
    7649 : 00;
    7650 : 00;
    7651 : 00;
    7652 : 00;
    7653 : 00;
    7654 : 00;
    7655 : 00;
    7656 : 00;
    7657 : 00;
    7658 : 00;
    7659 : 00;
    7660 : 00;
    7661 : 00;
    7662 : 00;
    7663 : 00;
    7664 : 00;
    7665 : 00;
    7666 : 00;
    7667 : 00;
    7668 : 00;
    7669 : 00;
    7670 : 00;
    7671 : 00;
    7672 : 00;
    7673 : 00;
    7674 : 00;
    7675 : 00;
    7676 : 00;
    7677 : 00;
    7678 : 00;
    7679 : 00;
    7680 : 24;
    7681 : 24;
    7682 : 24;
    7683 : 24;
    7684 : 24;
    7685 : 24;
    7686 : 00;
    7687 : 00;
    7688 : 24;
    7689 : 24;
    7690 : 24;
    7691 : 24;
    7692 : 24;
    7693 : 24;
    7694 : 24;
    7695 : 24;
    7696 : 24;
    7697 : 24;
    7698 : 24;
    7699 : 24;
    7700 : 24;
    7701 : 24;
    7702 : 00;
    7703 : 00;
    7704 : 24;
    7705 : 24;
    7706 : 24;
    7707 : 24;
    7708 : 24;
    7709 : 24;
    7710 : 24;
    7711 : 24;
    7712 : 24;
    7713 : 24;
    7714 : FF;
    7715 : FF;
    7716 : 24;
    7717 : 24;
    7718 : 24;
    7719 : 24;
    7720 : 24;
    7721 : 24;
    7722 : FF;
    7723 : FF;
    7724 : 24;
    7725 : 24;
    7726 : 24;
    7727 : 24;
    7728 : 24;
    7729 : 24;
    7730 : FF;
    7731 : FF;
    7732 : 24;
    7733 : 24;
    7734 : 24;
    7735 : 24;
    7736 : 24;
    7737 : 24;
    7738 : FF;
    7739 : FF;
    7740 : 24;
    7741 : 24;
    7742 : 24;
    7743 : 24;
    7744 : 24;
    7745 : 24;
    7746 : FF;
    7747 : FF;
    7748 : FF;
    7749 : FF;
    7750 : 24;
    7751 : 24;
    7752 : FF;
    7753 : FF;
    7754 : FF;
    7755 : FF;
    7756 : 24;
    7757 : 24;
    7758 : 24;
    7759 : 24;
    7760 : 24;
    7761 : 24;
    7762 : FF;
    7763 : FF;
    7764 : FF;
    7765 : FF;
    7766 : 24;
    7767 : 24;
    7768 : FF;
    7769 : FF;
    7770 : FF;
    7771 : FF;
    7772 : 24;
    7773 : 24;
    7774 : 24;
    7775 : 24;
    7776 : 24;
    7777 : 24;
    7778 : FF;
    7779 : FF;
    7780 : 24;
    7781 : 24;
    7782 : FF;
    7783 : FF;
    7784 : 24;
    7785 : 24;
    7786 : FF;
    7787 : FF;
    7788 : 24;
    7789 : 24;
    7790 : 24;
    7791 : 24;
    7792 : 24;
    7793 : 24;
    7794 : FF;
    7795 : FF;
    7796 : 24;
    7797 : 24;
    7798 : FF;
    7799 : FF;
    7800 : 24;
    7801 : 24;
    7802 : FF;
    7803 : FF;
    7804 : 24;
    7805 : 24;
    7806 : 24;
    7807 : 24;
    7808 : 24;
    7809 : 24;
    7810 : FF;
    7811 : FF;
    7812 : 24;
    7813 : 24;
    7814 : 24;
    7815 : 24;
    7816 : 24;
    7817 : 24;
    7818 : FF;
    7819 : FF;
    7820 : 24;
    7821 : 24;
    7822 : 24;
    7823 : 24;
    7824 : 24;
    7825 : 24;
    7826 : FF;
    7827 : FF;
    7828 : 24;
    7829 : 24;
    7830 : 24;
    7831 : 24;
    7832 : 24;
    7833 : 24;
    7834 : FF;
    7835 : FF;
    7836 : 24;
    7837 : 24;
    7838 : 24;
    7839 : 24;
    7840 : 24;
    7841 : 24;
    7842 : FF;
    7843 : FF;
    7844 : 24;
    7845 : 24;
    7846 : 00;
    7847 : 00;
    7848 : 24;
    7849 : 24;
    7850 : FF;
    7851 : FF;
    7852 : 24;
    7853 : 24;
    7854 : 24;
    7855 : 24;
    7856 : 24;
    7857 : 24;
    7858 : FF;
    7859 : FF;
    7860 : 24;
    7861 : 24;
    7862 : 00;
    7863 : 00;
    7864 : 24;
    7865 : 24;
    7866 : FF;
    7867 : FF;
    7868 : 24;
    7869 : 24;
    7870 : 24;
    7871 : 24;
    7872 : 24;
    7873 : 24;
    7874 : 24;
    7875 : 24;
    7876 : 24;
    7877 : 24;
    7878 : 00;
    7879 : 00;
    7880 : 24;
    7881 : 24;
    7882 : 24;
    7883 : 24;
    7884 : 24;
    7885 : 24;
    7886 : 24;
    7887 : 24;
    7888 : 24;
    7889 : 24;
    7890 : 24;
    7891 : 24;
    7892 : 24;
    7893 : 24;
    7894 : 00;
    7895 : 00;
    7896 : 24;
    7897 : 24;
    7898 : 24;
    7899 : 24;
    7900 : 24;
    7901 : 24;
    7902 : 24;
    7903 : 24;
    7904 : 00;
    7905 : 00;
    7906 : 00;
    7907 : 00;
    7908 : 00;
    7909 : 00;
    7910 : 00;
    7911 : 00;
    7912 : 00;
    7913 : 00;
    7914 : 00;
    7915 : 00;
    7916 : 00;
    7917 : 00;
    7918 : 00;
    7919 : 00;
    7920 : 00;
    7921 : 00;
    7922 : 00;
    7923 : 00;
    7924 : 00;
    7925 : 00;
    7926 : 00;
    7927 : 00;
    7928 : 00;
    7929 : 00;
    7930 : 00;
    7931 : 00;
    7932 : 00;
    7933 : 00;
    7934 : 00;
    7935 : 00;
    7936 : 24;
    7937 : 24;
    7938 : 24;
    7939 : 24;
    7940 : 24;
    7941 : 24;
    7942 : 24;
    7943 : 24;
    7944 : 24;
    7945 : 24;
    7946 : 24;
    7947 : 24;
    7948 : 24;
    7949 : 24;
    7950 : 00;
    7951 : 00;
    7952 : 24;
    7953 : 24;
    7954 : 24;
    7955 : 24;
    7956 : 24;
    7957 : 24;
    7958 : 24;
    7959 : 24;
    7960 : 24;
    7961 : 24;
    7962 : 24;
    7963 : 24;
    7964 : 24;
    7965 : 24;
    7966 : 00;
    7967 : 00;
    7968 : 24;
    7969 : 24;
    7970 : FF;
    7971 : FF;
    7972 : 24;
    7973 : 24;
    7974 : 24;
    7975 : 24;
    7976 : FF;
    7977 : FF;
    7978 : 24;
    7979 : 24;
    7980 : 24;
    7981 : 24;
    7982 : 00;
    7983 : 00;
    7984 : 24;
    7985 : 24;
    7986 : FF;
    7987 : FF;
    7988 : 24;
    7989 : 24;
    7990 : 24;
    7991 : 24;
    7992 : FF;
    7993 : FF;
    7994 : 24;
    7995 : 24;
    7996 : 24;
    7997 : 24;
    7998 : 00;
    7999 : 00;
    8000 : 24;
    8001 : 24;
    8002 : FF;
    8003 : FF;
    8004 : FF;
    8005 : FF;
    8006 : 24;
    8007 : 24;
    8008 : FF;
    8009 : FF;
    8010 : 24;
    8011 : 24;
    8012 : 24;
    8013 : 24;
    8014 : 00;
    8015 : 00;
    8016 : 24;
    8017 : 24;
    8018 : FF;
    8019 : FF;
    8020 : FF;
    8021 : FF;
    8022 : 24;
    8023 : 24;
    8024 : FF;
    8025 : FF;
    8026 : 24;
    8027 : 24;
    8028 : 24;
    8029 : 24;
    8030 : 00;
    8031 : 00;
    8032 : 24;
    8033 : 24;
    8034 : FF;
    8035 : FF;
    8036 : 24;
    8037 : 24;
    8038 : FF;
    8039 : FF;
    8040 : FF;
    8041 : FF;
    8042 : 24;
    8043 : 24;
    8044 : 24;
    8045 : 24;
    8046 : 00;
    8047 : 00;
    8048 : 24;
    8049 : 24;
    8050 : FF;
    8051 : FF;
    8052 : 24;
    8053 : 24;
    8054 : FF;
    8055 : FF;
    8056 : FF;
    8057 : FF;
    8058 : 24;
    8059 : 24;
    8060 : 24;
    8061 : 24;
    8062 : 00;
    8063 : 00;
    8064 : 24;
    8065 : 24;
    8066 : FF;
    8067 : FF;
    8068 : 24;
    8069 : 24;
    8070 : 24;
    8071 : 24;
    8072 : FF;
    8073 : FF;
    8074 : 24;
    8075 : 24;
    8076 : 24;
    8077 : 24;
    8078 : 00;
    8079 : 00;
    8080 : 24;
    8081 : 24;
    8082 : FF;
    8083 : FF;
    8084 : 24;
    8085 : 24;
    8086 : 24;
    8087 : 24;
    8088 : FF;
    8089 : FF;
    8090 : 24;
    8091 : 24;
    8092 : 24;
    8093 : 24;
    8094 : 00;
    8095 : 00;
    8096 : 24;
    8097 : 24;
    8098 : FF;
    8099 : FF;
    8100 : 24;
    8101 : 24;
    8102 : 24;
    8103 : 24;
    8104 : FF;
    8105 : FF;
    8106 : 24;
    8107 : 24;
    8108 : 24;
    8109 : 24;
    8110 : 00;
    8111 : 00;
    8112 : 24;
    8113 : 24;
    8114 : FF;
    8115 : FF;
    8116 : 24;
    8117 : 24;
    8118 : 24;
    8119 : 24;
    8120 : FF;
    8121 : FF;
    8122 : 24;
    8123 : 24;
    8124 : 24;
    8125 : 24;
    8126 : 00;
    8127 : 00;
    8128 : 24;
    8129 : 24;
    8130 : 24;
    8131 : 24;
    8132 : 24;
    8133 : 24;
    8134 : 24;
    8135 : 24;
    8136 : 24;
    8137 : 24;
    8138 : 24;
    8139 : 24;
    8140 : 24;
    8141 : 24;
    8142 : 00;
    8143 : 00;
    8144 : 24;
    8145 : 24;
    8146 : 24;
    8147 : 24;
    8148 : 24;
    8149 : 24;
    8150 : 24;
    8151 : 24;
    8152 : 24;
    8153 : 24;
    8154 : 24;
    8155 : 24;
    8156 : 24;
    8157 : 24;
    8158 : 00;
    8159 : 00;
    8160 : 00;
    8161 : 00;
    8162 : 00;
    8163 : 00;
    8164 : 00;
    8165 : 00;
    8166 : 00;
    8167 : 00;
    8168 : 00;
    8169 : 00;
    8170 : 00;
    8171 : 00;
    8172 : 00;
    8173 : 00;
    8174 : 00;
    8175 : 00;
    8176 : 00;
    8177 : 00;
    8178 : 00;
    8179 : 00;
    8180 : 00;
    8181 : 00;
    8182 : 00;
    8183 : 00;
    8184 : 00;
    8185 : 00;
    8186 : 00;
    8187 : 00;
    8188 : 00;
    8189 : 00;
    8190 : 00;
    8191 : 00;
END;
