-- Memory Initialization File (.mif)
-- 133 Tiles de 8x8 pixels
-- Formato de cor: RRRGGGBB
-- 3 bits vermelho
-- 3 bits verde
-- 2 bits azul
-- Total de enderecos: 8576

DEPTH = 8576;
WIDTH = 8;
ADDRESS_RADIX = DEC;
DATA_RADIX = HEX;
CONTENT BEGIN
    0 : 00;
    1 : 00;
    2 : 00;
    3 : 00;
    4 : 00;
    5 : 00;
    6 : 00;
    7 : 00;
    8 : FF;
    9 : FF;
    10 : FF;
    11 : FF;
    12 : 00;
    13 : FF;
    14 : FF;
    15 : FF;
    16 : FF;
    17 : FF;
    18 : FF;
    19 : FF;
    20 : 00;
    21 : FF;
    22 : FF;
    23 : FF;
    24 : FF;
    25 : FF;
    26 : FF;
    27 : FF;
    28 : 00;
    29 : FF;
    30 : FF;
    31 : FF;
    32 : 00;
    33 : 00;
    34 : 00;
    35 : 00;
    36 : 00;
    37 : 00;
    38 : 00;
    39 : 00;
    40 : FF;
    41 : FF;
    42 : 00;
    43 : FF;
    44 : FF;
    45 : FF;
    46 : FF;
    47 : FF;
    48 : FF;
    49 : FF;
    50 : 00;
    51 : FF;
    52 : FF;
    53 : FF;
    54 : FF;
    55 : FF;
    56 : FF;
    57 : FF;
    58 : 00;
    59 : FF;
    60 : FF;
    61 : FF;
    62 : FF;
    63 : FF;
    64 : 00;
    65 : 00;
    66 : 00;
    67 : 00;
    68 : 00;
    69 : 00;
    70 : 00;
    71 : 00;
    72 : 00;
    73 : FF;
    74 : FF;
    75 : 00;
    76 : 00;
    77 : FF;
    78 : FF;
    79 : 00;
    80 : 00;
    81 : FF;
    82 : 00;
    83 : 00;
    84 : 00;
    85 : 00;
    86 : FF;
    87 : 00;
    88 : 00;
    89 : 00;
    90 : 00;
    91 : 00;
    92 : 00;
    93 : 00;
    94 : 00;
    95 : 00;
    96 : 00;
    97 : 00;
    98 : 00;
    99 : 00;
    100 : 00;
    101 : 00;
    102 : 00;
    103 : 00;
    104 : 00;
    105 : FF;
    106 : 00;
    107 : 00;
    108 : 00;
    109 : 00;
    110 : FF;
    111 : 00;
    112 : 00;
    113 : FF;
    114 : FF;
    115 : 00;
    116 : 00;
    117 : FF;
    118 : FF;
    119 : 00;
    120 : 00;
    121 : 00;
    122 : 00;
    123 : 00;
    124 : 00;
    125 : 00;
    126 : 00;
    127 : 00;
    128 : 00;
    129 : 00;
    130 : FF;
    131 : 00;
    132 : 00;
    133 : FF;
    134 : 00;
    135 : 00;
    136 : 00;
    137 : 00;
    138 : FF;
    139 : 00;
    140 : 00;
    141 : FF;
    142 : 00;
    143 : 00;
    144 : FF;
    145 : FF;
    146 : 00;
    147 : 00;
    148 : 00;
    149 : 00;
    150 : FF;
    151 : FF;
    152 : 00;
    153 : 00;
    154 : 00;
    155 : FF;
    156 : FF;
    157 : 00;
    158 : 00;
    159 : 00;
    160 : 00;
    161 : 00;
    162 : 00;
    163 : FF;
    164 : FF;
    165 : 00;
    166 : 00;
    167 : 00;
    168 : FF;
    169 : FF;
    170 : 00;
    171 : 00;
    172 : 00;
    173 : 00;
    174 : FF;
    175 : FF;
    176 : 00;
    177 : 00;
    178 : FF;
    179 : 00;
    180 : 00;
    181 : FF;
    182 : 00;
    183 : 00;
    184 : 00;
    185 : 00;
    186 : FF;
    187 : 00;
    188 : 00;
    189 : FF;
    190 : 00;
    191 : 00;
    192 : FF;
    193 : FF;
    194 : FF;
    195 : FF;
    196 : 00;
    197 : FF;
    198 : FF;
    199 : FF;
    200 : FF;
    201 : 00;
    202 : FF;
    203 : FF;
    204 : 00;
    205 : FF;
    206 : 00;
    207 : FF;
    208 : FF;
    209 : FF;
    210 : FF;
    211 : FF;
    212 : 00;
    213 : FF;
    214 : FF;
    215 : FF;
    216 : 00;
    217 : 00;
    218 : 00;
    219 : 00;
    220 : 00;
    221 : 00;
    222 : 00;
    223 : 00;
    224 : FF;
    225 : FF;
    226 : 00;
    227 : FF;
    228 : FF;
    229 : FF;
    230 : FF;
    231 : FF;
    232 : 00;
    233 : FF;
    234 : 00;
    235 : FF;
    236 : FF;
    237 : 00;
    238 : FF;
    239 : FF;
    240 : FF;
    241 : FF;
    242 : 00;
    243 : FF;
    244 : FF;
    245 : FF;
    246 : FF;
    247 : FF;
    248 : 00;
    249 : 00;
    250 : 00;
    251 : 00;
    252 : 00;
    253 : 00;
    254 : 00;
    255 : 00;
    256 : 10;
    257 : 10;
    258 : 0C;
    259 : 10;
    260 : 10;
    261 : 14;
    262 : 10;
    263 : 10;
    264 : 10;
    265 : 14;
    266 : 10;
    267 : 14;
    268 : 10;
    269 : 10;
    270 : 10;
    271 : 10;
    272 : 10;
    273 : 14;
    274 : 14;
    275 : 10;
    276 : 14;
    277 : 14;
    278 : 10;
    279 : 14;
    280 : 14;
    281 : 14;
    282 : 10;
    283 : 14;
    284 : 10;
    285 : 14;
    286 : 14;
    287 : 10;
    288 : 0C;
    289 : 10;
    290 : 14;
    291 : 14;
    292 : 10;
    293 : 14;
    294 : 14;
    295 : 14;
    296 : 14;
    297 : 10;
    298 : 14;
    299 : 10;
    300 : 14;
    301 : 10;
    302 : 14;
    303 : 10;
    304 : 14;
    305 : 10;
    306 : 10;
    307 : 10;
    308 : 10;
    309 : 14;
    310 : 14;
    311 : 10;
    312 : 10;
    313 : 14;
    314 : 10;
    315 : 14;
    316 : 14;
    317 : 10;
    318 : 10;
    319 : 10;
    320 : 6D;
    321 : 6D;
    322 : 92;
    323 : 6D;
    324 : 6D;
    325 : 6D;
    326 : 8E;
    327 : 92;
    328 : B2;
    329 : 6D;
    330 : 92;
    331 : 6D;
    332 : 6D;
    333 : 92;
    334 : 6D;
    335 : 49;
    336 : 6D;
    337 : 6D;
    338 : 92;
    339 : 6D;
    340 : 92;
    341 : 92;
    342 : 6D;
    343 : 6D;
    344 : 92;
    345 : 6D;
    346 : 6D;
    347 : 8E;
    348 : B2;
    349 : 92;
    350 : 69;
    351 : 6D;
    352 : 69;
    353 : 92;
    354 : 6D;
    355 : 6D;
    356 : 6D;
    357 : 8E;
    358 : 6D;
    359 : 92;
    360 : 6D;
    361 : 8E;
    362 : 92;
    363 : 92;
    364 : 92;
    365 : 8E;
    366 : 6D;
    367 : 8E;
    368 : B2;
    369 : 92;
    370 : 92;
    371 : 92;
    372 : 6D;
    373 : 6D;
    374 : 69;
    375 : 69;
    376 : 92;
    377 : B6;
    378 : 6D;
    379 : 6D;
    380 : 92;
    381 : 6D;
    382 : 49;
    383 : 92;
    384 : 40;
    385 : 64;
    386 : 64;
    387 : 40;
    388 : 44;
    389 : 40;
    390 : 64;
    391 : 40;
    392 : 40;
    393 : 44;
    394 : 40;
    395 : 64;
    396 : 44;
    397 : 64;
    398 : 64;
    399 : 44;
    400 : 64;
    401 : 44;
    402 : 40;
    403 : 64;
    404 : 64;
    405 : 64;
    406 : 40;
    407 : 44;
    408 : 40;
    409 : 40;
    410 : 64;
    411 : 64;
    412 : 64;
    413 : 64;
    414 : 40;
    415 : 64;
    416 : 20;
    417 : 40;
    418 : 44;
    419 : 40;
    420 : 40;
    421 : 40;
    422 : 44;
    423 : 64;
    424 : 64;
    425 : 40;
    426 : 44;
    427 : 40;
    428 : 64;
    429 : 64;
    430 : 44;
    431 : 64;
    432 : 44;
    433 : 64;
    434 : 44;
    435 : 40;
    436 : 64;
    437 : 64;
    438 : 64;
    439 : 40;
    440 : 40;
    441 : 64;
    442 : 64;
    443 : 64;
    444 : 64;
    445 : 64;
    446 : 44;
    447 : 40;
    448 : 40;
    449 : 40;
    450 : 40;
    451 : 40;
    452 : 40;
    453 : 40;
    454 : 40;
    455 : 40;
    456 : 40;
    457 : 40;
    458 : 40;
    459 : 40;
    460 : 40;
    461 : 40;
    462 : 40;
    463 : 40;
    464 : 40;
    465 : 40;
    466 : 40;
    467 : 40;
    468 : 40;
    469 : 40;
    470 : 40;
    471 : 40;
    472 : 40;
    473 : 40;
    474 : 40;
    475 : 40;
    476 : 40;
    477 : 40;
    478 : 40;
    479 : 40;
    480 : 40;
    481 : 40;
    482 : 40;
    483 : 40;
    484 : 40;
    485 : 40;
    486 : 40;
    487 : 40;
    488 : 40;
    489 : 40;
    490 : 40;
    491 : 40;
    492 : 40;
    493 : 40;
    494 : 40;
    495 : 40;
    496 : 40;
    497 : 40;
    498 : 40;
    499 : 40;
    500 : 40;
    501 : 40;
    502 : 40;
    503 : 40;
    504 : 40;
    505 : 40;
    506 : 40;
    507 : 40;
    508 : 40;
    509 : 40;
    510 : 40;
    511 : 40;
    512 : B1;
    513 : 6D;
    514 : 8D;
    515 : 6D;
    516 : 8D;
    517 : 8D;
    518 : 8D;
    519 : 8D;
    520 : 6D;
    521 : 68;
    522 : 6D;
    523 : 68;
    524 : 6D;
    525 : 6D;
    526 : 8D;
    527 : 6D;
    528 : 6D;
    529 : 6D;
    530 : 6D;
    531 : 6D;
    532 : 6D;
    533 : 6D;
    534 : 6D;
    535 : 8D;
    536 : 6D;
    537 : 91;
    538 : 8D;
    539 : 6D;
    540 : 8D;
    541 : 8D;
    542 : 8D;
    543 : 6D;
    544 : 68;
    545 : 6D;
    546 : 68;
    547 : 68;
    548 : 68;
    549 : 6D;
    550 : 6D;
    551 : 68;
    552 : 6D;
    553 : 6D;
    554 : 6D;
    555 : 6D;
    556 : 8D;
    557 : 8D;
    558 : 6D;
    559 : 8D;
    560 : B1;
    561 : 8D;
    562 : 91;
    563 : 8D;
    564 : 8D;
    565 : 8D;
    566 : 8D;
    567 : 8D;
    568 : 6D;
    569 : 6D;
    570 : 6D;
    571 : 6D;
    572 : 8D;
    573 : 6D;
    574 : 6D;
    575 : 8D;
    576 : FA;
    577 : FA;
    578 : DA;
    579 : DA;
    580 : FA;
    581 : DA;
    582 : DA;
    583 : DA;
    584 : DA;
    585 : FA;
    586 : FA;
    587 : DA;
    588 : DA;
    589 : FA;
    590 : FA;
    591 : DA;
    592 : DA;
    593 : FA;
    594 : DA;
    595 : FA;
    596 : DA;
    597 : DA;
    598 : DA;
    599 : DA;
    600 : DA;
    601 : FA;
    602 : DA;
    603 : DA;
    604 : DA;
    605 : FA;
    606 : DA;
    607 : DA;
    608 : DA;
    609 : DA;
    610 : DA;
    611 : FA;
    612 : DA;
    613 : FA;
    614 : DA;
    615 : DA;
    616 : FA;
    617 : DA;
    618 : DA;
    619 : DA;
    620 : DA;
    621 : DA;
    622 : DA;
    623 : FA;
    624 : FA;
    625 : DA;
    626 : FA;
    627 : FA;
    628 : DA;
    629 : FA;
    630 : DA;
    631 : FA;
    632 : FA;
    633 : DA;
    634 : DA;
    635 : FA;
    636 : FA;
    637 : FA;
    638 : DA;
    639 : DA;
    640 : 6D;
    641 : 69;
    642 : 6D;
    643 : 6D;
    644 : 6D;
    645 : 6D;
    646 : 69;
    647 : 6D;
    648 : 69;
    649 : 00;
    650 : 00;
    651 : 6D;
    652 : 6D;
    653 : 6D;
    654 : 00;
    655 : 49;
    656 : 6D;
    657 : 49;
    658 : 00;
    659 : 6D;
    660 : 6D;
    661 : 00;
    662 : 00;
    663 : 69;
    664 : 8E;
    665 : 92;
    666 : 6D;
    667 : 8E;
    668 : 00;
    669 : 00;
    670 : 49;
    671 : 69;
    672 : 6D;
    673 : 49;
    674 : 6D;
    675 : 6D;
    676 : 49;
    677 : 49;
    678 : 69;
    679 : 8E;
    680 : 49;
    681 : 00;
    682 : 49;
    683 : 8E;
    684 : 6D;
    685 : 00;
    686 : 00;
    687 : 6D;
    688 : 49;
    689 : 00;
    690 : 00;
    691 : 6D;
    692 : 00;
    693 : 00;
    694 : 69;
    695 : 69;
    696 : 49;
    697 : 6D;
    698 : 72;
    699 : 6D;
    700 : 92;
    701 : 6D;
    702 : 49;
    703 : 92;
    704 : 6D;
    705 : 69;
    706 : 6D;
    707 : 6D;
    708 : 6D;
    709 : 6D;
    710 : 69;
    711 : 6D;
    712 : 69;
    713 : 1F;
    714 : 1F;
    715 : 6D;
    716 : 6D;
    717 : 6D;
    718 : 1B;
    719 : 49;
    720 : 6D;
    721 : 49;
    722 : 1B;
    723 : 6D;
    724 : 6D;
    725 : 1B;
    726 : 1B;
    727 : 69;
    728 : 8E;
    729 : 92;
    730 : 6D;
    731 : 8E;
    732 : 1F;
    733 : 1F;
    734 : 49;
    735 : 69;
    736 : 6D;
    737 : 49;
    738 : 6D;
    739 : 6D;
    740 : 49;
    741 : 49;
    742 : 69;
    743 : 8E;
    744 : 49;
    745 : 1F;
    746 : 49;
    747 : 8E;
    748 : 6D;
    749 : 1B;
    750 : 1B;
    751 : 6D;
    752 : 49;
    753 : 1B;
    754 : 1B;
    755 : 6D;
    756 : 1F;
    757 : 1F;
    758 : 69;
    759 : 69;
    760 : 49;
    761 : 6D;
    762 : 72;
    763 : 6D;
    764 : 92;
    765 : 6D;
    766 : 49;
    767 : 92;
    768 : 6D;
    769 : 69;
    770 : 6D;
    771 : 6D;
    772 : 6D;
    773 : 6D;
    774 : 69;
    775 : 6D;
    776 : 69;
    777 : D4;
    778 : D4;
    779 : 6D;
    780 : 6D;
    781 : 6D;
    782 : D4;
    783 : 49;
    784 : 6D;
    785 : 49;
    786 : D4;
    787 : 6D;
    788 : 6D;
    789 : D4;
    790 : D4;
    791 : 69;
    792 : 8E;
    793 : 92;
    794 : 6D;
    795 : 8E;
    796 : D4;
    797 : D4;
    798 : 49;
    799 : 69;
    800 : 6D;
    801 : 49;
    802 : 6D;
    803 : 6D;
    804 : 49;
    805 : 49;
    806 : 69;
    807 : 8E;
    808 : 49;
    809 : D4;
    810 : 49;
    811 : 8E;
    812 : 6D;
    813 : D4;
    814 : D4;
    815 : 6D;
    816 : 49;
    817 : D4;
    818 : D4;
    819 : 6D;
    820 : D4;
    821 : D4;
    822 : 69;
    823 : 69;
    824 : 49;
    825 : 6D;
    826 : 72;
    827 : 6D;
    828 : 92;
    829 : 6D;
    830 : 49;
    831 : 92;
    832 : 6D;
    833 : 69;
    834 : 6D;
    835 : 6D;
    836 : 6D;
    837 : 6D;
    838 : 69;
    839 : 6D;
    840 : 69;
    841 : B5;
    842 : B5;
    843 : 6D;
    844 : 6D;
    845 : 6D;
    846 : B5;
    847 : 49;
    848 : 6D;
    849 : 49;
    850 : B1;
    851 : 6D;
    852 : 6D;
    853 : B1;
    854 : B5;
    855 : 69;
    856 : 8E;
    857 : 92;
    858 : 6D;
    859 : 8E;
    860 : B1;
    861 : B1;
    862 : 49;
    863 : 69;
    864 : 6D;
    865 : 49;
    866 : 6D;
    867 : 6D;
    868 : 49;
    869 : 49;
    870 : 69;
    871 : 8E;
    872 : 49;
    873 : B1;
    874 : 49;
    875 : 8E;
    876 : 6D;
    877 : B1;
    878 : B1;
    879 : 6D;
    880 : 49;
    881 : B5;
    882 : B1;
    883 : 6D;
    884 : B5;
    885 : B5;
    886 : 69;
    887 : 69;
    888 : 49;
    889 : 6D;
    890 : 72;
    891 : 6D;
    892 : 92;
    893 : 6D;
    894 : 49;
    895 : 92;
    896 : 92;
    897 : 92;
    898 : 71;
    899 : 92;
    900 : 92;
    901 : 92;
    902 : 71;
    903 : 6D;
    904 : 92;
    905 : 71;
    906 : 6D;
    907 : 92;
    908 : 71;
    909 : 71;
    910 : 6D;
    911 : 71;
    912 : 71;
    913 : 71;
    914 : 6D;
    915 : 71;
    916 : 6D;
    917 : 6D;
    918 : 71;
    919 : 92;
    920 : 6D;
    921 : 6D;
    922 : 71;
    923 : 6D;
    924 : 71;
    925 : 71;
    926 : 92;
    927 : 71;
    928 : 71;
    929 : 6D;
    930 : 92;
    931 : 71;
    932 : 92;
    933 : 92;
    934 : 71;
    935 : 6D;
    936 : 92;
    937 : 71;
    938 : 92;
    939 : 92;
    940 : 71;
    941 : 71;
    942 : 6D;
    943 : 71;
    944 : 71;
    945 : 6D;
    946 : 92;
    947 : 71;
    948 : 6D;
    949 : 6D;
    950 : 71;
    951 : 92;
    952 : 6D;
    953 : 92;
    954 : 71;
    955 : 6D;
    956 : 71;
    957 : 71;
    958 : 92;
    959 : 6D;
    960 : 24;
    961 : B6;
    962 : 6D;
    963 : 6D;
    964 : 6D;
    965 : 6D;
    966 : B6;
    967 : B6;
    968 : 24;
    969 : B6;
    970 : 49;
    971 : 24;
    972 : 24;
    973 : 24;
    974 : 24;
    975 : B6;
    976 : 24;
    977 : 6D;
    978 : 49;
    979 : B6;
    980 : 6D;
    981 : B6;
    982 : 24;
    983 : B6;
    984 : 49;
    985 : 6D;
    986 : 24;
    987 : 6D;
    988 : 49;
    989 : 6D;
    990 : 49;
    991 : 6D;
    992 : 24;
    993 : B6;
    994 : 24;
    995 : B6;
    996 : 6D;
    997 : B6;
    998 : 24;
    999 : 6D;
    1000 : 24;
    1001 : B6;
    1002 : 24;
    1003 : 24;
    1004 : 49;
    1005 : 49;
    1006 : 24;
    1007 : B6;
    1008 : 24;
    1009 : B6;
    1010 : 6D;
    1011 : 6D;
    1012 : B6;
    1013 : B6;
    1014 : B6;
    1015 : B6;
    1016 : 24;
    1017 : 24;
    1018 : 24;
    1019 : 24;
    1020 : 24;
    1021 : 49;
    1022 : 24;
    1023 : 24;
    1024 : 6D;
    1025 : 49;
    1026 : 6D;
    1027 : 49;
    1028 : 6D;
    1029 : 49;
    1030 : 92;
    1031 : 49;
    1032 : 49;
    1033 : 6D;
    1034 : 49;
    1035 : 92;
    1036 : 49;
    1037 : 6D;
    1038 : 49;
    1039 : 6D;
    1040 : 92;
    1041 : 49;
    1042 : 6D;
    1043 : 49;
    1044 : 6D;
    1045 : 49;
    1046 : 6D;
    1047 : 49;
    1048 : 49;
    1049 : 6D;
    1050 : 49;
    1051 : 6D;
    1052 : 49;
    1053 : 6D;
    1054 : 49;
    1055 : 6D;
    1056 : 6D;
    1057 : 49;
    1058 : 92;
    1059 : 49;
    1060 : 6D;
    1061 : 49;
    1062 : 6D;
    1063 : 49;
    1064 : 49;
    1065 : 6D;
    1066 : 49;
    1067 : 6D;
    1068 : 49;
    1069 : 92;
    1070 : 49;
    1071 : 6D;
    1072 : 6D;
    1073 : 49;
    1074 : 6D;
    1075 : 49;
    1076 : 6D;
    1077 : 49;
    1078 : 6D;
    1079 : 49;
    1080 : 49;
    1081 : 6D;
    1082 : 49;
    1083 : 6D;
    1084 : 49;
    1085 : 6D;
    1086 : 49;
    1087 : 92;
    1088 : 05;
    1089 : 33;
    1090 : 05;
    1091 : 13;
    1092 : 13;
    1093 : 05;
    1094 : 33;
    1095 : 05;
    1096 : 0F;
    1097 : 05;
    1098 : 33;
    1099 : 0A;
    1100 : 0A;
    1101 : 33;
    1102 : 05;
    1103 : 0F;
    1104 : 05;
    1105 : 0F;
    1106 : 05;
    1107 : 13;
    1108 : 13;
    1109 : 05;
    1110 : 0F;
    1111 : 05;
    1112 : 13;
    1113 : 0A;
    1114 : 13;
    1115 : 0A;
    1116 : 0A;
    1117 : 13;
    1118 : 0A;
    1119 : 13;
    1120 : 13;
    1121 : 0A;
    1122 : 13;
    1123 : 0A;
    1124 : 0A;
    1125 : 13;
    1126 : 0A;
    1127 : 13;
    1128 : 05;
    1129 : 0F;
    1130 : 05;
    1131 : 13;
    1132 : 13;
    1133 : 05;
    1134 : 0F;
    1135 : 05;
    1136 : 0F;
    1137 : 05;
    1138 : 33;
    1139 : 0A;
    1140 : 0A;
    1141 : 33;
    1142 : 05;
    1143 : 0F;
    1144 : 05;
    1145 : 33;
    1146 : 05;
    1147 : 13;
    1148 : 13;
    1149 : 05;
    1150 : 33;
    1151 : 05;
    1152 : 97;
    1153 : 97;
    1154 : 97;
    1155 : 97;
    1156 : 33;
    1157 : 33;
    1158 : 33;
    1159 : 33;
    1160 : 97;
    1161 : 97;
    1162 : 97;
    1163 : 97;
    1164 : 33;
    1165 : 33;
    1166 : 33;
    1167 : 33;
    1168 : 97;
    1169 : 97;
    1170 : 97;
    1171 : 97;
    1172 : 33;
    1173 : 33;
    1174 : 33;
    1175 : 33;
    1176 : 97;
    1177 : 97;
    1178 : 97;
    1179 : 97;
    1180 : 33;
    1181 : 33;
    1182 : 33;
    1183 : 33;
    1184 : 33;
    1185 : 33;
    1186 : 33;
    1187 : 33;
    1188 : 97;
    1189 : 97;
    1190 : 97;
    1191 : 97;
    1192 : 33;
    1193 : 33;
    1194 : 33;
    1195 : 33;
    1196 : 97;
    1197 : 97;
    1198 : 97;
    1199 : 97;
    1200 : 33;
    1201 : 33;
    1202 : 33;
    1203 : 33;
    1204 : 97;
    1205 : 97;
    1206 : 97;
    1207 : 97;
    1208 : 33;
    1209 : 33;
    1210 : 33;
    1211 : 33;
    1212 : 97;
    1213 : 97;
    1214 : 97;
    1215 : 97;
    1216 : 53;
    1217 : 53;
    1218 : 53;
    1219 : 53;
    1220 : 2F;
    1221 : 2F;
    1222 : 2F;
    1223 : 2F;
    1224 : 53;
    1225 : 77;
    1226 : 77;
    1227 : 53;
    1228 : 2F;
    1229 : 2F;
    1230 : 2F;
    1231 : 2F;
    1232 : 53;
    1233 : 77;
    1234 : 77;
    1235 : 53;
    1236 : 2F;
    1237 : 2F;
    1238 : 2F;
    1239 : 2F;
    1240 : 53;
    1241 : 53;
    1242 : 53;
    1243 : 53;
    1244 : 2F;
    1245 : 2F;
    1246 : 2F;
    1247 : 2F;
    1248 : 2F;
    1249 : 2F;
    1250 : 2F;
    1251 : 2F;
    1252 : 53;
    1253 : 53;
    1254 : 53;
    1255 : 53;
    1256 : 2F;
    1257 : 2F;
    1258 : 2F;
    1259 : 2F;
    1260 : 53;
    1261 : 77;
    1262 : 77;
    1263 : 53;
    1264 : 2F;
    1265 : 2F;
    1266 : 2F;
    1267 : 2F;
    1268 : 53;
    1269 : 77;
    1270 : 77;
    1271 : 53;
    1272 : 2F;
    1273 : 2F;
    1274 : 2F;
    1275 : 2F;
    1276 : 53;
    1277 : 53;
    1278 : 53;
    1279 : 53;
    1280 : 77;
    1281 : 77;
    1282 : 77;
    1283 : 77;
    1284 : 77;
    1285 : 77;
    1286 : 77;
    1287 : 77;
    1288 : 77;
    1289 : 77;
    1290 : 77;
    1291 : FF;
    1292 : FF;
    1293 : 77;
    1294 : 77;
    1295 : 77;
    1296 : 77;
    1297 : 77;
    1298 : 77;
    1299 : FF;
    1300 : FF;
    1301 : 77;
    1302 : 77;
    1303 : 77;
    1304 : 77;
    1305 : 77;
    1306 : 77;
    1307 : FF;
    1308 : FF;
    1309 : 77;
    1310 : 77;
    1311 : 77;
    1312 : 77;
    1313 : 77;
    1314 : 77;
    1315 : FF;
    1316 : FF;
    1317 : 77;
    1318 : 77;
    1319 : 77;
    1320 : 77;
    1321 : 77;
    1322 : 77;
    1323 : FF;
    1324 : FF;
    1325 : 77;
    1326 : 77;
    1327 : 77;
    1328 : 77;
    1329 : 77;
    1330 : 77;
    1331 : FF;
    1332 : FF;
    1333 : 77;
    1334 : 77;
    1335 : 77;
    1336 : 77;
    1337 : 77;
    1338 : 77;
    1339 : 77;
    1340 : 77;
    1341 : 77;
    1342 : 77;
    1343 : 77;
    1344 : E9;
    1345 : E9;
    1346 : E9;
    1347 : E9;
    1348 : A0;
    1349 : A0;
    1350 : A0;
    1351 : A0;
    1352 : E9;
    1353 : E9;
    1354 : E9;
    1355 : E9;
    1356 : A0;
    1357 : A0;
    1358 : A0;
    1359 : A0;
    1360 : E9;
    1361 : E9;
    1362 : E9;
    1363 : E9;
    1364 : A0;
    1365 : A0;
    1366 : A0;
    1367 : A0;
    1368 : E9;
    1369 : E9;
    1370 : E9;
    1371 : E9;
    1372 : A0;
    1373 : A0;
    1374 : A0;
    1375 : A0;
    1376 : A0;
    1377 : A0;
    1378 : A0;
    1379 : A0;
    1380 : E9;
    1381 : E9;
    1382 : E9;
    1383 : E9;
    1384 : A0;
    1385 : A0;
    1386 : A0;
    1387 : A0;
    1388 : E9;
    1389 : E9;
    1390 : E9;
    1391 : E9;
    1392 : A0;
    1393 : A0;
    1394 : A0;
    1395 : A0;
    1396 : E9;
    1397 : E9;
    1398 : E9;
    1399 : E9;
    1400 : A0;
    1401 : A0;
    1402 : A0;
    1403 : A0;
    1404 : E9;
    1405 : E9;
    1406 : E9;
    1407 : E9;
    1408 : C4;
    1409 : C4;
    1410 : C4;
    1411 : C4;
    1412 : A0;
    1413 : A0;
    1414 : A0;
    1415 : A0;
    1416 : C4;
    1417 : E4;
    1418 : E4;
    1419 : C4;
    1420 : A0;
    1421 : A0;
    1422 : A0;
    1423 : A0;
    1424 : C4;
    1425 : E4;
    1426 : E4;
    1427 : C4;
    1428 : A0;
    1429 : A0;
    1430 : A0;
    1431 : A0;
    1432 : C4;
    1433 : C4;
    1434 : C4;
    1435 : C4;
    1436 : A0;
    1437 : A0;
    1438 : A0;
    1439 : A0;
    1440 : A0;
    1441 : A0;
    1442 : A0;
    1443 : A0;
    1444 : C4;
    1445 : C4;
    1446 : C4;
    1447 : C4;
    1448 : A0;
    1449 : A0;
    1450 : A0;
    1451 : A0;
    1452 : C4;
    1453 : E4;
    1454 : E4;
    1455 : C4;
    1456 : A0;
    1457 : A0;
    1458 : A0;
    1459 : A0;
    1460 : C4;
    1461 : E4;
    1462 : E4;
    1463 : C4;
    1464 : A0;
    1465 : A0;
    1466 : A0;
    1467 : A0;
    1468 : C4;
    1469 : C4;
    1470 : C4;
    1471 : C4;
    1472 : C0;
    1473 : C0;
    1474 : C0;
    1475 : C0;
    1476 : C0;
    1477 : C0;
    1478 : C0;
    1479 : C0;
    1480 : C0;
    1481 : C0;
    1482 : C0;
    1483 : FF;
    1484 : FF;
    1485 : C0;
    1486 : C0;
    1487 : C0;
    1488 : C0;
    1489 : C0;
    1490 : C0;
    1491 : FF;
    1492 : FF;
    1493 : C0;
    1494 : C0;
    1495 : C0;
    1496 : C0;
    1497 : C0;
    1498 : C0;
    1499 : FF;
    1500 : FF;
    1501 : C0;
    1502 : C0;
    1503 : C0;
    1504 : C0;
    1505 : C0;
    1506 : C0;
    1507 : FF;
    1508 : FF;
    1509 : C0;
    1510 : C0;
    1511 : C0;
    1512 : C0;
    1513 : C0;
    1514 : C0;
    1515 : FF;
    1516 : FF;
    1517 : C0;
    1518 : C0;
    1519 : C0;
    1520 : C0;
    1521 : C0;
    1522 : C0;
    1523 : FF;
    1524 : FF;
    1525 : C0;
    1526 : C0;
    1527 : C0;
    1528 : C0;
    1529 : C0;
    1530 : C0;
    1531 : C0;
    1532 : C0;
    1533 : C0;
    1534 : C0;
    1535 : C0;
    1536 : FC;
    1537 : FC;
    1538 : FC;
    1539 : FC;
    1540 : D8;
    1541 : D8;
    1542 : D8;
    1543 : D8;
    1544 : FC;
    1545 : FC;
    1546 : FC;
    1547 : FC;
    1548 : D8;
    1549 : D8;
    1550 : D8;
    1551 : D8;
    1552 : FC;
    1553 : FC;
    1554 : FC;
    1555 : FC;
    1556 : D8;
    1557 : D8;
    1558 : D8;
    1559 : D8;
    1560 : FC;
    1561 : FC;
    1562 : FC;
    1563 : FC;
    1564 : D8;
    1565 : D8;
    1566 : D8;
    1567 : D8;
    1568 : D8;
    1569 : D8;
    1570 : D8;
    1571 : D8;
    1572 : FC;
    1573 : FC;
    1574 : FC;
    1575 : FC;
    1576 : D8;
    1577 : D8;
    1578 : D8;
    1579 : D8;
    1580 : FC;
    1581 : FC;
    1582 : FC;
    1583 : FC;
    1584 : D8;
    1585 : D8;
    1586 : D8;
    1587 : D8;
    1588 : FC;
    1589 : FC;
    1590 : FC;
    1591 : FC;
    1592 : D8;
    1593 : D8;
    1594 : D8;
    1595 : D8;
    1596 : FC;
    1597 : FC;
    1598 : FC;
    1599 : FC;
    1600 : D8;
    1601 : D8;
    1602 : D8;
    1603 : D8;
    1604 : B4;
    1605 : B4;
    1606 : B4;
    1607 : B4;
    1608 : D8;
    1609 : FC;
    1610 : FC;
    1611 : D8;
    1612 : B4;
    1613 : D8;
    1614 : D8;
    1615 : B4;
    1616 : D8;
    1617 : FC;
    1618 : FC;
    1619 : D8;
    1620 : B4;
    1621 : D8;
    1622 : D8;
    1623 : B4;
    1624 : D8;
    1625 : D8;
    1626 : D8;
    1627 : D8;
    1628 : B4;
    1629 : B4;
    1630 : B4;
    1631 : B4;
    1632 : B4;
    1633 : B4;
    1634 : B4;
    1635 : B4;
    1636 : D8;
    1637 : D8;
    1638 : D8;
    1639 : D8;
    1640 : B4;
    1641 : D8;
    1642 : D8;
    1643 : B4;
    1644 : D8;
    1645 : FC;
    1646 : FC;
    1647 : D8;
    1648 : B4;
    1649 : D8;
    1650 : D8;
    1651 : B4;
    1652 : D8;
    1653 : FC;
    1654 : FC;
    1655 : D8;
    1656 : B4;
    1657 : B4;
    1658 : B4;
    1659 : B4;
    1660 : D8;
    1661 : D8;
    1662 : D8;
    1663 : D8;
    1664 : D8;
    1665 : D8;
    1666 : D8;
    1667 : D8;
    1668 : D8;
    1669 : D8;
    1670 : D8;
    1671 : D8;
    1672 : D8;
    1673 : D8;
    1674 : D8;
    1675 : FF;
    1676 : FF;
    1677 : D8;
    1678 : D8;
    1679 : D8;
    1680 : D8;
    1681 : D8;
    1682 : D8;
    1683 : FF;
    1684 : FF;
    1685 : D8;
    1686 : D8;
    1687 : D8;
    1688 : D8;
    1689 : D8;
    1690 : D8;
    1691 : FF;
    1692 : FF;
    1693 : D8;
    1694 : D8;
    1695 : D8;
    1696 : D8;
    1697 : D8;
    1698 : D8;
    1699 : FF;
    1700 : FF;
    1701 : D8;
    1702 : D8;
    1703 : D8;
    1704 : D8;
    1705 : D8;
    1706 : D8;
    1707 : FF;
    1708 : FF;
    1709 : D8;
    1710 : D8;
    1711 : D8;
    1712 : D8;
    1713 : D8;
    1714 : D8;
    1715 : FF;
    1716 : FF;
    1717 : D8;
    1718 : D8;
    1719 : D8;
    1720 : D8;
    1721 : D8;
    1722 : D8;
    1723 : D8;
    1724 : D8;
    1725 : D8;
    1726 : D8;
    1727 : D8;
    1728 : 80;
    1729 : 80;
    1730 : FF;
    1731 : 80;
    1732 : 80;
    1733 : 80;
    1734 : 80;
    1735 : 80;
    1736 : 80;
    1737 : 80;
    1738 : FF;
    1739 : 80;
    1740 : 80;
    1741 : 80;
    1742 : 80;
    1743 : 80;
    1744 : 80;
    1745 : 80;
    1746 : FF;
    1747 : 80;
    1748 : 80;
    1749 : 80;
    1750 : 80;
    1751 : 80;
    1752 : FF;
    1753 : FF;
    1754 : FF;
    1755 : FF;
    1756 : FF;
    1757 : FF;
    1758 : FF;
    1759 : FF;
    1760 : 80;
    1761 : 80;
    1762 : 80;
    1763 : 80;
    1764 : 80;
    1765 : FF;
    1766 : 80;
    1767 : 80;
    1768 : 80;
    1769 : 80;
    1770 : 80;
    1771 : 80;
    1772 : 80;
    1773 : FF;
    1774 : 80;
    1775 : 80;
    1776 : 80;
    1777 : 80;
    1778 : 80;
    1779 : 80;
    1780 : 80;
    1781 : FF;
    1782 : 80;
    1783 : 80;
    1784 : FF;
    1785 : FF;
    1786 : FF;
    1787 : FF;
    1788 : FF;
    1789 : FF;
    1790 : FF;
    1791 : FF;
    1792 : 80;
    1793 : 80;
    1794 : 60;
    1795 : 80;
    1796 : 80;
    1797 : 80;
    1798 : 80;
    1799 : 80;
    1800 : 80;
    1801 : 80;
    1802 : 60;
    1803 : 80;
    1804 : 80;
    1805 : 80;
    1806 : 80;
    1807 : 80;
    1808 : 80;
    1809 : 80;
    1810 : 60;
    1811 : 80;
    1812 : 80;
    1813 : 80;
    1814 : 80;
    1815 : 80;
    1816 : 60;
    1817 : 60;
    1818 : 60;
    1819 : 60;
    1820 : 60;
    1821 : 60;
    1822 : 60;
    1823 : 60;
    1824 : 80;
    1825 : 80;
    1826 : 80;
    1827 : 80;
    1828 : 80;
    1829 : 60;
    1830 : 80;
    1831 : 80;
    1832 : 80;
    1833 : 80;
    1834 : 80;
    1835 : 80;
    1836 : 80;
    1837 : 60;
    1838 : 80;
    1839 : 80;
    1840 : 80;
    1841 : 80;
    1842 : 80;
    1843 : 80;
    1844 : 80;
    1845 : 60;
    1846 : 80;
    1847 : 80;
    1848 : 60;
    1849 : 60;
    1850 : 60;
    1851 : 60;
    1852 : 60;
    1853 : 60;
    1854 : 60;
    1855 : 60;
    1856 : B6;
    1857 : B6;
    1858 : B6;
    1859 : B6;
    1860 : B6;
    1861 : 49;
    1862 : B6;
    1863 : B6;
    1864 : 92;
    1865 : 92;
    1866 : 92;
    1867 : 92;
    1868 : 92;
    1869 : 49;
    1870 : B6;
    1871 : 92;
    1872 : 92;
    1873 : 92;
    1874 : 92;
    1875 : 92;
    1876 : 92;
    1877 : 24;
    1878 : B6;
    1879 : 92;
    1880 : 24;
    1881 : 24;
    1882 : 49;
    1883 : 49;
    1884 : 49;
    1885 : 24;
    1886 : 24;
    1887 : 24;
    1888 : B6;
    1889 : 24;
    1890 : B6;
    1891 : B6;
    1892 : B6;
    1893 : B6;
    1894 : B6;
    1895 : B6;
    1896 : 92;
    1897 : 49;
    1898 : B6;
    1899 : 92;
    1900 : 92;
    1901 : 92;
    1902 : 92;
    1903 : 92;
    1904 : 92;
    1905 : 24;
    1906 : B6;
    1907 : 92;
    1908 : 92;
    1909 : 92;
    1910 : 92;
    1911 : 92;
    1912 : 49;
    1913 : 24;
    1914 : 24;
    1915 : 49;
    1916 : 24;
    1917 : 24;
    1918 : 24;
    1919 : 49;
    1920 : FE;
    1921 : FE;
    1922 : FE;
    1923 : FE;
    1924 : FE;
    1925 : 91;
    1926 : FE;
    1927 : FE;
    1928 : DA;
    1929 : DA;
    1930 : DA;
    1931 : DA;
    1932 : DA;
    1933 : 91;
    1934 : FE;
    1935 : DA;
    1936 : DA;
    1937 : DA;
    1938 : DA;
    1939 : DA;
    1940 : DA;
    1941 : 6D;
    1942 : FE;
    1943 : DA;
    1944 : 6D;
    1945 : 6D;
    1946 : 91;
    1947 : 91;
    1948 : 91;
    1949 : 6D;
    1950 : 6D;
    1951 : 6D;
    1952 : FE;
    1953 : 6D;
    1954 : FE;
    1955 : FE;
    1956 : FE;
    1957 : FE;
    1958 : FE;
    1959 : FE;
    1960 : DA;
    1961 : 91;
    1962 : FE;
    1963 : DA;
    1964 : DA;
    1965 : DA;
    1966 : DA;
    1967 : DA;
    1968 : DA;
    1969 : 6D;
    1970 : FE;
    1971 : DA;
    1972 : DA;
    1973 : DA;
    1974 : DA;
    1975 : DA;
    1976 : 91;
    1977 : 6D;
    1978 : 6D;
    1979 : 91;
    1980 : 6D;
    1981 : 6D;
    1982 : 6D;
    1983 : 91;
    1984 : 7B;
    1985 : 7B;
    1986 : 09;
    1987 : 7B;
    1988 : 7B;
    1989 : 7B;
    1990 : 7B;
    1991 : 7B;
    1992 : 17;
    1993 : 17;
    1994 : 09;
    1995 : 7B;
    1996 : 17;
    1997 : 17;
    1998 : 17;
    1999 : 17;
    2000 : 17;
    2001 : 17;
    2002 : 09;
    2003 : 7B;
    2004 : 17;
    2005 : 17;
    2006 : 17;
    2007 : 17;
    2008 : 09;
    2009 : 09;
    2010 : 09;
    2011 : 09;
    2012 : 09;
    2013 : 09;
    2014 : 09;
    2015 : 09;
    2016 : 7B;
    2017 : 7B;
    2018 : 7B;
    2019 : 7B;
    2020 : 7B;
    2021 : 09;
    2022 : 7B;
    2023 : 7B;
    2024 : 17;
    2025 : 17;
    2026 : 17;
    2027 : 17;
    2028 : 17;
    2029 : 09;
    2030 : 7B;
    2031 : 17;
    2032 : 17;
    2033 : 17;
    2034 : 17;
    2035 : 17;
    2036 : 17;
    2037 : 09;
    2038 : 7B;
    2039 : 17;
    2040 : 09;
    2041 : 09;
    2042 : 09;
    2043 : 09;
    2044 : 09;
    2045 : 09;
    2046 : 09;
    2047 : 09;
    2048 : FF;
    2049 : FF;
    2050 : FF;
    2051 : DB;
    2052 : 24;
    2053 : FF;
    2054 : FF;
    2055 : FF;
    2056 : FF;
    2057 : FF;
    2058 : FF;
    2059 : DB;
    2060 : 24;
    2061 : FF;
    2062 : FF;
    2063 : FF;
    2064 : DB;
    2065 : DB;
    2066 : DB;
    2067 : DB;
    2068 : 24;
    2069 : DB;
    2070 : DB;
    2071 : DB;
    2072 : 24;
    2073 : 24;
    2074 : 24;
    2075 : 24;
    2076 : 24;
    2077 : 24;
    2078 : 24;
    2079 : 24;
    2080 : FF;
    2081 : DB;
    2082 : 24;
    2083 : FF;
    2084 : FF;
    2085 : FF;
    2086 : FF;
    2087 : FF;
    2088 : FF;
    2089 : DB;
    2090 : 24;
    2091 : FF;
    2092 : FF;
    2093 : FF;
    2094 : FF;
    2095 : FF;
    2096 : DB;
    2097 : DB;
    2098 : 24;
    2099 : DB;
    2100 : DB;
    2101 : DB;
    2102 : DB;
    2103 : DB;
    2104 : 24;
    2105 : 24;
    2106 : 24;
    2107 : 24;
    2108 : 24;
    2109 : 24;
    2110 : 24;
    2111 : 24;
    2112 : 8D;
    2113 : 8D;
    2114 : 8D;
    2115 : 8D;
    2116 : 8D;
    2117 : AD;
    2118 : 8D;
    2119 : 8D;
    2120 : 8D;
    2121 : 8D;
    2122 : 8D;
    2123 : 8D;
    2124 : 8D;
    2125 : AD;
    2126 : 8D;
    2127 : 8D;
    2128 : 8D;
    2129 : 8D;
    2130 : 8D;
    2131 : 8D;
    2132 : 8D;
    2133 : AD;
    2134 : 8D;
    2135 : 8D;
    2136 : 8D;
    2137 : 8D;
    2138 : 8D;
    2139 : 8D;
    2140 : 8D;
    2141 : 8D;
    2142 : 8D;
    2143 : 8D;
    2144 : 8D;
    2145 : 8D;
    2146 : 8D;
    2147 : AD;
    2148 : 8D;
    2149 : 8D;
    2150 : 8D;
    2151 : 8D;
    2152 : 8D;
    2153 : 8D;
    2154 : 8D;
    2155 : AD;
    2156 : 8D;
    2157 : 8D;
    2158 : 8D;
    2159 : 8D;
    2160 : 8D;
    2161 : 8D;
    2162 : 8D;
    2163 : AD;
    2164 : 8D;
    2165 : 8D;
    2166 : 8D;
    2167 : 8D;
    2168 : 8D;
    2169 : 8D;
    2170 : 8D;
    2171 : 8D;
    2172 : 8D;
    2173 : 8D;
    2174 : 8D;
    2175 : 8D;
    2176 : FF;
    2177 : FF;
    2178 : DD;
    2179 : FF;
    2180 : FF;
    2181 : FF;
    2182 : FF;
    2183 : FF;
    2184 : FE;
    2185 : FE;
    2186 : DD;
    2187 : FF;
    2188 : FE;
    2189 : FE;
    2190 : FE;
    2191 : FE;
    2192 : FE;
    2193 : FE;
    2194 : DD;
    2195 : FF;
    2196 : FE;
    2197 : FE;
    2198 : FE;
    2199 : FE;
    2200 : DD;
    2201 : DD;
    2202 : DD;
    2203 : DD;
    2204 : DD;
    2205 : DD;
    2206 : DD;
    2207 : DD;
    2208 : FF;
    2209 : FF;
    2210 : FF;
    2211 : FF;
    2212 : FF;
    2213 : DD;
    2214 : FF;
    2215 : FF;
    2216 : FE;
    2217 : FE;
    2218 : FE;
    2219 : FE;
    2220 : FE;
    2221 : DD;
    2222 : FF;
    2223 : FE;
    2224 : FE;
    2225 : FE;
    2226 : FE;
    2227 : FE;
    2228 : FE;
    2229 : DD;
    2230 : FF;
    2231 : FE;
    2232 : DD;
    2233 : DD;
    2234 : DD;
    2235 : DD;
    2236 : DD;
    2237 : DD;
    2238 : DD;
    2239 : DD;
    2240 : FF;
    2241 : FF;
    2242 : FF;
    2243 : FF;
    2244 : FF;
    2245 : FF;
    2246 : FF;
    2247 : FF;
    2248 : 80;
    2249 : 80;
    2250 : FF;
    2251 : 80;
    2252 : 80;
    2253 : 80;
    2254 : 80;
    2255 : 80;
    2256 : 80;
    2257 : 80;
    2258 : FF;
    2259 : 80;
    2260 : 80;
    2261 : 80;
    2262 : 80;
    2263 : 80;
    2264 : 80;
    2265 : 80;
    2266 : FF;
    2267 : 80;
    2268 : 80;
    2269 : 80;
    2270 : 80;
    2271 : 80;
    2272 : FF;
    2273 : FF;
    2274 : FF;
    2275 : FF;
    2276 : FF;
    2277 : FF;
    2278 : FF;
    2279 : FF;
    2280 : 80;
    2281 : 80;
    2282 : 80;
    2283 : 80;
    2284 : 80;
    2285 : FF;
    2286 : 80;
    2287 : 80;
    2288 : 80;
    2289 : 80;
    2290 : 80;
    2291 : 80;
    2292 : 80;
    2293 : FF;
    2294 : 80;
    2295 : 80;
    2296 : 80;
    2297 : 80;
    2298 : 80;
    2299 : 80;
    2300 : 80;
    2301 : FF;
    2302 : 80;
    2303 : 80;
    2304 : 60;
    2305 : 60;
    2306 : 60;
    2307 : 60;
    2308 : 60;
    2309 : 60;
    2310 : 60;
    2311 : 60;
    2312 : 80;
    2313 : 80;
    2314 : 60;
    2315 : 80;
    2316 : 80;
    2317 : 80;
    2318 : 80;
    2319 : 80;
    2320 : 80;
    2321 : 80;
    2322 : 60;
    2323 : 80;
    2324 : 80;
    2325 : 80;
    2326 : 80;
    2327 : 80;
    2328 : 80;
    2329 : 80;
    2330 : 60;
    2331 : 80;
    2332 : 80;
    2333 : 80;
    2334 : 80;
    2335 : 80;
    2336 : 60;
    2337 : 60;
    2338 : 60;
    2339 : 60;
    2340 : 60;
    2341 : 60;
    2342 : 60;
    2343 : 60;
    2344 : 80;
    2345 : 80;
    2346 : 80;
    2347 : 80;
    2348 : 80;
    2349 : 60;
    2350 : 80;
    2351 : 80;
    2352 : 80;
    2353 : 80;
    2354 : 80;
    2355 : 80;
    2356 : 80;
    2357 : 60;
    2358 : 80;
    2359 : 80;
    2360 : 80;
    2361 : 80;
    2362 : 80;
    2363 : 80;
    2364 : 80;
    2365 : 60;
    2366 : 80;
    2367 : 80;
    2368 : 24;
    2369 : 24;
    2370 : 24;
    2371 : 49;
    2372 : 49;
    2373 : 49;
    2374 : 24;
    2375 : 24;
    2376 : B6;
    2377 : B6;
    2378 : B6;
    2379 : B6;
    2380 : B6;
    2381 : 49;
    2382 : B6;
    2383 : B6;
    2384 : 92;
    2385 : 92;
    2386 : 92;
    2387 : 92;
    2388 : 92;
    2389 : 49;
    2390 : B6;
    2391 : 92;
    2392 : 92;
    2393 : 92;
    2394 : 92;
    2395 : 92;
    2396 : 92;
    2397 : 24;
    2398 : B6;
    2399 : 92;
    2400 : 24;
    2401 : 24;
    2402 : 49;
    2403 : 49;
    2404 : 49;
    2405 : 24;
    2406 : 24;
    2407 : 24;
    2408 : B6;
    2409 : 24;
    2410 : B6;
    2411 : B6;
    2412 : B6;
    2413 : B6;
    2414 : B6;
    2415 : B6;
    2416 : 92;
    2417 : 49;
    2418 : B6;
    2419 : 92;
    2420 : 92;
    2421 : 92;
    2422 : 92;
    2423 : 92;
    2424 : 92;
    2425 : 49;
    2426 : B6;
    2427 : 92;
    2428 : 92;
    2429 : 92;
    2430 : 92;
    2431 : 92;
    2432 : 6D;
    2433 : 6D;
    2434 : 91;
    2435 : 6D;
    2436 : 6D;
    2437 : 6D;
    2438 : 91;
    2439 : 91;
    2440 : FE;
    2441 : FE;
    2442 : FE;
    2443 : FE;
    2444 : FE;
    2445 : 6D;
    2446 : FE;
    2447 : FE;
    2448 : DA;
    2449 : DA;
    2450 : DA;
    2451 : DA;
    2452 : DA;
    2453 : 91;
    2454 : FE;
    2455 : DA;
    2456 : DA;
    2457 : DA;
    2458 : DA;
    2459 : DA;
    2460 : DA;
    2461 : 6D;
    2462 : FE;
    2463 : DA;
    2464 : 6D;
    2465 : 6D;
    2466 : 91;
    2467 : 91;
    2468 : 91;
    2469 : 6D;
    2470 : 6D;
    2471 : 6D;
    2472 : FE;
    2473 : 6D;
    2474 : FE;
    2475 : FE;
    2476 : FE;
    2477 : FE;
    2478 : FE;
    2479 : FE;
    2480 : DA;
    2481 : 91;
    2482 : FE;
    2483 : DA;
    2484 : DA;
    2485 : DA;
    2486 : DA;
    2487 : DA;
    2488 : DA;
    2489 : 6D;
    2490 : FE;
    2491 : DA;
    2492 : DA;
    2493 : DA;
    2494 : DA;
    2495 : DA;
    2496 : 09;
    2497 : 09;
    2498 : 09;
    2499 : 09;
    2500 : 09;
    2501 : 09;
    2502 : 09;
    2503 : 09;
    2504 : 7B;
    2505 : 7B;
    2506 : 09;
    2507 : 7B;
    2508 : 7B;
    2509 : 7B;
    2510 : 7B;
    2511 : 7B;
    2512 : 17;
    2513 : 17;
    2514 : 09;
    2515 : 7B;
    2516 : 17;
    2517 : 17;
    2518 : 17;
    2519 : 17;
    2520 : 17;
    2521 : 17;
    2522 : 09;
    2523 : 7B;
    2524 : 17;
    2525 : 17;
    2526 : 17;
    2527 : 17;
    2528 : 09;
    2529 : 09;
    2530 : 09;
    2531 : 09;
    2532 : 09;
    2533 : 09;
    2534 : 09;
    2535 : 09;
    2536 : 7B;
    2537 : 7B;
    2538 : 7B;
    2539 : 7B;
    2540 : 7B;
    2541 : 09;
    2542 : 7B;
    2543 : 7B;
    2544 : 17;
    2545 : 17;
    2546 : 17;
    2547 : 17;
    2548 : 17;
    2549 : 09;
    2550 : 7B;
    2551 : 17;
    2552 : 17;
    2553 : 17;
    2554 : 17;
    2555 : 17;
    2556 : 17;
    2557 : 09;
    2558 : 7B;
    2559 : 17;
    2560 : 24;
    2561 : 24;
    2562 : 24;
    2563 : 24;
    2564 : 24;
    2565 : 24;
    2566 : 24;
    2567 : 24;
    2568 : FF;
    2569 : FF;
    2570 : FF;
    2571 : DB;
    2572 : 24;
    2573 : FF;
    2574 : FF;
    2575 : FF;
    2576 : FF;
    2577 : FF;
    2578 : FF;
    2579 : DB;
    2580 : 24;
    2581 : FF;
    2582 : FF;
    2583 : FF;
    2584 : DB;
    2585 : DB;
    2586 : DB;
    2587 : DB;
    2588 : 24;
    2589 : DB;
    2590 : DB;
    2591 : DB;
    2592 : 24;
    2593 : 24;
    2594 : 24;
    2595 : 24;
    2596 : 24;
    2597 : 24;
    2598 : 24;
    2599 : 24;
    2600 : FF;
    2601 : DB;
    2602 : 24;
    2603 : FF;
    2604 : FF;
    2605 : FF;
    2606 : FF;
    2607 : FF;
    2608 : FF;
    2609 : DB;
    2610 : 24;
    2611 : FF;
    2612 : FF;
    2613 : FF;
    2614 : FF;
    2615 : FF;
    2616 : DB;
    2617 : DB;
    2618 : 24;
    2619 : DB;
    2620 : DB;
    2621 : DB;
    2622 : DB;
    2623 : DB;
    2624 : 8D;
    2625 : 8D;
    2626 : 8D;
    2627 : 8D;
    2628 : 8D;
    2629 : 8D;
    2630 : 8D;
    2631 : 8D;
    2632 : 8D;
    2633 : 8D;
    2634 : 8D;
    2635 : 8D;
    2636 : 8D;
    2637 : AD;
    2638 : 8D;
    2639 : 8D;
    2640 : 8D;
    2641 : 8D;
    2642 : 8D;
    2643 : 8D;
    2644 : 8D;
    2645 : AD;
    2646 : 8D;
    2647 : 8D;
    2648 : 8D;
    2649 : 8D;
    2650 : 8D;
    2651 : 8D;
    2652 : 8D;
    2653 : AD;
    2654 : 8D;
    2655 : 8D;
    2656 : 8D;
    2657 : 8D;
    2658 : 8D;
    2659 : 8D;
    2660 : 8D;
    2661 : 8D;
    2662 : 8D;
    2663 : 8D;
    2664 : 8D;
    2665 : 8D;
    2666 : 8D;
    2667 : AD;
    2668 : 8D;
    2669 : 8D;
    2670 : 8D;
    2671 : 8D;
    2672 : 8D;
    2673 : 8D;
    2674 : 8D;
    2675 : AD;
    2676 : 8D;
    2677 : 8D;
    2678 : 8D;
    2679 : 8D;
    2680 : 8D;
    2681 : 8D;
    2682 : 8D;
    2683 : AD;
    2684 : 8D;
    2685 : 8D;
    2686 : 8D;
    2687 : 8D;
    2688 : DD;
    2689 : DD;
    2690 : DD;
    2691 : DD;
    2692 : DD;
    2693 : DD;
    2694 : DD;
    2695 : DD;
    2696 : FF;
    2697 : FF;
    2698 : DD;
    2699 : FF;
    2700 : FF;
    2701 : FF;
    2702 : FF;
    2703 : FF;
    2704 : FE;
    2705 : FE;
    2706 : DD;
    2707 : FF;
    2708 : FE;
    2709 : FE;
    2710 : FE;
    2711 : FE;
    2712 : FE;
    2713 : FE;
    2714 : DD;
    2715 : FF;
    2716 : FE;
    2717 : FE;
    2718 : FE;
    2719 : FE;
    2720 : DD;
    2721 : DD;
    2722 : DD;
    2723 : DD;
    2724 : DD;
    2725 : DD;
    2726 : DD;
    2727 : DD;
    2728 : FF;
    2729 : FF;
    2730 : FF;
    2731 : FF;
    2732 : FF;
    2733 : DD;
    2734 : FF;
    2735 : FF;
    2736 : FE;
    2737 : FE;
    2738 : FE;
    2739 : FE;
    2740 : FE;
    2741 : DD;
    2742 : FF;
    2743 : FE;
    2744 : FE;
    2745 : FE;
    2746 : FE;
    2747 : FE;
    2748 : FE;
    2749 : DD;
    2750 : FF;
    2751 : FE;
    2752 : FF;
    2753 : FF;
    2754 : 24;
    2755 : FF;
    2756 : FF;
    2757 : FF;
    2758 : FF;
    2759 : FF;
    2760 : FF;
    2761 : FF;
    2762 : FF;
    2763 : FF;
    2764 : FF;
    2765 : FF;
    2766 : FF;
    2767 : FF;
    2768 : FF;
    2769 : FF;
    2770 : FF;
    2771 : FF;
    2772 : FF;
    2773 : FF;
    2774 : 24;
    2775 : 24;
    2776 : 24;
    2777 : 24;
    2778 : FF;
    2779 : FF;
    2780 : FF;
    2781 : FF;
    2782 : FF;
    2783 : FF;
    2784 : FF;
    2785 : FF;
    2786 : FF;
    2787 : 24;
    2788 : 24;
    2789 : 24;
    2790 : FF;
    2791 : FF;
    2792 : FF;
    2793 : FF;
    2794 : FF;
    2795 : FF;
    2796 : FF;
    2797 : FF;
    2798 : FF;
    2799 : FF;
    2800 : 24;
    2801 : FF;
    2802 : FF;
    2803 : FF;
    2804 : FF;
    2805 : FF;
    2806 : 24;
    2807 : 24;
    2808 : FF;
    2809 : FF;
    2810 : 24;
    2811 : FF;
    2812 : FF;
    2813 : FF;
    2814 : FF;
    2815 : FF;
    2816 : 48;
    2817 : 8D;
    2818 : 8D;
    2819 : 8D;
    2820 : 8D;
    2821 : 8D;
    2822 : 8D;
    2823 : 8D;
    2824 : 48;
    2825 : 8D;
    2826 : 8D;
    2827 : 8D;
    2828 : 8D;
    2829 : 8D;
    2830 : 8D;
    2831 : 8D;
    2832 : 48;
    2833 : 8D;
    2834 : 8D;
    2835 : 8D;
    2836 : 8D;
    2837 : 8D;
    2838 : 8D;
    2839 : 8D;
    2840 : 48;
    2841 : 48;
    2842 : 44;
    2843 : 44;
    2844 : 44;
    2845 : 48;
    2846 : 48;
    2847 : 48;
    2848 : 8D;
    2849 : 8D;
    2850 : 8D;
    2851 : 8D;
    2852 : 8D;
    2853 : 48;
    2854 : 8D;
    2855 : 8D;
    2856 : 8D;
    2857 : 8D;
    2858 : 8D;
    2859 : 8D;
    2860 : 8D;
    2861 : 44;
    2862 : 8D;
    2863 : 8D;
    2864 : 8D;
    2865 : 8D;
    2866 : 8D;
    2867 : 8D;
    2868 : 8D;
    2869 : 44;
    2870 : 8D;
    2871 : 8D;
    2872 : 48;
    2873 : 48;
    2874 : 48;
    2875 : 44;
    2876 : 44;
    2877 : 44;
    2878 : 44;
    2879 : 48;
    2880 : 8D;
    2881 : D6;
    2882 : D6;
    2883 : D6;
    2884 : D6;
    2885 : D6;
    2886 : D6;
    2887 : D6;
    2888 : 8D;
    2889 : B1;
    2890 : B1;
    2891 : B1;
    2892 : D6;
    2893 : D6;
    2894 : D6;
    2895 : D6;
    2896 : 8D;
    2897 : D6;
    2898 : D6;
    2899 : B1;
    2900 : B1;
    2901 : B1;
    2902 : B1;
    2903 : D6;
    2904 : 8D;
    2905 : 8D;
    2906 : 8D;
    2907 : 8D;
    2908 : 8D;
    2909 : 8D;
    2910 : 8D;
    2911 : 8D;
    2912 : D6;
    2913 : D6;
    2914 : D6;
    2915 : D6;
    2916 : D6;
    2917 : 8D;
    2918 : D6;
    2919 : D6;
    2920 : D6;
    2921 : D6;
    2922 : D6;
    2923 : B1;
    2924 : B1;
    2925 : 8D;
    2926 : B1;
    2927 : D6;
    2928 : D6;
    2929 : B1;
    2930 : B1;
    2931 : B1;
    2932 : D6;
    2933 : 8D;
    2934 : B1;
    2935 : B1;
    2936 : 8D;
    2937 : 8D;
    2938 : 8D;
    2939 : 8D;
    2940 : 8D;
    2941 : 8D;
    2942 : 8D;
    2943 : 8D;
    2944 : 20;
    2945 : 44;
    2946 : 44;
    2947 : 44;
    2948 : 44;
    2949 : 44;
    2950 : 44;
    2951 : 44;
    2952 : 20;
    2953 : 44;
    2954 : 44;
    2955 : 44;
    2956 : 44;
    2957 : 44;
    2958 : 44;
    2959 : 44;
    2960 : 20;
    2961 : 44;
    2962 : 44;
    2963 : 44;
    2964 : 44;
    2965 : 44;
    2966 : 44;
    2967 : 44;
    2968 : 20;
    2969 : 20;
    2970 : 20;
    2971 : 20;
    2972 : 20;
    2973 : 20;
    2974 : 20;
    2975 : 20;
    2976 : 44;
    2977 : 44;
    2978 : 44;
    2979 : 44;
    2980 : 44;
    2981 : 20;
    2982 : 44;
    2983 : 44;
    2984 : 44;
    2985 : 44;
    2986 : 44;
    2987 : 44;
    2988 : 44;
    2989 : 20;
    2990 : 44;
    2991 : 44;
    2992 : 44;
    2993 : 44;
    2994 : 44;
    2995 : 44;
    2996 : 44;
    2997 : 20;
    2998 : 44;
    2999 : 44;
    3000 : 20;
    3001 : 20;
    3002 : 20;
    3003 : 20;
    3004 : 20;
    3005 : 20;
    3006 : 20;
    3007 : 20;
    3008 : D6;
    3009 : FF;
    3010 : FF;
    3011 : FF;
    3012 : FF;
    3013 : FF;
    3014 : FF;
    3015 : FF;
    3016 : D6;
    3017 : D6;
    3018 : D6;
    3019 : D6;
    3020 : FF;
    3021 : FF;
    3022 : FF;
    3023 : FF;
    3024 : D6;
    3025 : FF;
    3026 : FF;
    3027 : D6;
    3028 : D6;
    3029 : D6;
    3030 : D6;
    3031 : FF;
    3032 : D6;
    3033 : D6;
    3034 : B2;
    3035 : B2;
    3036 : B2;
    3037 : D6;
    3038 : D6;
    3039 : D6;
    3040 : FF;
    3041 : FF;
    3042 : FF;
    3043 : FF;
    3044 : FF;
    3045 : D6;
    3046 : FF;
    3047 : FF;
    3048 : FF;
    3049 : FF;
    3050 : FF;
    3051 : D6;
    3052 : D6;
    3053 : B2;
    3054 : D6;
    3055 : FF;
    3056 : FF;
    3057 : D6;
    3058 : D6;
    3059 : D6;
    3060 : FF;
    3061 : B2;
    3062 : D6;
    3063 : D6;
    3064 : D6;
    3065 : D6;
    3066 : D6;
    3067 : B2;
    3068 : B2;
    3069 : B2;
    3070 : B2;
    3071 : D6;
    3072 : 24;
    3073 : 24;
    3074 : 20;
    3075 : 24;
    3076 : 44;
    3077 : 44;
    3078 : 44;
    3079 : 24;
    3080 : 24;
    3081 : 24;
    3082 : 44;
    3083 : 24;
    3084 : 24;
    3085 : 24;
    3086 : 24;
    3087 : 24;
    3088 : 24;
    3089 : 24;
    3090 : 24;
    3091 : 24;
    3092 : 24;
    3093 : 24;
    3094 : 20;
    3095 : 20;
    3096 : 20;
    3097 : 20;
    3098 : 24;
    3099 : 24;
    3100 : 24;
    3101 : 24;
    3102 : 44;
    3103 : 44;
    3104 : 44;
    3105 : 44;
    3106 : 24;
    3107 : 20;
    3108 : 20;
    3109 : 20;
    3110 : 24;
    3111 : 24;
    3112 : 24;
    3113 : 24;
    3114 : 24;
    3115 : 44;
    3116 : 44;
    3117 : 44;
    3118 : 24;
    3119 : 24;
    3120 : 20;
    3121 : 24;
    3122 : 24;
    3123 : 24;
    3124 : 24;
    3125 : 24;
    3126 : 20;
    3127 : 20;
    3128 : 44;
    3129 : 24;
    3130 : 20;
    3131 : 24;
    3132 : 24;
    3133 : 24;
    3134 : 44;
    3135 : 44;
    3136 : 00;
    3137 : 00;
    3138 : 00;
    3139 : 00;
    3140 : 20;
    3141 : 20;
    3142 : 20;
    3143 : 00;
    3144 : 00;
    3145 : 00;
    3146 : 20;
    3147 : 00;
    3148 : 00;
    3149 : 00;
    3150 : 00;
    3151 : 00;
    3152 : 00;
    3153 : 00;
    3154 : 00;
    3155 : 00;
    3156 : 00;
    3157 : 00;
    3158 : 00;
    3159 : 00;
    3160 : 00;
    3161 : 00;
    3162 : 00;
    3163 : 00;
    3164 : 00;
    3165 : 00;
    3166 : 20;
    3167 : 20;
    3168 : 20;
    3169 : 20;
    3170 : 00;
    3171 : 00;
    3172 : 00;
    3173 : 00;
    3174 : 00;
    3175 : 00;
    3176 : 00;
    3177 : 00;
    3178 : 00;
    3179 : 20;
    3180 : 20;
    3181 : 20;
    3182 : 00;
    3183 : 00;
    3184 : 00;
    3185 : 00;
    3186 : 00;
    3187 : 00;
    3188 : 00;
    3189 : 00;
    3190 : 00;
    3191 : 00;
    3192 : 20;
    3193 : 00;
    3194 : 00;
    3195 : 00;
    3196 : 00;
    3197 : 00;
    3198 : 20;
    3199 : 20;
    3200 : 88;
    3201 : 88;
    3202 : 44;
    3203 : 88;
    3204 : 8C;
    3205 : 8C;
    3206 : 8C;
    3207 : 88;
    3208 : 88;
    3209 : 88;
    3210 : 8C;
    3211 : 88;
    3212 : 88;
    3213 : 88;
    3214 : 88;
    3215 : 88;
    3216 : 88;
    3217 : 88;
    3218 : 88;
    3219 : 88;
    3220 : 88;
    3221 : 88;
    3222 : 44;
    3223 : 44;
    3224 : 44;
    3225 : 44;
    3226 : 88;
    3227 : 88;
    3228 : 88;
    3229 : 88;
    3230 : 8C;
    3231 : 8C;
    3232 : 8C;
    3233 : 8C;
    3234 : 88;
    3235 : 44;
    3236 : 44;
    3237 : 44;
    3238 : 88;
    3239 : 88;
    3240 : 88;
    3241 : 88;
    3242 : 88;
    3243 : 8C;
    3244 : 8C;
    3245 : 8C;
    3246 : 88;
    3247 : 88;
    3248 : 44;
    3249 : 88;
    3250 : 88;
    3251 : 88;
    3252 : 88;
    3253 : 88;
    3254 : 44;
    3255 : 44;
    3256 : 8C;
    3257 : 88;
    3258 : 44;
    3259 : 88;
    3260 : 88;
    3261 : 88;
    3262 : 8C;
    3263 : 8C;
    3264 : 00;
    3265 : 00;
    3266 : 00;
    3267 : 00;
    3268 : 00;
    3269 : 00;
    3270 : 00;
    3271 : 00;
    3272 : 00;
    3273 : 00;
    3274 : 00;
    3275 : 00;
    3276 : 00;
    3277 : FF;
    3278 : FF;
    3279 : 00;
    3280 : 00;
    3281 : 00;
    3282 : 00;
    3283 : 00;
    3284 : FF;
    3285 : FF;
    3286 : FF;
    3287 : FF;
    3288 : 00;
    3289 : 00;
    3290 : 00;
    3291 : 00;
    3292 : FF;
    3293 : FF;
    3294 : FF;
    3295 : FF;
    3296 : 00;
    3297 : 00;
    3298 : 00;
    3299 : 00;
    3300 : 00;
    3301 : FF;
    3302 : FF;
    3303 : 00;
    3304 : 00;
    3305 : 00;
    3306 : 00;
    3307 : 00;
    3308 : 00;
    3309 : 00;
    3310 : 00;
    3311 : 00;
    3312 : FF;
    3313 : 00;
    3314 : 00;
    3315 : 00;
    3316 : 00;
    3317 : 00;
    3318 : 00;
    3319 : 00;
    3320 : 00;
    3321 : 00;
    3322 : 00;
    3323 : 00;
    3324 : 00;
    3325 : 00;
    3326 : 00;
    3327 : 00;
    3328 : 00;
    3329 : 00;
    3330 : 00;
    3331 : 00;
    3332 : 00;
    3333 : 00;
    3334 : 00;
    3335 : 00;
    3336 : 00;
    3337 : FF;
    3338 : 00;
    3339 : 00;
    3340 : 00;
    3341 : 00;
    3342 : 00;
    3343 : 00;
    3344 : 00;
    3345 : 00;
    3346 : 00;
    3347 : 00;
    3348 : 00;
    3349 : 00;
    3350 : 00;
    3351 : 00;
    3352 : 00;
    3353 : 00;
    3354 : 00;
    3355 : 00;
    3356 : 00;
    3357 : 00;
    3358 : 00;
    3359 : 00;
    3360 : 00;
    3361 : 00;
    3362 : 00;
    3363 : 00;
    3364 : 00;
    3365 : 00;
    3366 : 00;
    3367 : 00;
    3368 : 00;
    3369 : 00;
    3370 : 00;
    3371 : 00;
    3372 : 00;
    3373 : 00;
    3374 : 00;
    3375 : 00;
    3376 : 00;
    3377 : 00;
    3378 : 00;
    3379 : 00;
    3380 : 00;
    3381 : 00;
    3382 : 00;
    3383 : 00;
    3384 : 00;
    3385 : 00;
    3386 : 00;
    3387 : 00;
    3388 : FF;
    3389 : 00;
    3390 : 00;
    3391 : 00;
    3392 : FF;
    3393 : 00;
    3394 : 00;
    3395 : 00;
    3396 : 00;
    3397 : 00;
    3398 : 00;
    3399 : 00;
    3400 : 00;
    3401 : 00;
    3402 : 00;
    3403 : 00;
    3404 : 00;
    3405 : 00;
    3406 : 00;
    3407 : 00;
    3408 : 00;
    3409 : 00;
    3410 : 00;
    3411 : 00;
    3412 : 00;
    3413 : 00;
    3414 : 00;
    3415 : 00;
    3416 : 00;
    3417 : 00;
    3418 : 00;
    3419 : 00;
    3420 : 00;
    3421 : 00;
    3422 : 00;
    3423 : 00;
    3424 : 00;
    3425 : 00;
    3426 : 00;
    3427 : 00;
    3428 : 00;
    3429 : 00;
    3430 : 00;
    3431 : 00;
    3432 : 00;
    3433 : 00;
    3434 : 00;
    3435 : 00;
    3436 : 00;
    3437 : FF;
    3438 : 00;
    3439 : 00;
    3440 : 00;
    3441 : 00;
    3442 : 00;
    3443 : 00;
    3444 : 00;
    3445 : 00;
    3446 : 00;
    3447 : 00;
    3448 : 00;
    3449 : 00;
    3450 : 00;
    3451 : 00;
    3452 : 00;
    3453 : 00;
    3454 : 00;
    3455 : 00;
    3456 : 00;
    3457 : 00;
    3458 : 00;
    3459 : 00;
    3460 : 00;
    3461 : 00;
    3462 : 00;
    3463 : 00;
    3464 : 00;
    3465 : 00;
    3466 : 00;
    3467 : 00;
    3468 : 00;
    3469 : 00;
    3470 : 00;
    3471 : 00;
    3472 : 00;
    3473 : 00;
    3474 : 00;
    3475 : 00;
    3476 : 00;
    3477 : 00;
    3478 : 00;
    3479 : 00;
    3480 : 00;
    3481 : 00;
    3482 : 00;
    3483 : 00;
    3484 : 00;
    3485 : 00;
    3486 : 00;
    3487 : 00;
    3488 : 00;
    3489 : 00;
    3490 : 00;
    3491 : 00;
    3492 : 00;
    3493 : 00;
    3494 : 00;
    3495 : 00;
    3496 : 00;
    3497 : 00;
    3498 : 00;
    3499 : 00;
    3500 : 00;
    3501 : 00;
    3502 : 00;
    3503 : 00;
    3504 : 00;
    3505 : 00;
    3506 : 00;
    3507 : 00;
    3508 : 00;
    3509 : 00;
    3510 : 00;
    3511 : 00;
    3512 : 00;
    3513 : 00;
    3514 : 00;
    3515 : 00;
    3516 : 00;
    3517 : 00;
    3518 : 00;
    3519 : 00;
    3520 : 00;
    3521 : 00;
    3522 : 00;
    3523 : 00;
    3524 : 00;
    3525 : 00;
    3526 : 00;
    3527 : 00;
    3528 : 00;
    3529 : 00;
    3530 : 00;
    3531 : FF;
    3532 : 00;
    3533 : 00;
    3534 : 00;
    3535 : 00;
    3536 : 00;
    3537 : 00;
    3538 : 00;
    3539 : FF;
    3540 : 00;
    3541 : 00;
    3542 : 00;
    3543 : 00;
    3544 : 00;
    3545 : FF;
    3546 : FF;
    3547 : FF;
    3548 : FF;
    3549 : FF;
    3550 : 00;
    3551 : 00;
    3552 : 00;
    3553 : 00;
    3554 : 00;
    3555 : FF;
    3556 : 00;
    3557 : 00;
    3558 : 00;
    3559 : 00;
    3560 : 00;
    3561 : 00;
    3562 : 00;
    3563 : FF;
    3564 : 00;
    3565 : 00;
    3566 : 00;
    3567 : 00;
    3568 : 00;
    3569 : 00;
    3570 : 00;
    3571 : 00;
    3572 : 00;
    3573 : 00;
    3574 : 00;
    3575 : 00;
    3576 : 00;
    3577 : 00;
    3578 : 00;
    3579 : 00;
    3580 : 00;
    3581 : 00;
    3582 : 00;
    3583 : 00;
    3584 : 72;
    3585 : 72;
    3586 : 72;
    3587 : 72;
    3588 : 72;
    3589 : 72;
    3590 : 72;
    3591 : 72;
    3592 : 72;
    3593 : 72;
    3594 : 72;
    3595 : 72;
    3596 : 72;
    3597 : 72;
    3598 : 72;
    3599 : 72;
    3600 : 72;
    3601 : 72;
    3602 : 72;
    3603 : 72;
    3604 : 72;
    3605 : 72;
    3606 : 72;
    3607 : 72;
    3608 : 72;
    3609 : 72;
    3610 : 72;
    3611 : 72;
    3612 : 72;
    3613 : 72;
    3614 : 72;
    3615 : 72;
    3616 : 72;
    3617 : 72;
    3618 : 72;
    3619 : 72;
    3620 : 72;
    3621 : 72;
    3622 : 72;
    3623 : 72;
    3624 : 72;
    3625 : 72;
    3626 : 72;
    3627 : 72;
    3628 : 72;
    3629 : 72;
    3630 : 72;
    3631 : 72;
    3632 : 72;
    3633 : 72;
    3634 : 72;
    3635 : 72;
    3636 : 72;
    3637 : 72;
    3638 : 72;
    3639 : 72;
    3640 : 72;
    3641 : 72;
    3642 : 72;
    3643 : 72;
    3644 : 72;
    3645 : 72;
    3646 : 72;
    3647 : 72;
    3648 : F6;
    3649 : EC;
    3650 : EC;
    3651 : EC;
    3652 : EC;
    3653 : F6;
    3654 : EC;
    3655 : EC;
    3656 : FA;
    3657 : E8;
    3658 : E8;
    3659 : E8;
    3660 : E8;
    3661 : FA;
    3662 : E8;
    3663 : E8;
    3664 : FA;
    3665 : E8;
    3666 : E8;
    3667 : E8;
    3668 : E8;
    3669 : F1;
    3670 : 64;
    3671 : 64;
    3672 : FA;
    3673 : E8;
    3674 : E8;
    3675 : E8;
    3676 : E8;
    3677 : FA;
    3678 : F5;
    3679 : F5;
    3680 : FA;
    3681 : E8;
    3682 : E8;
    3683 : E8;
    3684 : E8;
    3685 : FA;
    3686 : E8;
    3687 : E8;
    3688 : 00;
    3689 : C8;
    3690 : E8;
    3691 : E8;
    3692 : 00;
    3693 : E8;
    3694 : E8;
    3695 : E8;
    3696 : FA;
    3697 : FA;
    3698 : 00;
    3699 : 00;
    3700 : FA;
    3701 : E8;
    3702 : E8;
    3703 : E8;
    3704 : FA;
    3705 : E8;
    3706 : E8;
    3707 : E8;
    3708 : FA;
    3709 : E8;
    3710 : E8;
    3711 : 00;
    3712 : 8C;
    3713 : 8C;
    3714 : 8C;
    3715 : 8C;
    3716 : 8C;
    3717 : 8C;
    3718 : 8C;
    3719 : 8C;
    3720 : 68;
    3721 : 8C;
    3722 : 68;
    3723 : 68;
    3724 : 68;
    3725 : 68;
    3726 : 68;
    3727 : 8C;
    3728 : 8C;
    3729 : 68;
    3730 : 8C;
    3731 : 8C;
    3732 : 8C;
    3733 : 8C;
    3734 : 68;
    3735 : 68;
    3736 : 68;
    3737 : 68;
    3738 : 68;
    3739 : 68;
    3740 : 8C;
    3741 : 8C;
    3742 : 68;
    3743 : 68;
    3744 : 8C;
    3745 : 8C;
    3746 : 68;
    3747 : 8C;
    3748 : 8C;
    3749 : 8C;
    3750 : 8C;
    3751 : 8C;
    3752 : 8C;
    3753 : 68;
    3754 : 68;
    3755 : 68;
    3756 : 68;
    3757 : 68;
    3758 : 68;
    3759 : 8C;
    3760 : 8C;
    3761 : 8C;
    3762 : 8C;
    3763 : 8C;
    3764 : 8C;
    3765 : 8C;
    3766 : 8C;
    3767 : 8C;
    3768 : 68;
    3769 : 68;
    3770 : 8C;
    3771 : 68;
    3772 : 8C;
    3773 : 68;
    3774 : 68;
    3775 : 68;
    3776 : 20;
    3777 : 44;
    3778 : 24;
    3779 : 44;
    3780 : 24;
    3781 : 24;
    3782 : 20;
    3783 : 24;
    3784 : 20;
    3785 : 20;
    3786 : 24;
    3787 : 44;
    3788 : 24;
    3789 : 24;
    3790 : 20;
    3791 : 24;
    3792 : 20;
    3793 : 24;
    3794 : 24;
    3795 : 24;
    3796 : 44;
    3797 : 24;
    3798 : 24;
    3799 : 44;
    3800 : 24;
    3801 : 20;
    3802 : 44;
    3803 : 20;
    3804 : 44;
    3805 : 44;
    3806 : 24;
    3807 : 44;
    3808 : 20;
    3809 : 20;
    3810 : 24;
    3811 : 20;
    3812 : 24;
    3813 : 44;
    3814 : 44;
    3815 : 44;
    3816 : 24;
    3817 : 24;
    3818 : 24;
    3819 : 24;
    3820 : 24;
    3821 : 24;
    3822 : 44;
    3823 : 20;
    3824 : 20;
    3825 : 24;
    3826 : 44;
    3827 : 44;
    3828 : 44;
    3829 : 24;
    3830 : 24;
    3831 : 20;
    3832 : 24;
    3833 : 20;
    3834 : 24;
    3835 : 44;
    3836 : 24;
    3837 : 24;
    3838 : 20;
    3839 : 24;
    3840 : 91;
    3841 : 92;
    3842 : 91;
    3843 : 91;
    3844 : 91;
    3845 : 6D;
    3846 : 91;
    3847 : 49;
    3848 : 6D;
    3849 : 6D;
    3850 : 6D;
    3851 : 6D;
    3852 : 6D;
    3853 : 6D;
    3854 : 6D;
    3855 : 49;
    3856 : 6D;
    3857 : 6D;
    3858 : 6D;
    3859 : 6D;
    3860 : 6D;
    3861 : 6D;
    3862 : 91;
    3863 : 49;
    3864 : 6D;
    3865 : 49;
    3866 : 4D;
    3867 : 49;
    3868 : 49;
    3869 : 4D;
    3870 : 49;
    3871 : 49;
    3872 : 6D;
    3873 : 6D;
    3874 : 6D;
    3875 : 4D;
    3876 : 6D;
    3877 : 91;
    3878 : 6D;
    3879 : 91;
    3880 : 6D;
    3881 : 6D;
    3882 : 6D;
    3883 : 49;
    3884 : 91;
    3885 : 6D;
    3886 : 6D;
    3887 : 6D;
    3888 : 6D;
    3889 : 6D;
    3890 : 6D;
    3891 : 49;
    3892 : 6D;
    3893 : 6D;
    3894 : 6D;
    3895 : 6D;
    3896 : 4D;
    3897 : 49;
    3898 : 49;
    3899 : 49;
    3900 : 6D;
    3901 : 49;
    3902 : 49;
    3903 : 49;
    3904 : 7A;
    3905 : 7A;
    3906 : 7A;
    3907 : 56;
    3908 : 7A;
    3909 : 7A;
    3910 : 56;
    3911 : 55;
    3912 : 7A;
    3913 : FF;
    3914 : FF;
    3915 : 52;
    3916 : FF;
    3917 : FF;
    3918 : 55;
    3919 : FF;
    3920 : 7A;
    3921 : 55;
    3922 : 56;
    3923 : FF;
    3924 : 56;
    3925 : 56;
    3926 : FF;
    3927 : 55;
    3928 : 7A;
    3929 : FF;
    3930 : FF;
    3931 : 56;
    3932 : FF;
    3933 : FF;
    3934 : 56;
    3935 : FF;
    3936 : 7A;
    3937 : 56;
    3938 : 56;
    3939 : FF;
    3940 : 56;
    3941 : 56;
    3942 : FF;
    3943 : 55;
    3944 : 7A;
    3945 : FF;
    3946 : FF;
    3947 : 56;
    3948 : FF;
    3949 : FF;
    3950 : 52;
    3951 : FF;
    3952 : 56;
    3953 : 55;
    3954 : 55;
    3955 : FF;
    3956 : 56;
    3957 : 56;
    3958 : FF;
    3959 : 56;
    3960 : 7A;
    3961 : FF;
    3962 : FF;
    3963 : 52;
    3964 : FF;
    3965 : FF;
    3966 : 56;
    3967 : FF;
    3968 : 12;
    3969 : 0E;
    3970 : 0E;
    3971 : 12;
    3972 : 0E;
    3973 : 0E;
    3974 : 0E;
    3975 : 16;
    3976 : 29;
    3977 : 29;
    3978 : 29;
    3979 : 0E;
    3980 : 0D;
    3981 : 29;
    3982 : 29;
    3983 : 0D;
    3984 : 24;
    3985 : 0D;
    3986 : 24;
    3987 : 0D;
    3988 : 24;
    3989 : 0D;
    3990 : 24;
    3991 : 40;
    3992 : 44;
    3993 : 64;
    3994 : 40;
    3995 : 44;
    3996 : 44;
    3997 : 24;
    3998 : 44;
    3999 : 64;
    4000 : 40;
    4001 : 64;
    4002 : 64;
    4003 : 40;
    4004 : 29;
    4005 : 64;
    4006 : 64;
    4007 : 64;
    4008 : 64;
    4009 : 64;
    4010 : 64;
    4011 : 40;
    4012 : 64;
    4013 : 64;
    4014 : 40;
    4015 : 40;
    4016 : 64;
    4017 : 64;
    4018 : 24;
    4019 : 64;
    4020 : 40;
    4021 : 40;
    4022 : 64;
    4023 : 64;
    4024 : 64;
    4025 : 64;
    4026 : 89;
    4027 : 40;
    4028 : 40;
    4029 : 64;
    4030 : 64;
    4031 : 64;
    4032 : F1;
    4033 : F1;
    4034 : F1;
    4035 : CD;
    4036 : F1;
    4037 : F1;
    4038 : CD;
    4039 : CD;
    4040 : F1;
    4041 : F1;
    4042 : F9;
    4043 : F9;
    4044 : CD;
    4045 : FA;
    4046 : F1;
    4047 : AD;
    4048 : F1;
    4049 : F9;
    4050 : FA;
    4051 : FF;
    4052 : CD;
    4053 : FF;
    4054 : F9;
    4055 : F5;
    4056 : F1;
    4057 : F9;
    4058 : FF;
    4059 : FA;
    4060 : A9;
    4061 : FF;
    4062 : FA;
    4063 : F5;
    4064 : F1;
    4065 : CD;
    4066 : CD;
    4067 : A9;
    4068 : 88;
    4069 : CD;
    4070 : AD;
    4071 : CD;
    4072 : F1;
    4073 : FA;
    4074 : FF;
    4075 : FF;
    4076 : CD;
    4077 : FF;
    4078 : FF;
    4079 : F5;
    4080 : F1;
    4081 : F1;
    4082 : F9;
    4083 : FA;
    4084 : AD;
    4085 : FF;
    4086 : F1;
    4087 : CD;
    4088 : F1;
    4089 : 88;
    4090 : F5;
    4091 : F5;
    4092 : CD;
    4093 : F5;
    4094 : CD;
    4095 : CD;
    4096 : 70;
    4097 : 48;
    4098 : 70;
    4099 : 48;
    4100 : 6C;
    4101 : 48;
    4102 : 48;
    4103 : 4C;
    4104 : 48;
    4105 : 6C;
    4106 : 48;
    4107 : 6C;
    4108 : 48;
    4109 : 70;
    4110 : 4C;
    4111 : 48;
    4112 : 48;
    4113 : 70;
    4114 : 6C;
    4115 : 48;
    4116 : 48;
    4117 : 70;
    4118 : 70;
    4119 : 6C;
    4120 : 4C;
    4121 : 48;
    4122 : 6C;
    4123 : 48;
    4124 : 6C;
    4125 : 70;
    4126 : 6C;
    4127 : 4C;
    4128 : 4C;
    4129 : 4C;
    4130 : 4C;
    4131 : 70;
    4132 : 6C;
    4133 : 48;
    4134 : 6C;
    4135 : 70;
    4136 : 70;
    4137 : 6C;
    4138 : 48;
    4139 : 6C;
    4140 : 48;
    4141 : 6C;
    4142 : 48;
    4143 : 70;
    4144 : 4C;
    4145 : 70;
    4146 : 48;
    4147 : 70;
    4148 : 6C;
    4149 : 4C;
    4150 : 70;
    4151 : 48;
    4152 : 6C;
    4153 : 48;
    4154 : 6C;
    4155 : 4C;
    4156 : 4C;
    4157 : 70;
    4158 : 6C;
    4159 : 6C;
    4160 : 9E;
    4161 : 9E;
    4162 : 9E;
    4163 : 9E;
    4164 : 5E;
    4165 : 9E;
    4166 : 19;
    4167 : 5E;
    4168 : 5E;
    4169 : 5E;
    4170 : 9E;
    4171 : 5E;
    4172 : 19;
    4173 : 19;
    4174 : 5E;
    4175 : 5E;
    4176 : 9E;
    4177 : 9E;
    4178 : 9E;
    4179 : 9E;
    4180 : 5E;
    4181 : 9E;
    4182 : 19;
    4183 : 19;
    4184 : 5E;
    4185 : 5E;
    4186 : 9E;
    4187 : 9E;
    4188 : 19;
    4189 : 5E;
    4190 : 19;
    4191 : 19;
    4192 : 9E;
    4193 : 5E;
    4194 : 5E;
    4195 : 19;
    4196 : 19;
    4197 : 19;
    4198 : 19;
    4199 : 19;
    4200 : 5E;
    4201 : 19;
    4202 : 9E;
    4203 : 19;
    4204 : 19;
    4205 : 19;
    4206 : 5E;
    4207 : 19;
    4208 : 5E;
    4209 : 9E;
    4210 : 19;
    4211 : 19;
    4212 : 19;
    4213 : 5E;
    4214 : 19;
    4215 : 19;
    4216 : 19;
    4217 : 19;
    4218 : 19;
    4219 : 19;
    4220 : 19;
    4221 : 19;
    4222 : 19;
    4223 : 9E;
    4224 : C8;
    4225 : C8;
    4226 : C8;
    4227 : A8;
    4228 : A8;
    4229 : C8;
    4230 : C8;
    4231 : C8;
    4232 : C8;
    4233 : C8;
    4234 : C8;
    4235 : A8;
    4236 : A8;
    4237 : C8;
    4238 : C8;
    4239 : C8;
    4240 : 84;
    4241 : 84;
    4242 : 84;
    4243 : 84;
    4244 : 84;
    4245 : 84;
    4246 : 84;
    4247 : 84;
    4248 : C8;
    4249 : A8;
    4250 : A8;
    4251 : C8;
    4252 : C8;
    4253 : C8;
    4254 : 64;
    4255 : C8;
    4256 : C8;
    4257 : A8;
    4258 : A8;
    4259 : C8;
    4260 : C8;
    4261 : C8;
    4262 : 64;
    4263 : C8;
    4264 : 84;
    4265 : 84;
    4266 : 84;
    4267 : 84;
    4268 : 84;
    4269 : 84;
    4270 : 64;
    4271 : 84;
    4272 : C8;
    4273 : C8;
    4274 : C8;
    4275 : A8;
    4276 : A8;
    4277 : C8;
    4278 : C8;
    4279 : C8;
    4280 : C8;
    4281 : C8;
    4282 : C8;
    4283 : A8;
    4284 : A8;
    4285 : C8;
    4286 : C8;
    4287 : C8;
    4288 : D0;
    4289 : F4;
    4290 : F4;
    4291 : D0;
    4292 : D0;
    4293 : F4;
    4294 : F4;
    4295 : D0;
    4296 : D0;
    4297 : F4;
    4298 : F4;
    4299 : D0;
    4300 : D0;
    4301 : F4;
    4302 : F4;
    4303 : D0;
    4304 : A8;
    4305 : D0;
    4306 : D0;
    4307 : A8;
    4308 : A8;
    4309 : D0;
    4310 : D0;
    4311 : A8;
    4312 : FC;
    4313 : F4;
    4314 : F4;
    4315 : FC;
    4316 : FC;
    4317 : FC;
    4318 : 68;
    4319 : FC;
    4320 : F4;
    4321 : D0;
    4322 : D0;
    4323 : F4;
    4324 : F4;
    4325 : F4;
    4326 : 68;
    4327 : F4;
    4328 : 68;
    4329 : 68;
    4330 : 68;
    4331 : 68;
    4332 : 68;
    4333 : 68;
    4334 : 68;
    4335 : 68;
    4336 : D0;
    4337 : F4;
    4338 : F4;
    4339 : D0;
    4340 : D0;
    4341 : F4;
    4342 : F4;
    4343 : D0;
    4344 : D0;
    4345 : F4;
    4346 : F4;
    4347 : D0;
    4348 : D0;
    4349 : F4;
    4350 : F4;
    4351 : D0;
    4352 : F4;
    4353 : A0;
    4354 : A0;
    4355 : A0;
    4356 : A0;
    4357 : A0;
    4358 : A0;
    4359 : F4;
    4360 : 44;
    4361 : 44;
    4362 : 44;
    4363 : 44;
    4364 : 44;
    4365 : 44;
    4366 : 44;
    4367 : 44;
    4368 : FF;
    4369 : FF;
    4370 : 44;
    4371 : FF;
    4372 : B6;
    4373 : FF;
    4374 : FF;
    4375 : FF;
    4376 : FF;
    4377 : 44;
    4378 : 44;
    4379 : FF;
    4380 : FF;
    4381 : FF;
    4382 : FF;
    4383 : FF;
    4384 : FF;
    4385 : 44;
    4386 : 44;
    4387 : FF;
    4388 : FF;
    4389 : FF;
    4390 : FF;
    4391 : FF;
    4392 : FF;
    4393 : 44;
    4394 : 44;
    4395 : FF;
    4396 : FF;
    4397 : FF;
    4398 : FF;
    4399 : FF;
    4400 : 44;
    4401 : 44;
    4402 : 44;
    4403 : 44;
    4404 : 44;
    4405 : 44;
    4406 : 44;
    4407 : 44;
    4408 : F4;
    4409 : A0;
    4410 : A0;
    4411 : A0;
    4412 : A0;
    4413 : A0;
    4414 : A0;
    4415 : F4;
    4416 : 10;
    4417 : 10;
    4418 : 10;
    4419 : 0C;
    4420 : 38;
    4421 : 3C;
    4422 : 3C;
    4423 : 3C;
    4424 : 10;
    4425 : 10;
    4426 : 10;
    4427 : 0C;
    4428 : 38;
    4429 : 3C;
    4430 : 3C;
    4431 : 3C;
    4432 : 10;
    4433 : 10;
    4434 : 10;
    4435 : 0C;
    4436 : 38;
    4437 : 3C;
    4438 : 3C;
    4439 : 3C;
    4440 : 10;
    4441 : 10;
    4442 : 10;
    4443 : 0C;
    4444 : 38;
    4445 : 3C;
    4446 : 3C;
    4447 : 3C;
    4448 : 5C;
    4449 : 5C;
    4450 : 5C;
    4451 : 5C;
    4452 : 30;
    4453 : 38;
    4454 : 38;
    4455 : 38;
    4456 : 3C;
    4457 : 3C;
    4458 : 3C;
    4459 : 38;
    4460 : 0C;
    4461 : 10;
    4462 : 10;
    4463 : 10;
    4464 : 3C;
    4465 : 3C;
    4466 : 3C;
    4467 : 38;
    4468 : 0C;
    4469 : 10;
    4470 : 10;
    4471 : 10;
    4472 : 3C;
    4473 : 3C;
    4474 : 3C;
    4475 : 38;
    4476 : 0C;
    4477 : 10;
    4478 : 10;
    4479 : 10;
    4480 : FF;
    4481 : 6F;
    4482 : 6F;
    4483 : 6F;
    4484 : 6F;
    4485 : 6F;
    4486 : 6F;
    4487 : 00;
    4488 : 93;
    4489 : 6F;
    4490 : 00;
    4491 : 00;
    4492 : F0;
    4493 : 00;
    4494 : 6F;
    4495 : 6F;
    4496 : 93;
    4497 : 6F;
    4498 : FF;
    4499 : F0;
    4500 : 00;
    4501 : F0;
    4502 : 00;
    4503 : 6F;
    4504 : 93;
    4505 : 00;
    4506 : 00;
    4507 : F0;
    4508 : F0;
    4509 : A4;
    4510 : A4;
    4511 : 6F;
    4512 : 93;
    4513 : 00;
    4514 : 00;
    4515 : F0;
    4516 : A4;
    4517 : A4;
    4518 : A4;
    4519 : 6F;
    4520 : 93;
    4521 : 6F;
    4522 : 00;
    4523 : A4;
    4524 : A4;
    4525 : A4;
    4526 : 00;
    4527 : 4B;
    4528 : 93;
    4529 : 6F;
    4530 : 00;
    4531 : A4;
    4532 : A4;
    4533 : 00;
    4534 : 4B;
    4535 : 4B;
    4536 : 93;
    4537 : 6F;
    4538 : 4B;
    4539 : 4B;
    4540 : 4B;
    4541 : 4B;
    4542 : 4B;
    4543 : 00;
    4544 : 92;
    4545 : B6;
    4546 : BB;
    4547 : 14;
    4548 : 14;
    4549 : 92;
    4550 : 92;
    4551 : 92;
    4552 : B6;
    4553 : 92;
    4554 : 14;
    4555 : 5D;
    4556 : 5D;
    4557 : 0C;
    4558 : BB;
    4559 : BB;
    4560 : B6;
    4561 : B6;
    4562 : 49;
    4563 : 0C;
    4564 : 0C;
    4565 : 6D;
    4566 : B7;
    4567 : B6;
    4568 : B6;
    4569 : 14;
    4570 : 14;
    4571 : 92;
    4572 : 92;
    4573 : 92;
    4574 : 92;
    4575 : 96;
    4576 : 14;
    4577 : 7D;
    4578 : 5D;
    4579 : 0C;
    4580 : B7;
    4581 : 92;
    4582 : 14;
    4583 : 92;
    4584 : 92;
    4585 : 49;
    4586 : 6D;
    4587 : B6;
    4588 : 92;
    4589 : 6D;
    4590 : 0C;
    4591 : 6E;
    4592 : B6;
    4593 : 92;
    4594 : 92;
    4595 : 14;
    4596 : 0C;
    4597 : 92;
    4598 : 92;
    4599 : B6;
    4600 : 92;
    4601 : BB;
    4602 : B6;
    4603 : 92;
    4604 : B7;
    4605 : B6;
    4606 : B6;
    4607 : DB;
    4608 : F5;
    4609 : 00;
    4610 : 00;
    4611 : 00;
    4612 : 00;
    4613 : 00;
    4614 : 00;
    4615 : 00;
    4616 : F5;
    4617 : 00;
    4618 : 00;
    4619 : 00;
    4620 : 00;
    4621 : 00;
    4622 : 00;
    4623 : 00;
    4624 : F5;
    4625 : F5;
    4626 : F5;
    4627 : F5;
    4628 : F5;
    4629 : F5;
    4630 : F5;
    4631 : AC;
    4632 : F5;
    4633 : 00;
    4634 : 00;
    4635 : 00;
    4636 : 00;
    4637 : 00;
    4638 : 00;
    4639 : 00;
    4640 : F5;
    4641 : F5;
    4642 : F5;
    4643 : F5;
    4644 : F5;
    4645 : F5;
    4646 : F5;
    4647 : AC;
    4648 : F5;
    4649 : 2C;
    4650 : 44;
    4651 : 44;
    4652 : 30;
    4653 : 6C;
    4654 : 4C;
    4655 : 29;
    4656 : F5;
    4657 : 04;
    4658 : 20;
    4659 : 20;
    4660 : 28;
    4661 : 24;
    4662 : 24;
    4663 : 04;
    4664 : F5;
    4665 : AC;
    4666 : AC;
    4667 : AC;
    4668 : AC;
    4669 : AC;
    4670 : AC;
    4671 : AC;
    4672 : 10;
    4673 : 10;
    4674 : 10;
    4675 : 10;
    4676 : 10;
    4677 : 0C;
    4678 : 10;
    4679 : 10;
    4680 : 10;
    4681 : 10;
    4682 : 10;
    4683 : 10;
    4684 : 10;
    4685 : 10;
    4686 : 0C;
    4687 : 0C;
    4688 : 10;
    4689 : 10;
    4690 : 10;
    4691 : 10;
    4692 : 10;
    4693 : 10;
    4694 : 10;
    4695 : 10;
    4696 : 0C;
    4697 : 0C;
    4698 : 10;
    4699 : 10;
    4700 : 10;
    4701 : 10;
    4702 : 10;
    4703 : 10;
    4704 : 10;
    4705 : 10;
    4706 : 10;
    4707 : 10;
    4708 : 10;
    4709 : 10;
    4710 : 0C;
    4711 : 10;
    4712 : 10;
    4713 : 10;
    4714 : 0C;
    4715 : 10;
    4716 : 10;
    4717 : 10;
    4718 : 0C;
    4719 : 10;
    4720 : 10;
    4721 : 10;
    4722 : 10;
    4723 : 0C;
    4724 : 0C;
    4725 : 0C;
    4726 : 10;
    4727 : 10;
    4728 : 10;
    4729 : 10;
    4730 : 10;
    4731 : 10;
    4732 : 10;
    4733 : 10;
    4734 : 10;
    4735 : 0C;
    4736 : B6;
    4737 : B6;
    4738 : B6;
    4739 : 92;
    4740 : DB;
    4741 : B6;
    4742 : DB;
    4743 : DB;
    4744 : B6;
    4745 : B6;
    4746 : B6;
    4747 : 92;
    4748 : DB;
    4749 : DB;
    4750 : DA;
    4751 : B6;
    4752 : DB;
    4753 : B6;
    4754 : DB;
    4755 : 92;
    4756 : DB;
    4757 : B6;
    4758 : DB;
    4759 : DA;
    4760 : B6;
    4761 : B6;
    4762 : B6;
    4763 : 92;
    4764 : DB;
    4765 : B6;
    4766 : DB;
    4767 : DB;
    4768 : DB;
    4769 : DB;
    4770 : DB;
    4771 : DB;
    4772 : DB;
    4773 : DB;
    4774 : DB;
    4775 : DB;
    4776 : DB;
    4777 : B6;
    4778 : DB;
    4779 : DB;
    4780 : B6;
    4781 : B6;
    4782 : DB;
    4783 : B6;
    4784 : B6;
    4785 : DB;
    4786 : B6;
    4787 : B6;
    4788 : B6;
    4789 : B6;
    4790 : B6;
    4791 : B6;
    4792 : B6;
    4793 : B6;
    4794 : B6;
    4795 : DB;
    4796 : B6;
    4797 : B6;
    4798 : B6;
    4799 : DB;
    4800 : 92;
    4801 : B6;
    4802 : B7;
    4803 : 92;
    4804 : B6;
    4805 : B6;
    4806 : 92;
    4807 : 92;
    4808 : B6;
    4809 : 5B;
    4810 : 92;
    4811 : B6;
    4812 : 0A;
    4813 : DF;
    4814 : 5B;
    4815 : 0A;
    4816 : B6;
    4817 : 0A;
    4818 : 92;
    4819 : 92;
    4820 : 49;
    4821 : 0A;
    4822 : 17;
    4823 : 6E;
    4824 : B6;
    4825 : 96;
    4826 : B6;
    4827 : 13;
    4828 : 92;
    4829 : 92;
    4830 : 6D;
    4831 : B6;
    4832 : 96;
    4833 : B7;
    4834 : 0A;
    4835 : 17;
    4836 : 0A;
    4837 : B6;
    4838 : 92;
    4839 : 92;
    4840 : 92;
    4841 : 92;
    4842 : B6;
    4843 : 0A;
    4844 : 92;
    4845 : 92;
    4846 : B6;
    4847 : BB;
    4848 : B6;
    4849 : 0A;
    4850 : B6;
    4851 : B7;
    4852 : 13;
    4853 : 5B;
    4854 : 92;
    4855 : B6;
    4856 : 92;
    4857 : BB;
    4858 : 92;
    4859 : 92;
    4860 : B7;
    4861 : 6E;
    4862 : 96;
    4863 : DB;
    4864 : 30;
    4865 : 30;
    4866 : 30;
    4867 : 30;
    4868 : 30;
    4869 : 30;
    4870 : 30;
    4871 : 30;
    4872 : 8C;
    4873 : 34;
    4874 : 30;
    4875 : 68;
    4876 : 30;
    4877 : 44;
    4878 : 34;
    4879 : 34;
    4880 : 8C;
    4881 : 68;
    4882 : AC;
    4883 : AC;
    4884 : AC;
    4885 : 68;
    4886 : AC;
    4887 : 8C;
    4888 : AC;
    4889 : AC;
    4890 : D0;
    4891 : F5;
    4892 : F5;
    4893 : D0;
    4894 : AC;
    4895 : AC;
    4896 : F9;
    4897 : F9;
    4898 : F9;
    4899 : F9;
    4900 : F9;
    4901 : F9;
    4902 : F9;
    4903 : F9;
    4904 : F9;
    4905 : F9;
    4906 : F9;
    4907 : F9;
    4908 : F9;
    4909 : F9;
    4910 : F9;
    4911 : F5;
    4912 : F9;
    4913 : F9;
    4914 : F5;
    4915 : D1;
    4916 : D5;
    4917 : F5;
    4918 : F9;
    4919 : F9;
    4920 : D1;
    4921 : D5;
    4922 : D1;
    4923 : D1;
    4924 : D5;
    4925 : D1;
    4926 : D1;
    4927 : D5;
    4928 : 34;
    4929 : 34;
    4930 : 30;
    4931 : 30;
    4932 : 30;
    4933 : 30;
    4934 : 34;
    4935 : 30;
    4936 : 34;
    4937 : 34;
    4938 : 30;
    4939 : 94;
    4940 : 94;
    4941 : 34;
    4942 : 34;
    4943 : 34;
    4944 : 34;
    4945 : 94;
    4946 : 94;
    4947 : 30;
    4948 : 30;
    4949 : 34;
    4950 : 34;
    4951 : 34;
    4952 : 14;
    4953 : 94;
    4954 : 94;
    4955 : 94;
    4956 : 30;
    4957 : 30;
    4958 : 30;
    4959 : 14;
    4960 : 34;
    4961 : 94;
    4962 : 98;
    4963 : 38;
    4964 : 30;
    4965 : 34;
    4966 : 34;
    4967 : 14;
    4968 : 14;
    4969 : 34;
    4970 : 30;
    4971 : 30;
    4972 : 34;
    4973 : 34;
    4974 : 34;
    4975 : 14;
    4976 : 34;
    4977 : 38;
    4978 : 34;
    4979 : 30;
    4980 : 94;
    4981 : 94;
    4982 : 94;
    4983 : 34;
    4984 : 30;
    4985 : 34;
    4986 : 30;
    4987 : 30;
    4988 : 94;
    4989 : 94;
    4990 : 94;
    4991 : 30;
    4992 : FF;
    4993 : CD;
    4994 : CD;
    4995 : CD;
    4996 : CD;
    4997 : CD;
    4998 : CD;
    4999 : FF;
    5000 : CD;
    5001 : E0;
    5002 : FF;
    5003 : FF;
    5004 : FF;
    5005 : FF;
    5006 : E0;
    5007 : A0;
    5008 : CD;
    5009 : FF;
    5010 : FF;
    5011 : FF;
    5012 : FF;
    5013 : E0;
    5014 : FF;
    5015 : A0;
    5016 : CD;
    5017 : FF;
    5018 : FF;
    5019 : C4;
    5020 : E0;
    5021 : FF;
    5022 : FF;
    5023 : A0;
    5024 : CD;
    5025 : FF;
    5026 : C4;
    5027 : C0;
    5028 : FF;
    5029 : FF;
    5030 : FF;
    5031 : A0;
    5032 : CD;
    5033 : C4;
    5034 : C0;
    5035 : FF;
    5036 : FF;
    5037 : FF;
    5038 : C9;
    5039 : A0;
    5040 : CD;
    5041 : E0;
    5042 : FF;
    5043 : FF;
    5044 : FF;
    5045 : FF;
    5046 : E0;
    5047 : A0;
    5048 : FF;
    5049 : A0;
    5050 : A0;
    5051 : A0;
    5052 : A0;
    5053 : A0;
    5054 : A0;
    5055 : FF;
    5056 : 10;
    5057 : 10;
    5058 : 10;
    5059 : 10;
    5060 : 10;
    5061 : 10;
    5062 : 10;
    5063 : 10;
    5064 : 10;
    5065 : 10;
    5066 : 10;
    5067 : 10;
    5068 : 10;
    5069 : 10;
    5070 : 10;
    5071 : 10;
    5072 : 10;
    5073 : 10;
    5074 : 10;
    5075 : 10;
    5076 : 10;
    5077 : 10;
    5078 : 10;
    5079 : 10;
    5080 : 10;
    5081 : 10;
    5082 : 10;
    5083 : 10;
    5084 : 10;
    5085 : 10;
    5086 : 10;
    5087 : 10;
    5088 : 10;
    5089 : 10;
    5090 : 10;
    5091 : 10;
    5092 : 10;
    5093 : 10;
    5094 : 10;
    5095 : 10;
    5096 : 10;
    5097 : 10;
    5098 : 10;
    5099 : 10;
    5100 : 10;
    5101 : 10;
    5102 : 10;
    5103 : 10;
    5104 : 10;
    5105 : 10;
    5106 : 10;
    5107 : 10;
    5108 : 10;
    5109 : 10;
    5110 : 10;
    5111 : 10;
    5112 : 10;
    5113 : 10;
    5114 : 10;
    5115 : 10;
    5116 : 10;
    5117 : 10;
    5118 : 10;
    5119 : 10;
    5120 : 24;
    5121 : 24;
    5122 : 24;
    5123 : 24;
    5124 : 24;
    5125 : 24;
    5126 : 24;
    5127 : 24;
    5128 : 20;
    5129 : 24;
    5130 : 20;
    5131 : 20;
    5132 : 20;
    5133 : 20;
    5134 : 20;
    5135 : 20;
    5136 : 20;
    5137 : 20;
    5138 : 24;
    5139 : 20;
    5140 : 20;
    5141 : 24;
    5142 : 24;
    5143 : 20;
    5144 : 20;
    5145 : 20;
    5146 : 20;
    5147 : 20;
    5148 : 20;
    5149 : 20;
    5150 : 24;
    5151 : 20;
    5152 : 20;
    5153 : 20;
    5154 : 20;
    5155 : 20;
    5156 : 20;
    5157 : 20;
    5158 : 20;
    5159 : 20;
    5160 : 20;
    5161 : 20;
    5162 : 24;
    5163 : 20;
    5164 : 20;
    5165 : 20;
    5166 : 24;
    5167 : 20;
    5168 : 20;
    5169 : 20;
    5170 : 24;
    5171 : 24;
    5172 : 20;
    5173 : 24;
    5174 : 24;
    5175 : 20;
    5176 : 20;
    5177 : 20;
    5178 : 20;
    5179 : 20;
    5180 : 20;
    5181 : 20;
    5182 : 20;
    5183 : 20;
    5184 : 06;
    5185 : 06;
    5186 : 06;
    5187 : 06;
    5188 : 06;
    5189 : 06;
    5190 : 06;
    5191 : 07;
    5192 : 06;
    5193 : 07;
    5194 : 07;
    5195 : 06;
    5196 : 07;
    5197 : 07;
    5198 : 06;
    5199 : 07;
    5200 : 06;
    5201 : 07;
    5202 : 07;
    5203 : 06;
    5204 : 06;
    5205 : 07;
    5206 : 06;
    5207 : 07;
    5208 : 06;
    5209 : 07;
    5210 : 06;
    5211 : 06;
    5212 : 06;
    5213 : 06;
    5214 : 06;
    5215 : 07;
    5216 : 06;
    5217 : 06;
    5218 : 06;
    5219 : 06;
    5220 : 06;
    5221 : 06;
    5222 : 06;
    5223 : 07;
    5224 : 06;
    5225 : 07;
    5226 : 06;
    5227 : 06;
    5228 : 06;
    5229 : 07;
    5230 : 06;
    5231 : 07;
    5232 : 06;
    5233 : 07;
    5234 : 07;
    5235 : 06;
    5236 : 07;
    5237 : 07;
    5238 : 06;
    5239 : 07;
    5240 : 06;
    5241 : 06;
    5242 : 06;
    5243 : 06;
    5244 : 06;
    5245 : 06;
    5246 : 06;
    5247 : 07;
    5248 : 64;
    5249 : 44;
    5250 : 44;
    5251 : 44;
    5252 : 44;
    5253 : 44;
    5254 : 44;
    5255 : 64;
    5256 : 64;
    5257 : 44;
    5258 : 64;
    5259 : 44;
    5260 : 64;
    5261 : 64;
    5262 : 44;
    5263 : 64;
    5264 : 64;
    5265 : 44;
    5266 : 64;
    5267 : 44;
    5268 : 44;
    5269 : 64;
    5270 : 44;
    5271 : 64;
    5272 : 64;
    5273 : 44;
    5274 : 44;
    5275 : 44;
    5276 : 44;
    5277 : 44;
    5278 : 44;
    5279 : 64;
    5280 : 64;
    5281 : 44;
    5282 : 44;
    5283 : 44;
    5284 : 44;
    5285 : 44;
    5286 : 44;
    5287 : 64;
    5288 : 64;
    5289 : 44;
    5290 : 44;
    5291 : 44;
    5292 : 44;
    5293 : 44;
    5294 : 44;
    5295 : 64;
    5296 : 64;
    5297 : 44;
    5298 : 64;
    5299 : 44;
    5300 : 64;
    5301 : 64;
    5302 : 44;
    5303 : 64;
    5304 : 64;
    5305 : 44;
    5306 : 44;
    5307 : 44;
    5308 : 44;
    5309 : 44;
    5310 : 44;
    5311 : 64;
    5312 : 16;
    5313 : 16;
    5314 : 16;
    5315 : 16;
    5316 : 16;
    5317 : 16;
    5318 : 16;
    5319 : 16;
    5320 : 16;
    5321 : 16;
    5322 : 16;
    5323 : 16;
    5324 : 16;
    5325 : 16;
    5326 : 16;
    5327 : 16;
    5328 : 16;
    5329 : 16;
    5330 : 16;
    5331 : 16;
    5332 : 16;
    5333 : 16;
    5334 : 16;
    5335 : 16;
    5336 : 16;
    5337 : 16;
    5338 : 16;
    5339 : 16;
    5340 : 16;
    5341 : 16;
    5342 : 16;
    5343 : 16;
    5344 : 16;
    5345 : 16;
    5346 : 16;
    5347 : 16;
    5348 : 16;
    5349 : 16;
    5350 : 16;
    5351 : 16;
    5352 : 16;
    5353 : 16;
    5354 : 16;
    5355 : 16;
    5356 : 16;
    5357 : 16;
    5358 : 16;
    5359 : 16;
    5360 : 16;
    5361 : 16;
    5362 : 16;
    5363 : 16;
    5364 : 16;
    5365 : 16;
    5366 : 16;
    5367 : 16;
    5368 : 16;
    5369 : 16;
    5370 : 16;
    5371 : 16;
    5372 : 16;
    5373 : 16;
    5374 : 16;
    5375 : 16;
    5376 : 90;
    5377 : 90;
    5378 : 90;
    5379 : 90;
    5380 : 90;
    5381 : 90;
    5382 : 90;
    5383 : 90;
    5384 : 90;
    5385 : 94;
    5386 : 94;
    5387 : 94;
    5388 : 90;
    5389 : 94;
    5390 : 94;
    5391 : 90;
    5392 : 90;
    5393 : 94;
    5394 : 90;
    5395 : 90;
    5396 : 90;
    5397 : 90;
    5398 : 94;
    5399 : 90;
    5400 : 90;
    5401 : 90;
    5402 : 90;
    5403 : 90;
    5404 : 90;
    5405 : 90;
    5406 : 90;
    5407 : 90;
    5408 : 90;
    5409 : 90;
    5410 : 90;
    5411 : 90;
    5412 : 90;
    5413 : 90;
    5414 : 90;
    5415 : 90;
    5416 : 90;
    5417 : 94;
    5418 : 90;
    5419 : 90;
    5420 : 90;
    5421 : 90;
    5422 : 94;
    5423 : 90;
    5424 : 90;
    5425 : 94;
    5426 : 94;
    5427 : 94;
    5428 : 90;
    5429 : 94;
    5430 : 94;
    5431 : 90;
    5432 : 90;
    5433 : 90;
    5434 : 90;
    5435 : 90;
    5436 : 90;
    5437 : 90;
    5438 : 90;
    5439 : 90;
    5440 : 12;
    5441 : 12;
    5442 : 12;
    5443 : 12;
    5444 : 12;
    5445 : 12;
    5446 : 12;
    5447 : 12;
    5448 : 12;
    5449 : 17;
    5450 : 17;
    5451 : 12;
    5452 : 12;
    5453 : 17;
    5454 : 17;
    5455 : 12;
    5456 : 12;
    5457 : 17;
    5458 : 12;
    5459 : 12;
    5460 : 12;
    5461 : 12;
    5462 : 17;
    5463 : 12;
    5464 : 12;
    5465 : 12;
    5466 : 12;
    5467 : 12;
    5468 : 12;
    5469 : 12;
    5470 : 12;
    5471 : 12;
    5472 : 12;
    5473 : 17;
    5474 : 12;
    5475 : 12;
    5476 : 12;
    5477 : 12;
    5478 : 17;
    5479 : 12;
    5480 : 12;
    5481 : 17;
    5482 : 17;
    5483 : 12;
    5484 : 12;
    5485 : 17;
    5486 : 17;
    5487 : 12;
    5488 : 12;
    5489 : 17;
    5490 : 17;
    5491 : 12;
    5492 : 12;
    5493 : 17;
    5494 : 17;
    5495 : 12;
    5496 : 12;
    5497 : 12;
    5498 : 12;
    5499 : 12;
    5500 : 12;
    5501 : 12;
    5502 : 12;
    5503 : 12;
    5504 : 82;
    5505 : 82;
    5506 : 82;
    5507 : 82;
    5508 : 82;
    5509 : 82;
    5510 : 82;
    5511 : 82;
    5512 : 82;
    5513 : A3;
    5514 : A3;
    5515 : A3;
    5516 : 82;
    5517 : A3;
    5518 : A3;
    5519 : 82;
    5520 : 82;
    5521 : A3;
    5522 : A3;
    5523 : 82;
    5524 : 82;
    5525 : A3;
    5526 : A3;
    5527 : 82;
    5528 : 82;
    5529 : A3;
    5530 : 82;
    5531 : 82;
    5532 : 82;
    5533 : 82;
    5534 : A3;
    5535 : 82;
    5536 : 82;
    5537 : 82;
    5538 : 82;
    5539 : 82;
    5540 : 82;
    5541 : 82;
    5542 : 82;
    5543 : 82;
    5544 : 82;
    5545 : A3;
    5546 : 82;
    5547 : 82;
    5548 : 82;
    5549 : 82;
    5550 : A3;
    5551 : 82;
    5552 : 82;
    5553 : A3;
    5554 : A3;
    5555 : A3;
    5556 : 82;
    5557 : A3;
    5558 : A3;
    5559 : 82;
    5560 : 82;
    5561 : 82;
    5562 : 82;
    5563 : 82;
    5564 : 82;
    5565 : 82;
    5566 : 82;
    5567 : 82;
    5568 : 62;
    5569 : 62;
    5570 : 62;
    5571 : 62;
    5572 : 62;
    5573 : 62;
    5574 : 62;
    5575 : 62;
    5576 : 62;
    5577 : 62;
    5578 : 83;
    5579 : 83;
    5580 : 62;
    5581 : 83;
    5582 : 83;
    5583 : 62;
    5584 : 62;
    5585 : 62;
    5586 : 83;
    5587 : 62;
    5588 : 62;
    5589 : 62;
    5590 : 83;
    5591 : 62;
    5592 : 62;
    5593 : 62;
    5594 : 62;
    5595 : 62;
    5596 : 62;
    5597 : 62;
    5598 : 62;
    5599 : 62;
    5600 : 62;
    5601 : 62;
    5602 : 62;
    5603 : 62;
    5604 : 62;
    5605 : 62;
    5606 : 62;
    5607 : 62;
    5608 : 62;
    5609 : 62;
    5610 : 83;
    5611 : 62;
    5612 : 62;
    5613 : 62;
    5614 : 83;
    5615 : 62;
    5616 : 62;
    5617 : 62;
    5618 : 83;
    5619 : 83;
    5620 : 62;
    5621 : 83;
    5622 : 83;
    5623 : 62;
    5624 : 62;
    5625 : 62;
    5626 : 62;
    5627 : 62;
    5628 : 62;
    5629 : 62;
    5630 : 62;
    5631 : 62;
    5632 : C4;
    5633 : A0;
    5634 : A0;
    5635 : A0;
    5636 : A0;
    5637 : A0;
    5638 : A0;
    5639 : A0;
    5640 : C4;
    5641 : A0;
    5642 : C4;
    5643 : C4;
    5644 : A0;
    5645 : C4;
    5646 : C4;
    5647 : A0;
    5648 : C4;
    5649 : A0;
    5650 : C4;
    5651 : A0;
    5652 : A0;
    5653 : A0;
    5654 : C4;
    5655 : A0;
    5656 : C4;
    5657 : A0;
    5658 : A0;
    5659 : A0;
    5660 : A0;
    5661 : A0;
    5662 : A0;
    5663 : A0;
    5664 : C4;
    5665 : A0;
    5666 : A0;
    5667 : A0;
    5668 : A0;
    5669 : A0;
    5670 : C4;
    5671 : A0;
    5672 : C4;
    5673 : A0;
    5674 : C4;
    5675 : A0;
    5676 : A0;
    5677 : C4;
    5678 : C4;
    5679 : A0;
    5680 : C4;
    5681 : C4;
    5682 : A0;
    5683 : A0;
    5684 : A0;
    5685 : A0;
    5686 : A0;
    5687 : A0;
    5688 : C4;
    5689 : A0;
    5690 : A0;
    5691 : A0;
    5692 : A0;
    5693 : A0;
    5694 : A0;
    5695 : A0;
    5696 : 69;
    5697 : 69;
    5698 : 69;
    5699 : 69;
    5700 : 69;
    5701 : 69;
    5702 : 69;
    5703 : 69;
    5704 : 69;
    5705 : 6D;
    5706 : 6D;
    5707 : 6D;
    5708 : 6D;
    5709 : 6D;
    5710 : 6D;
    5711 : 69;
    5712 : 69;
    5713 : 6D;
    5714 : 69;
    5715 : 69;
    5716 : 69;
    5717 : 69;
    5718 : 6D;
    5719 : 69;
    5720 : 69;
    5721 : 6D;
    5722 : 69;
    5723 : 69;
    5724 : 69;
    5725 : 69;
    5726 : 6D;
    5727 : 69;
    5728 : 69;
    5729 : 69;
    5730 : 69;
    5731 : 69;
    5732 : 69;
    5733 : 69;
    5734 : 69;
    5735 : 69;
    5736 : 69;
    5737 : 6D;
    5738 : 69;
    5739 : 69;
    5740 : 69;
    5741 : 69;
    5742 : 6D;
    5743 : 69;
    5744 : 69;
    5745 : 6D;
    5746 : 6D;
    5747 : 6D;
    5748 : 6D;
    5749 : 6D;
    5750 : 6D;
    5751 : 69;
    5752 : 69;
    5753 : 69;
    5754 : 69;
    5755 : 69;
    5756 : 69;
    5757 : 69;
    5758 : 69;
    5759 : 69;
    5760 : D6;
    5761 : D6;
    5762 : D6;
    5763 : D6;
    5764 : D6;
    5765 : D6;
    5766 : D6;
    5767 : D6;
    5768 : D6;
    5769 : FA;
    5770 : FA;
    5771 : FA;
    5772 : D6;
    5773 : FA;
    5774 : FA;
    5775 : D6;
    5776 : D6;
    5777 : FA;
    5778 : D6;
    5779 : D6;
    5780 : D6;
    5781 : D6;
    5782 : FA;
    5783 : D6;
    5784 : D6;
    5785 : D6;
    5786 : D6;
    5787 : D6;
    5788 : D6;
    5789 : D6;
    5790 : D6;
    5791 : D6;
    5792 : D6;
    5793 : FA;
    5794 : D6;
    5795 : D6;
    5796 : D6;
    5797 : D6;
    5798 : FA;
    5799 : D6;
    5800 : D6;
    5801 : FA;
    5802 : D6;
    5803 : D6;
    5804 : D6;
    5805 : D6;
    5806 : FA;
    5807 : D6;
    5808 : D6;
    5809 : FA;
    5810 : FA;
    5811 : FA;
    5812 : D6;
    5813 : FA;
    5814 : FA;
    5815 : D6;
    5816 : D6;
    5817 : D6;
    5818 : D6;
    5819 : D6;
    5820 : D6;
    5821 : D6;
    5822 : D6;
    5823 : D6;
    5824 : D4;
    5825 : D4;
    5826 : D4;
    5827 : D4;
    5828 : D4;
    5829 : D4;
    5830 : D4;
    5831 : D4;
    5832 : D4;
    5833 : D4;
    5834 : D4;
    5835 : D4;
    5836 : D4;
    5837 : D4;
    5838 : D4;
    5839 : D4;
    5840 : D4;
    5841 : D4;
    5842 : D4;
    5843 : D4;
    5844 : D4;
    5845 : D4;
    5846 : D4;
    5847 : D4;
    5848 : D4;
    5849 : D4;
    5850 : D4;
    5851 : D4;
    5852 : D4;
    5853 : D4;
    5854 : D4;
    5855 : D4;
    5856 : D4;
    5857 : D4;
    5858 : D4;
    5859 : D4;
    5860 : D4;
    5861 : D4;
    5862 : D4;
    5863 : D4;
    5864 : D4;
    5865 : D4;
    5866 : D4;
    5867 : D4;
    5868 : D4;
    5869 : D4;
    5870 : D4;
    5871 : D4;
    5872 : D4;
    5873 : D4;
    5874 : D4;
    5875 : D4;
    5876 : D4;
    5877 : D4;
    5878 : D4;
    5879 : D4;
    5880 : D4;
    5881 : D4;
    5882 : D4;
    5883 : D4;
    5884 : D4;
    5885 : D4;
    5886 : D4;
    5887 : D4;
    5888 : FE;
    5889 : FE;
    5890 : FE;
    5891 : 68;
    5892 : 44;
    5893 : FE;
    5894 : FE;
    5895 : FE;
    5896 : FE;
    5897 : FE;
    5898 : FD;
    5899 : 68;
    5900 : 44;
    5901 : FE;
    5902 : FD;
    5903 : FE;
    5904 : FE;
    5905 : FD;
    5906 : FE;
    5907 : 68;
    5908 : 44;
    5909 : FD;
    5910 : FE;
    5911 : FE;
    5912 : 68;
    5913 : 68;
    5914 : 68;
    5915 : 68;
    5916 : 68;
    5917 : 68;
    5918 : 68;
    5919 : 68;
    5920 : FE;
    5921 : FE;
    5922 : FE;
    5923 : 68;
    5924 : 44;
    5925 : FE;
    5926 : FE;
    5927 : FE;
    5928 : FE;
    5929 : FE;
    5930 : FD;
    5931 : 68;
    5932 : 44;
    5933 : FE;
    5934 : FD;
    5935 : FE;
    5936 : FE;
    5937 : FD;
    5938 : FE;
    5939 : 68;
    5940 : 44;
    5941 : FD;
    5942 : FE;
    5943 : FE;
    5944 : FE;
    5945 : FE;
    5946 : FE;
    5947 : 68;
    5948 : 44;
    5949 : FE;
    5950 : FE;
    5951 : FE;
    5952 : FF;
    5953 : FF;
    5954 : FF;
    5955 : FF;
    5956 : FF;
    5957 : FF;
    5958 : FF;
    5959 : FF;
    5960 : FF;
    5961 : FF;
    5962 : FF;
    5963 : FF;
    5964 : FF;
    5965 : 00;
    5966 : FF;
    5967 : FF;
    5968 : FF;
    5969 : FF;
    5970 : FF;
    5971 : FF;
    5972 : FF;
    5973 : 00;
    5974 : FF;
    5975 : FF;
    5976 : FF;
    5977 : FF;
    5978 : FF;
    5979 : FF;
    5980 : FF;
    5981 : 00;
    5982 : FF;
    5983 : FF;
    5984 : FF;
    5985 : FF;
    5986 : FF;
    5987 : FF;
    5988 : FF;
    5989 : 00;
    5990 : FF;
    5991 : FF;
    5992 : FF;
    5993 : FF;
    5994 : 00;
    5995 : 00;
    5996 : 00;
    5997 : 00;
    5998 : FF;
    5999 : FF;
    6000 : FF;
    6001 : FF;
    6002 : 00;
    6003 : 00;
    6004 : 00;
    6005 : FF;
    6006 : FF;
    6007 : FF;
    6008 : FF;
    6009 : FF;
    6010 : FF;
    6011 : FF;
    6012 : FF;
    6013 : FF;
    6014 : FF;
    6015 : FF;
    6016 : B6;
    6017 : B6;
    6018 : B6;
    6019 : B6;
    6020 : B6;
    6021 : B6;
    6022 : B6;
    6023 : B6;
    6024 : B6;
    6025 : B6;
    6026 : B6;
    6027 : 92;
    6028 : B6;
    6029 : B6;
    6030 : B6;
    6031 : B6;
    6032 : B6;
    6033 : B6;
    6034 : B6;
    6035 : 92;
    6036 : B6;
    6037 : B6;
    6038 : B6;
    6039 : B6;
    6040 : B6;
    6041 : 92;
    6042 : 92;
    6043 : 92;
    6044 : B6;
    6045 : 92;
    6046 : 92;
    6047 : B6;
    6048 : B6;
    6049 : B6;
    6050 : B6;
    6051 : B6;
    6052 : B6;
    6053 : B6;
    6054 : B6;
    6055 : B6;
    6056 : B6;
    6057 : B6;
    6058 : B6;
    6059 : 92;
    6060 : B6;
    6061 : B6;
    6062 : B6;
    6063 : B6;
    6064 : B6;
    6065 : B6;
    6066 : B6;
    6067 : 92;
    6068 : B6;
    6069 : B6;
    6070 : B6;
    6071 : B6;
    6072 : B6;
    6073 : B6;
    6074 : B6;
    6075 : B6;
    6076 : B6;
    6077 : B6;
    6078 : B6;
    6079 : B6;
    6080 : 44;
    6081 : 64;
    6082 : 68;
    6083 : 68;
    6084 : 68;
    6085 : 68;
    6086 : 68;
    6087 : 44;
    6088 : 64;
    6089 : 68;
    6090 : 68;
    6091 : 68;
    6092 : 68;
    6093 : 68;
    6094 : 68;
    6095 : 64;
    6096 : 68;
    6097 : 68;
    6098 : 68;
    6099 : 68;
    6100 : 68;
    6101 : 68;
    6102 : 68;
    6103 : 68;
    6104 : 68;
    6105 : 68;
    6106 : 68;
    6107 : 68;
    6108 : 68;
    6109 : 68;
    6110 : 68;
    6111 : 68;
    6112 : 68;
    6113 : 68;
    6114 : 68;
    6115 : 68;
    6116 : 64;
    6117 : 68;
    6118 : 68;
    6119 : 68;
    6120 : 68;
    6121 : 68;
    6122 : 68;
    6123 : 68;
    6124 : 68;
    6125 : 68;
    6126 : 68;
    6127 : 68;
    6128 : 64;
    6129 : 68;
    6130 : 68;
    6131 : 68;
    6132 : 68;
    6133 : 68;
    6134 : 68;
    6135 : 64;
    6136 : 44;
    6137 : 64;
    6138 : 68;
    6139 : 68;
    6140 : 68;
    6141 : 68;
    6142 : 68;
    6143 : 44;
    6144 : 49;
    6145 : 44;
    6146 : 44;
    6147 : 44;
    6148 : 44;
    6149 : 44;
    6150 : 44;
    6151 : 44;
    6152 : 20;
    6153 : 20;
    6154 : 20;
    6155 : 20;
    6156 : 20;
    6157 : 20;
    6158 : 20;
    6159 : 20;
    6160 : 68;
    6161 : 44;
    6162 : 68;
    6163 : 68;
    6164 : 68;
    6165 : 68;
    6166 : 68;
    6167 : 68;
    6168 : 44;
    6169 : 24;
    6170 : 24;
    6171 : 44;
    6172 : 44;
    6173 : 44;
    6174 : 44;
    6175 : 44;
    6176 : 68;
    6177 : 68;
    6178 : 68;
    6179 : 68;
    6180 : 68;
    6181 : 44;
    6182 : 20;
    6183 : 68;
    6184 : 44;
    6185 : 44;
    6186 : 44;
    6187 : 44;
    6188 : 44;
    6189 : 24;
    6190 : 20;
    6191 : 44;
    6192 : 68;
    6193 : 68;
    6194 : 68;
    6195 : 68;
    6196 : 68;
    6197 : 68;
    6198 : 68;
    6199 : 68;
    6200 : 24;
    6201 : 44;
    6202 : 44;
    6203 : 44;
    6204 : 44;
    6205 : 44;
    6206 : 44;
    6207 : 44;
    6208 : D5;
    6209 : D5;
    6210 : D5;
    6211 : B1;
    6212 : B1;
    6213 : B1;
    6214 : B1;
    6215 : B1;
    6216 : B1;
    6217 : B1;
    6218 : D5;
    6219 : D5;
    6220 : D5;
    6221 : D5;
    6222 : D5;
    6223 : D5;
    6224 : B1;
    6225 : B1;
    6226 : B1;
    6227 : B1;
    6228 : B1;
    6229 : D5;
    6230 : D5;
    6231 : D5;
    6232 : D5;
    6233 : D5;
    6234 : B1;
    6235 : B1;
    6236 : AD;
    6237 : B1;
    6238 : B1;
    6239 : D5;
    6240 : D5;
    6241 : FA;
    6242 : FA;
    6243 : FA;
    6244 : FA;
    6245 : FA;
    6246 : D1;
    6247 : D1;
    6248 : D5;
    6249 : D1;
    6250 : D1;
    6251 : D1;
    6252 : D1;
    6253 : D1;
    6254 : D5;
    6255 : D5;
    6256 : D5;
    6257 : D5;
    6258 : D5;
    6259 : D1;
    6260 : D1;
    6261 : D1;
    6262 : D1;
    6263 : D1;
    6264 : B1;
    6265 : B1;
    6266 : D5;
    6267 : D5;
    6268 : D5;
    6269 : D5;
    6270 : D5;
    6271 : D5;
    6272 : F5;
    6273 : F5;
    6274 : F5;
    6275 : F9;
    6276 : F9;
    6277 : F9;
    6278 : F5;
    6279 : F5;
    6280 : F5;
    6281 : F9;
    6282 : FA;
    6283 : F5;
    6284 : F5;
    6285 : F5;
    6286 : F9;
    6287 : F5;
    6288 : F9;
    6289 : F5;
    6290 : F9;
    6291 : F5;
    6292 : F5;
    6293 : FA;
    6294 : F5;
    6295 : F9;
    6296 : F9;
    6297 : F5;
    6298 : FA;
    6299 : FA;
    6300 : F5;
    6301 : F5;
    6302 : F5;
    6303 : F9;
    6304 : F9;
    6305 : F5;
    6306 : FA;
    6307 : FA;
    6308 : F5;
    6309 : F5;
    6310 : F5;
    6311 : F9;
    6312 : F5;
    6313 : FA;
    6314 : F5;
    6315 : FA;
    6316 : FA;
    6317 : F9;
    6318 : FA;
    6319 : F5;
    6320 : F5;
    6321 : F9;
    6322 : FA;
    6323 : F5;
    6324 : F5;
    6325 : F5;
    6326 : F9;
    6327 : F5;
    6328 : F5;
    6329 : F5;
    6330 : F5;
    6331 : F9;
    6332 : F9;
    6333 : F9;
    6334 : F5;
    6335 : F5;
    6336 : EC;
    6337 : F0;
    6338 : F0;
    6339 : A8;
    6340 : EC;
    6341 : F0;
    6342 : F0;
    6343 : EC;
    6344 : F4;
    6345 : EC;
    6346 : FC;
    6347 : EC;
    6348 : EC;
    6349 : FC;
    6350 : EC;
    6351 : F4;
    6352 : F4;
    6353 : EC;
    6354 : FD;
    6355 : EC;
    6356 : EC;
    6357 : FD;
    6358 : EC;
    6359 : F4;
    6360 : F4;
    6361 : EC;
    6362 : F4;
    6363 : F4;
    6364 : F4;
    6365 : FD;
    6366 : EC;
    6367 : F4;
    6368 : EC;
    6369 : FC;
    6370 : EC;
    6371 : F4;
    6372 : F4;
    6373 : FD;
    6374 : FC;
    6375 : EC;
    6376 : F4;
    6377 : FC;
    6378 : FD;
    6379 : FD;
    6380 : FD;
    6381 : FD;
    6382 : FC;
    6383 : F4;
    6384 : F0;
    6385 : F4;
    6386 : EC;
    6387 : EC;
    6388 : EC;
    6389 : F4;
    6390 : F4;
    6391 : F0;
    6392 : EC;
    6393 : F0;
    6394 : F0;
    6395 : A8;
    6396 : EC;
    6397 : F0;
    6398 : F0;
    6399 : EC;
    6400 : A8;
    6401 : EC;
    6402 : EC;
    6403 : 64;
    6404 : 64;
    6405 : EC;
    6406 : EC;
    6407 : A8;
    6408 : F0;
    6409 : F4;
    6410 : EC;
    6411 : EC;
    6412 : EC;
    6413 : EC;
    6414 : F4;
    6415 : F0;
    6416 : F4;
    6417 : EC;
    6418 : 20;
    6419 : F4;
    6420 : F4;
    6421 : 20;
    6422 : EC;
    6423 : F4;
    6424 : F4;
    6425 : EC;
    6426 : 20;
    6427 : F4;
    6428 : F4;
    6429 : 20;
    6430 : EC;
    6431 : F4;
    6432 : F4;
    6433 : EC;
    6434 : F4;
    6435 : F4;
    6436 : F4;
    6437 : F4;
    6438 : EC;
    6439 : F4;
    6440 : F4;
    6441 : 20;
    6442 : 20;
    6443 : 20;
    6444 : 20;
    6445 : 20;
    6446 : 20;
    6447 : F4;
    6448 : F4;
    6449 : EC;
    6450 : 20;
    6451 : 20;
    6452 : 20;
    6453 : 20;
    6454 : EC;
    6455 : F4;
    6456 : EC;
    6457 : F0;
    6458 : F0;
    6459 : F4;
    6460 : F4;
    6461 : F0;
    6462 : F0;
    6463 : EC;
    6464 : 0C;
    6465 : 58;
    6466 : 5C;
    6467 : 0C;
    6468 : 30;
    6469 : 5C;
    6470 : 58;
    6471 : 0C;
    6472 : 5C;
    6473 : 0C;
    6474 : 34;
    6475 : 0C;
    6476 : 30;
    6477 : 34;
    6478 : 0C;
    6479 : 5C;
    6480 : 5C;
    6481 : 5C;
    6482 : 0C;
    6483 : 0C;
    6484 : 0C;
    6485 : 0C;
    6486 : 5C;
    6487 : 5C;
    6488 : 30;
    6489 : 30;
    6490 : 0C;
    6491 : 30;
    6492 : 30;
    6493 : 0C;
    6494 : 0C;
    6495 : 0C;
    6496 : 58;
    6497 : 58;
    6498 : 30;
    6499 : 0C;
    6500 : 0C;
    6501 : 30;
    6502 : 58;
    6503 : 34;
    6504 : 5C;
    6505 : 0C;
    6506 : 30;
    6507 : 0C;
    6508 : 30;
    6509 : 0C;
    6510 : 30;
    6511 : 5C;
    6512 : 0C;
    6513 : 30;
    6514 : 5C;
    6515 : 0C;
    6516 : 30;
    6517 : 5C;
    6518 : 0C;
    6519 : 30;
    6520 : 30;
    6521 : 58;
    6522 : 5C;
    6523 : 0C;
    6524 : 30;
    6525 : 5C;
    6526 : 58;
    6527 : 30;
    6528 : 30;
    6529 : 58;
    6530 : 5C;
    6531 : 30;
    6532 : 58;
    6533 : 5C;
    6534 : 0C;
    6535 : 30;
    6536 : 0C;
    6537 : 34;
    6538 : 5C;
    6539 : 30;
    6540 : 58;
    6541 : 5C;
    6542 : 0C;
    6543 : 0C;
    6544 : 0C;
    6545 : 34;
    6546 : 5C;
    6547 : 0C;
    6548 : 34;
    6549 : 5C;
    6550 : 30;
    6551 : 0C;
    6552 : 0C;
    6553 : 34;
    6554 : 5C;
    6555 : 0C;
    6556 : 34;
    6557 : 5C;
    6558 : 30;
    6559 : 0C;
    6560 : 0C;
    6561 : 58;
    6562 : 5C;
    6563 : 0C;
    6564 : 58;
    6565 : 5C;
    6566 : 30;
    6567 : 0C;
    6568 : 30;
    6569 : 58;
    6570 : 5C;
    6571 : 0C;
    6572 : 58;
    6573 : 5C;
    6574 : 0C;
    6575 : 30;
    6576 : 30;
    6577 : 58;
    6578 : 5C;
    6579 : 30;
    6580 : 58;
    6581 : 5C;
    6582 : 0C;
    6583 : 30;
    6584 : 30;
    6585 : 58;
    6586 : 5C;
    6587 : 30;
    6588 : 58;
    6589 : 5C;
    6590 : 0C;
    6591 : 30;
    6592 : B6;
    6593 : 51;
    6594 : B6;
    6595 : 51;
    6596 : DB;
    6597 : B6;
    6598 : 51;
    6599 : B6;
    6600 : B6;
    6601 : B6;
    6602 : B6;
    6603 : 92;
    6604 : DB;
    6605 : B6;
    6606 : DB;
    6607 : B6;
    6608 : DB;
    6609 : B6;
    6610 : DB;
    6611 : 92;
    6612 : B6;
    6613 : B6;
    6614 : DB;
    6615 : DB;
    6616 : B6;
    6617 : B6;
    6618 : B6;
    6619 : 51;
    6620 : DB;
    6621 : B6;
    6622 : DB;
    6623 : DB;
    6624 : DB;
    6625 : 75;
    6626 : DB;
    6627 : DB;
    6628 : 75;
    6629 : 75;
    6630 : DB;
    6631 : 51;
    6632 : DB;
    6633 : B6;
    6634 : DB;
    6635 : DB;
    6636 : B6;
    6637 : B6;
    6638 : DB;
    6639 : 51;
    6640 : B6;
    6641 : DB;
    6642 : B6;
    6643 : B6;
    6644 : B6;
    6645 : DB;
    6646 : B6;
    6647 : 92;
    6648 : B6;
    6649 : B6;
    6650 : B6;
    6651 : DB;
    6652 : DB;
    6653 : B6;
    6654 : B6;
    6655 : 2C;
    6656 : C0;
    6657 : C0;
    6658 : C0;
    6659 : C0;
    6660 : C0;
    6661 : C0;
    6662 : C0;
    6663 : C0;
    6664 : C0;
    6665 : FF;
    6666 : DB;
    6667 : C0;
    6668 : C0;
    6669 : C0;
    6670 : C0;
    6671 : C0;
    6672 : C0;
    6673 : DB;
    6674 : C0;
    6675 : C0;
    6676 : C0;
    6677 : C0;
    6678 : C0;
    6679 : C0;
    6680 : C0;
    6681 : C0;
    6682 : C0;
    6683 : C0;
    6684 : C0;
    6685 : FF;
    6686 : FF;
    6687 : DB;
    6688 : C0;
    6689 : C0;
    6690 : C0;
    6691 : C0;
    6692 : C0;
    6693 : FF;
    6694 : DB;
    6695 : DB;
    6696 : C0;
    6697 : C0;
    6698 : C0;
    6699 : C0;
    6700 : C0;
    6701 : C0;
    6702 : C0;
    6703 : C0;
    6704 : C0;
    6705 : C0;
    6706 : C0;
    6707 : FF;
    6708 : DB;
    6709 : C0;
    6710 : C0;
    6711 : C0;
    6712 : C0;
    6713 : C0;
    6714 : C0;
    6715 : DB;
    6716 : C0;
    6717 : C0;
    6718 : C0;
    6719 : C0;
    6720 : 18;
    6721 : 18;
    6722 : 18;
    6723 : 18;
    6724 : 18;
    6725 : 18;
    6726 : 18;
    6727 : 18;
    6728 : 18;
    6729 : 18;
    6730 : 18;
    6731 : 18;
    6732 : 18;
    6733 : FF;
    6734 : FF;
    6735 : 18;
    6736 : 18;
    6737 : 18;
    6738 : 18;
    6739 : 18;
    6740 : 18;
    6741 : FF;
    6742 : DB;
    6743 : 18;
    6744 : FF;
    6745 : FF;
    6746 : DB;
    6747 : 18;
    6748 : 18;
    6749 : 18;
    6750 : 18;
    6751 : 18;
    6752 : 18;
    6753 : DB;
    6754 : 18;
    6755 : 18;
    6756 : 18;
    6757 : 18;
    6758 : 18;
    6759 : 18;
    6760 : 18;
    6761 : 18;
    6762 : 18;
    6763 : 18;
    6764 : FF;
    6765 : 18;
    6766 : 18;
    6767 : 18;
    6768 : 18;
    6769 : 18;
    6770 : 18;
    6771 : FF;
    6772 : DB;
    6773 : 18;
    6774 : 18;
    6775 : 18;
    6776 : 18;
    6777 : 18;
    6778 : 18;
    6779 : 18;
    6780 : 18;
    6781 : 18;
    6782 : 18;
    6783 : 18;
    6784 : DB;
    6785 : B6;
    6786 : DB;
    6787 : 6D;
    6788 : DB;
    6789 : DB;
    6790 : DB;
    6791 : B6;
    6792 : DB;
    6793 : B6;
    6794 : DB;
    6795 : B6;
    6796 : DB;
    6797 : B6;
    6798 : DB;
    6799 : DB;
    6800 : DB;
    6801 : DB;
    6802 : DB;
    6803 : B6;
    6804 : B6;
    6805 : DB;
    6806 : DB;
    6807 : B6;
    6808 : DB;
    6809 : B6;
    6810 : 6D;
    6811 : DB;
    6812 : DB;
    6813 : DB;
    6814 : 6D;
    6815 : B6;
    6816 : DB;
    6817 : DA;
    6818 : DB;
    6819 : DB;
    6820 : B6;
    6821 : 6D;
    6822 : DA;
    6823 : DB;
    6824 : DB;
    6825 : DB;
    6826 : DB;
    6827 : DB;
    6828 : B6;
    6829 : B6;
    6830 : DB;
    6831 : DB;
    6832 : DB;
    6833 : DB;
    6834 : B6;
    6835 : B6;
    6836 : DB;
    6837 : DB;
    6838 : B6;
    6839 : DB;
    6840 : DB;
    6841 : 92;
    6842 : DB;
    6843 : DA;
    6844 : DB;
    6845 : B6;
    6846 : FF;
    6847 : DB;
    6848 : 00;
    6849 : 00;
    6850 : 00;
    6851 : 00;
    6852 : 00;
    6853 : 00;
    6854 : 00;
    6855 : 00;
    6856 : 00;
    6857 : 00;
    6858 : 00;
    6859 : 00;
    6860 : 00;
    6861 : 04;
    6862 : 04;
    6863 : 04;
    6864 : 00;
    6865 : 00;
    6866 : 00;
    6867 : 00;
    6868 : 00;
    6869 : 04;
    6870 : 04;
    6871 : 04;
    6872 : 00;
    6873 : 00;
    6874 : 00;
    6875 : 00;
    6876 : 00;
    6877 : 04;
    6878 : 04;
    6879 : 25;
    6880 : 00;
    6881 : 00;
    6882 : 00;
    6883 : 00;
    6884 : 00;
    6885 : 00;
    6886 : 00;
    6887 : 00;
    6888 : 00;
    6889 : 00;
    6890 : 00;
    6891 : 00;
    6892 : 00;
    6893 : 00;
    6894 : 00;
    6895 : 00;
    6896 : 00;
    6897 : 00;
    6898 : 00;
    6899 : 00;
    6900 : 00;
    6901 : 00;
    6902 : 00;
    6903 : 00;
    6904 : 00;
    6905 : 25;
    6906 : 00;
    6907 : 00;
    6908 : 00;
    6909 : 00;
    6910 : 25;
    6911 : 00;
    6912 : 34;
    6913 : 7D;
    6914 : 7D;
    6915 : 7D;
    6916 : 7D;
    6917 : 7D;
    6918 : 58;
    6919 : 34;
    6920 : 34;
    6921 : 7D;
    6922 : 7D;
    6923 : 7D;
    6924 : 7D;
    6925 : 7D;
    6926 : 58;
    6927 : 34;
    6928 : 04;
    6929 : 08;
    6930 : 08;
    6931 : 2C;
    6932 : 2C;
    6933 : 08;
    6934 : 04;
    6935 : 04;
    6936 : 30;
    6937 : 58;
    6938 : 58;
    6939 : 7D;
    6940 : 7D;
    6941 : 58;
    6942 : 34;
    6943 : 30;
    6944 : 30;
    6945 : 58;
    6946 : 58;
    6947 : 7D;
    6948 : 7D;
    6949 : 58;
    6950 : 34;
    6951 : 30;
    6952 : 30;
    6953 : 58;
    6954 : 58;
    6955 : 7D;
    6956 : 7D;
    6957 : 58;
    6958 : 34;
    6959 : 30;
    6960 : 30;
    6961 : 58;
    6962 : 58;
    6963 : 7D;
    6964 : 7D;
    6965 : 58;
    6966 : 34;
    6967 : 30;
    6968 : 30;
    6969 : 58;
    6970 : 58;
    6971 : 7D;
    6972 : 7D;
    6973 : 58;
    6974 : 34;
    6975 : 30;
    6976 : F5;
    6977 : F9;
    6978 : F9;
    6979 : F9;
    6980 : F9;
    6981 : F9;
    6982 : F9;
    6983 : F5;
    6984 : FE;
    6985 : FE;
    6986 : FE;
    6987 : FE;
    6988 : FE;
    6989 : FE;
    6990 : D0;
    6991 : FE;
    6992 : FD;
    6993 : FD;
    6994 : FD;
    6995 : FD;
    6996 : FD;
    6997 : FD;
    6998 : D0;
    6999 : FD;
    7000 : D0;
    7001 : D0;
    7002 : D0;
    7003 : D0;
    7004 : D4;
    7005 : D4;
    7006 : D0;
    7007 : D4;
    7008 : FE;
    7009 : FD;
    7010 : F9;
    7011 : F9;
    7012 : F9;
    7013 : F9;
    7014 : FD;
    7015 : FE;
    7016 : F9;
    7017 : F9;
    7018 : F9;
    7019 : F9;
    7020 : F9;
    7021 : F9;
    7022 : F9;
    7023 : F9;
    7024 : FE;
    7025 : FE;
    7026 : F9;
    7027 : FD;
    7028 : FD;
    7029 : F9;
    7030 : F9;
    7031 : FE;
    7032 : FD;
    7033 : FE;
    7034 : F9;
    7035 : F9;
    7036 : F9;
    7037 : F9;
    7038 : FD;
    7039 : FD;
    7040 : 84;
    7041 : 84;
    7042 : 84;
    7043 : 84;
    7044 : 84;
    7045 : 84;
    7046 : 84;
    7047 : 84;
    7048 : 40;
    7049 : 20;
    7050 : 20;
    7051 : 40;
    7052 : 40;
    7053 : 20;
    7054 : 20;
    7055 : 40;
    7056 : 40;
    7057 : FF;
    7058 : FF;
    7059 : FF;
    7060 : FF;
    7061 : 20;
    7062 : FF;
    7063 : 40;
    7064 : 40;
    7065 : 84;
    7066 : 40;
    7067 : FF;
    7068 : FF;
    7069 : FF;
    7070 : 20;
    7071 : 40;
    7072 : 40;
    7073 : 40;
    7074 : FF;
    7075 : FF;
    7076 : FF;
    7077 : FF;
    7078 : 84;
    7079 : 40;
    7080 : 40;
    7081 : FF;
    7082 : 20;
    7083 : FF;
    7084 : FF;
    7085 : 84;
    7086 : FF;
    7087 : 40;
    7088 : 40;
    7089 : FF;
    7090 : FF;
    7091 : 40;
    7092 : 84;
    7093 : FF;
    7094 : FF;
    7095 : 40;
    7096 : 40;
    7097 : 40;
    7098 : 40;
    7099 : 40;
    7100 : 40;
    7101 : 40;
    7102 : 40;
    7103 : 40;
    7104 : DF;
    7105 : DF;
    7106 : BE;
    7107 : 99;
    7108 : 99;
    7109 : 79;
    7110 : 79;
    7111 : 78;
    7112 : DF;
    7113 : BE;
    7114 : 99;
    7115 : 99;
    7116 : 79;
    7117 : 79;
    7118 : 78;
    7119 : 78;
    7120 : BE;
    7121 : 99;
    7122 : 99;
    7123 : 79;
    7124 : 79;
    7125 : 78;
    7126 : 78;
    7127 : 78;
    7128 : 99;
    7129 : 99;
    7130 : 79;
    7131 : 79;
    7132 : 78;
    7133 : 78;
    7134 : 78;
    7135 : 78;
    7136 : 99;
    7137 : 79;
    7138 : 79;
    7139 : 78;
    7140 : 78;
    7141 : 78;
    7142 : 78;
    7143 : 78;
    7144 : 79;
    7145 : 79;
    7146 : 78;
    7147 : 78;
    7148 : 78;
    7149 : 78;
    7150 : 78;
    7151 : 78;
    7152 : 79;
    7153 : 78;
    7154 : 78;
    7155 : 78;
    7156 : 78;
    7157 : 78;
    7158 : 78;
    7159 : 78;
    7160 : 78;
    7161 : 78;
    7162 : 78;
    7163 : 78;
    7164 : 78;
    7165 : 78;
    7166 : 78;
    7167 : 78;
    7168 : 92;
    7169 : 02;
    7170 : B7;
    7171 : 92;
    7172 : B6;
    7173 : B6;
    7174 : 02;
    7175 : 92;
    7176 : 01;
    7177 : 73;
    7178 : 01;
    7179 : B6;
    7180 : 92;
    7181 : 96;
    7182 : 01;
    7183 : BB;
    7184 : B6;
    7185 : 01;
    7186 : B6;
    7187 : B6;
    7188 : 92;
    7189 : 96;
    7190 : B7;
    7191 : B6;
    7192 : B6;
    7193 : 92;
    7194 : 92;
    7195 : B6;
    7196 : 92;
    7197 : 92;
    7198 : 92;
    7199 : 96;
    7200 : B6;
    7201 : 92;
    7202 : 92;
    7203 : 92;
    7204 : 02;
    7205 : 73;
    7206 : 73;
    7207 : B6;
    7208 : 92;
    7209 : 92;
    7210 : B6;
    7211 : B6;
    7212 : 07;
    7213 : 07;
    7214 : 07;
    7215 : 01;
    7216 : B6;
    7217 : 07;
    7218 : B6;
    7219 : B7;
    7220 : 6D;
    7221 : 01;
    7222 : 01;
    7223 : B6;
    7224 : 92;
    7225 : 6E;
    7226 : 92;
    7227 : 92;
    7228 : B7;
    7229 : BB;
    7230 : 96;
    7231 : DB;
    7232 : 07;
    7233 : 07;
    7234 : 07;
    7235 : 07;
    7236 : 07;
    7237 : 07;
    7238 : 07;
    7239 : 03;
    7240 : 07;
    7241 : 07;
    7242 : 07;
    7243 : 07;
    7244 : 07;
    7245 : 07;
    7246 : 07;
    7247 : 03;
    7248 : 07;
    7249 : 07;
    7250 : 07;
    7251 : 07;
    7252 : 07;
    7253 : 07;
    7254 : 07;
    7255 : 03;
    7256 : 07;
    7257 : 07;
    7258 : 07;
    7259 : 07;
    7260 : 07;
    7261 : 07;
    7262 : 07;
    7263 : 03;
    7264 : 07;
    7265 : 07;
    7266 : 07;
    7267 : 07;
    7268 : 07;
    7269 : 07;
    7270 : 07;
    7271 : 03;
    7272 : 07;
    7273 : 07;
    7274 : 07;
    7275 : 03;
    7276 : 03;
    7277 : 07;
    7278 : 07;
    7279 : 03;
    7280 : 07;
    7281 : 07;
    7282 : 03;
    7283 : 03;
    7284 : 03;
    7285 : 03;
    7286 : 07;
    7287 : 03;
    7288 : 07;
    7289 : 03;
    7290 : 03;
    7291 : 03;
    7292 : 03;
    7293 : 03;
    7294 : 03;
    7295 : 03;
    7296 : 24;
    7297 : F5;
    7298 : D4;
    7299 : D4;
    7300 : D4;
    7301 : D4;
    7302 : F5;
    7303 : F5;
    7304 : 24;
    7305 : 88;
    7306 : 88;
    7307 : 88;
    7308 : 88;
    7309 : 88;
    7310 : 88;
    7311 : F5;
    7312 : 24;
    7313 : 88;
    7314 : 24;
    7315 : 44;
    7316 : 44;
    7317 : 44;
    7318 : 24;
    7319 : D4;
    7320 : 24;
    7321 : 88;
    7322 : 44;
    7323 : 44;
    7324 : 44;
    7325 : 44;
    7326 : 24;
    7327 : D4;
    7328 : 24;
    7329 : 88;
    7330 : 44;
    7331 : 44;
    7332 : 44;
    7333 : 44;
    7334 : 24;
    7335 : D4;
    7336 : 24;
    7337 : 88;
    7338 : 44;
    7339 : 44;
    7340 : 44;
    7341 : 44;
    7342 : 24;
    7343 : D4;
    7344 : 24;
    7345 : 88;
    7346 : 24;
    7347 : 24;
    7348 : 24;
    7349 : 24;
    7350 : 24;
    7351 : D4;
    7352 : 24;
    7353 : D4;
    7354 : D4;
    7355 : D4;
    7356 : D4;
    7357 : D4;
    7358 : D4;
    7359 : B0;
    7360 : 8C;
    7361 : 8C;
    7362 : 8C;
    7363 : 8C;
    7364 : 8C;
    7365 : 8C;
    7366 : 8C;
    7367 : 8C;
    7368 : 68;
    7369 : 68;
    7370 : 68;
    7371 : 68;
    7372 : 68;
    7373 : 68;
    7374 : 68;
    7375 : 44;
    7376 : 8C;
    7377 : 88;
    7378 : B1;
    7379 : 8C;
    7380 : 8C;
    7381 : 8C;
    7382 : 8C;
    7383 : 8C;
    7384 : 68;
    7385 : 44;
    7386 : 44;
    7387 : 68;
    7388 : 68;
    7389 : 68;
    7390 : 68;
    7391 : 68;
    7392 : 8C;
    7393 : 8C;
    7394 : 8C;
    7395 : 8C;
    7396 : 8C;
    7397 : 8C;
    7398 : 44;
    7399 : 8C;
    7400 : 68;
    7401 : 68;
    7402 : 68;
    7403 : 68;
    7404 : 68;
    7405 : 68;
    7406 : 44;
    7407 : 68;
    7408 : B1;
    7409 : 8C;
    7410 : 8C;
    7411 : 8C;
    7412 : 8C;
    7413 : 8C;
    7414 : 8C;
    7415 : 8C;
    7416 : 44;
    7417 : 68;
    7418 : 68;
    7419 : 68;
    7420 : 68;
    7421 : 68;
    7422 : 68;
    7423 : 68;
    7424 : 14;
    7425 : 08;
    7426 : 08;
    7427 : 08;
    7428 : 08;
    7429 : 08;
    7430 : 38;
    7431 : 38;
    7432 : 58;
    7433 : 58;
    7434 : 0C;
    7435 : 10;
    7436 : 0C;
    7437 : 0C;
    7438 : 08;
    7439 : 58;
    7440 : 14;
    7441 : 0C;
    7442 : 0C;
    7443 : 10;
    7444 : 0C;
    7445 : 0C;
    7446 : 58;
    7447 : 58;
    7448 : 14;
    7449 : 08;
    7450 : 10;
    7451 : 10;
    7452 : 10;
    7453 : 0C;
    7454 : 0C;
    7455 : 58;
    7456 : 08;
    7457 : 0C;
    7458 : 10;
    7459 : 10;
    7460 : 10;
    7461 : 0C;
    7462 : 08;
    7463 : 08;
    7464 : 14;
    7465 : 10;
    7466 : 30;
    7467 : 34;
    7468 : 30;
    7469 : 30;
    7470 : 14;
    7471 : 14;
    7472 : 14;
    7473 : 10;
    7474 : 34;
    7475 : 34;
    7476 : 30;
    7477 : 08;
    7478 : 14;
    7479 : 14;
    7480 : 14;
    7481 : 10;
    7482 : 08;
    7483 : 30;
    7484 : 2C;
    7485 : 08;
    7486 : 14;
    7487 : 14;
    7488 : FF;
    7489 : FF;
    7490 : FF;
    7491 : FF;
    7492 : FF;
    7493 : FF;
    7494 : FF;
    7495 : FF;
    7496 : FF;
    7497 : FF;
    7498 : FF;
    7499 : FF;
    7500 : FF;
    7501 : FF;
    7502 : FF;
    7503 : FF;
    7504 : FF;
    7505 : FF;
    7506 : B6;
    7507 : FF;
    7508 : FF;
    7509 : B6;
    7510 : FF;
    7511 : FF;
    7512 : FF;
    7513 : FF;
    7514 : 20;
    7515 : FF;
    7516 : FF;
    7517 : 20;
    7518 : FF;
    7519 : FF;
    7520 : FF;
    7521 : FF;
    7522 : 20;
    7523 : FF;
    7524 : FF;
    7525 : 20;
    7526 : FF;
    7527 : FF;
    7528 : FF;
    7529 : FF;
    7530 : B6;
    7531 : FF;
    7532 : FF;
    7533 : B6;
    7534 : FF;
    7535 : FF;
    7536 : FF;
    7537 : FF;
    7538 : FF;
    7539 : FF;
    7540 : FF;
    7541 : FF;
    7542 : FF;
    7543 : FF;
    7544 : FF;
    7545 : FF;
    7546 : FF;
    7547 : FF;
    7548 : FF;
    7549 : FF;
    7550 : FF;
    7551 : FF;
    7552 : DB;
    7553 : DB;
    7554 : DB;
    7555 : B6;
    7556 : DA;
    7557 : B6;
    7558 : B6;
    7559 : B6;
    7560 : DB;
    7561 : 6D;
    7562 : B6;
    7563 : B6;
    7564 : B6;
    7565 : B6;
    7566 : B6;
    7567 : DA;
    7568 : DB;
    7569 : 6D;
    7570 : B6;
    7571 : B6;
    7572 : B6;
    7573 : B6;
    7574 : B6;
    7575 : B6;
    7576 : DB;
    7577 : 6D;
    7578 : B6;
    7579 : DB;
    7580 : DB;
    7581 : B6;
    7582 : B6;
    7583 : B6;
    7584 : DB;
    7585 : 6D;
    7586 : B6;
    7587 : DB;
    7588 : B6;
    7589 : B6;
    7590 : B6;
    7591 : DA;
    7592 : DB;
    7593 : 6D;
    7594 : B6;
    7595 : B6;
    7596 : B6;
    7597 : B6;
    7598 : B6;
    7599 : B6;
    7600 : DB;
    7601 : B6;
    7602 : DB;
    7603 : DB;
    7604 : DB;
    7605 : DB;
    7606 : DB;
    7607 : B6;
    7608 : DB;
    7609 : DA;
    7610 : B6;
    7611 : DA;
    7612 : B6;
    7613 : DB;
    7614 : B6;
    7615 : B6;
    7616 : F9;
    7617 : F9;
    7618 : F9;
    7619 : F9;
    7620 : F9;
    7621 : F9;
    7622 : F9;
    7623 : F5;
    7624 : FE;
    7625 : D0;
    7626 : FE;
    7627 : FE;
    7628 : FE;
    7629 : FE;
    7630 : FE;
    7631 : FE;
    7632 : FD;
    7633 : D0;
    7634 : FD;
    7635 : FD;
    7636 : FD;
    7637 : FD;
    7638 : FD;
    7639 : FD;
    7640 : F9;
    7641 : D0;
    7642 : F9;
    7643 : F9;
    7644 : F9;
    7645 : F9;
    7646 : F9;
    7647 : F9;
    7648 : FE;
    7649 : FE;
    7650 : FE;
    7651 : FE;
    7652 : FE;
    7653 : F9;
    7654 : FE;
    7655 : F9;
    7656 : F9;
    7657 : F5;
    7658 : F5;
    7659 : F9;
    7660 : F5;
    7661 : F5;
    7662 : F5;
    7663 : F5;
    7664 : F9;
    7665 : F5;
    7666 : F5;
    7667 : F9;
    7668 : F5;
    7669 : F5;
    7670 : F5;
    7671 : F5;
    7672 : F9;
    7673 : F9;
    7674 : F9;
    7675 : F9;
    7676 : F9;
    7677 : F5;
    7678 : F9;
    7679 : F5;
    7680 : F4;
    7681 : D0;
    7682 : D4;
    7683 : D0;
    7684 : D0;
    7685 : D0;
    7686 : D0;
    7687 : F4;
    7688 : F8;
    7689 : F4;
    7690 : D4;
    7691 : D0;
    7692 : D4;
    7693 : D4;
    7694 : F8;
    7695 : D4;
    7696 : F4;
    7697 : F4;
    7698 : F4;
    7699 : D0;
    7700 : D4;
    7701 : F8;
    7702 : F4;
    7703 : F4;
    7704 : F8;
    7705 : F4;
    7706 : F4;
    7707 : F4;
    7708 : F4;
    7709 : F4;
    7710 : F8;
    7711 : F8;
    7712 : F8;
    7713 : F8;
    7714 : F8;
    7715 : F8;
    7716 : D0;
    7717 : F4;
    7718 : F4;
    7719 : F8;
    7720 : F4;
    7721 : F4;
    7722 : F4;
    7723 : D4;
    7724 : D4;
    7725 : D4;
    7726 : F8;
    7727 : F8;
    7728 : F4;
    7729 : F8;
    7730 : D0;
    7731 : D0;
    7732 : D4;
    7733 : D4;
    7734 : D0;
    7735 : F4;
    7736 : F8;
    7737 : D4;
    7738 : D0;
    7739 : D0;
    7740 : D4;
    7741 : D4;
    7742 : D4;
    7743 : D0;
    7744 : FC;
    7745 : E8;
    7746 : E0;
    7747 : E0;
    7748 : E8;
    7749 : E8;
    7750 : E0;
    7751 : C0;
    7752 : E8;
    7753 : E0;
    7754 : E8;
    7755 : FC;
    7756 : E8;
    7757 : E8;
    7758 : E8;
    7759 : E0;
    7760 : F4;
    7761 : FC;
    7762 : E8;
    7763 : E0;
    7764 : E0;
    7765 : F4;
    7766 : E8;
    7767 : E0;
    7768 : E0;
    7769 : E8;
    7770 : E8;
    7771 : C0;
    7772 : E8;
    7773 : C0;
    7774 : F4;
    7775 : F4;
    7776 : E0;
    7777 : E8;
    7778 : E8;
    7779 : E0;
    7780 : FC;
    7781 : C0;
    7782 : E0;
    7783 : E0;
    7784 : FC;
    7785 : E8;
    7786 : F4;
    7787 : E0;
    7788 : E0;
    7789 : E8;
    7790 : FC;
    7791 : E0;
    7792 : F4;
    7793 : E8;
    7794 : E8;
    7795 : E0;
    7796 : E8;
    7797 : E8;
    7798 : E8;
    7799 : E0;
    7800 : E8;
    7801 : E0;
    7802 : E0;
    7803 : C0;
    7804 : E8;
    7805 : E0;
    7806 : E0;
    7807 : C0;
    7808 : 68;
    7809 : 68;
    7810 : 68;
    7811 : 68;
    7812 : 68;
    7813 : 68;
    7814 : 68;
    7815 : 44;
    7816 : 7B;
    7817 : 7B;
    7818 : 7B;
    7819 : 7B;
    7820 : 7B;
    7821 : 7B;
    7822 : 7B;
    7823 : 68;
    7824 : 7B;
    7825 : 7B;
    7826 : 7B;
    7827 : 7B;
    7828 : 7B;
    7829 : 7B;
    7830 : 7B;
    7831 : 68;
    7832 : 7B;
    7833 : 7B;
    7834 : 7B;
    7835 : 7B;
    7836 : 7B;
    7837 : 7B;
    7838 : 7B;
    7839 : 68;
    7840 : 7B;
    7841 : 7B;
    7842 : 7B;
    7843 : 7B;
    7844 : 7B;
    7845 : 7B;
    7846 : 7B;
    7847 : 68;
    7848 : 7B;
    7849 : 7B;
    7850 : 7B;
    7851 : 7B;
    7852 : 7B;
    7853 : 7B;
    7854 : 7B;
    7855 : 68;
    7856 : 7B;
    7857 : 7B;
    7858 : 7B;
    7859 : 7B;
    7860 : 7B;
    7861 : 7B;
    7862 : 7B;
    7863 : 68;
    7864 : 7B;
    7865 : 7B;
    7866 : 7B;
    7867 : 7B;
    7868 : 7B;
    7869 : 7B;
    7870 : 7B;
    7871 : 68;
    7872 : 28;
    7873 : 04;
    7874 : 49;
    7875 : 49;
    7876 : 49;
    7877 : 49;
    7878 : 51;
    7879 : 4D;
    7880 : 28;
    7881 : 04;
    7882 : 49;
    7883 : 49;
    7884 : 28;
    7885 : 28;
    7886 : 28;
    7887 : 28;
    7888 : 4D;
    7889 : 49;
    7890 : 49;
    7891 : 49;
    7892 : 75;
    7893 : 51;
    7894 : 71;
    7895 : 4D;
    7896 : 49;
    7897 : 28;
    7898 : 49;
    7899 : 49;
    7900 : 51;
    7901 : 2D;
    7902 : 4D;
    7903 : 49;
    7904 : 49;
    7905 : 28;
    7906 : 2D;
    7907 : 4D;
    7908 : 71;
    7909 : 6D;
    7910 : 4D;
    7911 : 48;
    7912 : 48;
    7913 : 28;
    7914 : 2D;
    7915 : 28;
    7916 : 6D;
    7917 : 49;
    7918 : 49;
    7919 : 49;
    7920 : 2D;
    7921 : 28;
    7922 : 28;
    7923 : 2D;
    7924 : 2D;
    7925 : 2D;
    7926 : 51;
    7927 : 2D;
    7928 : 28;
    7929 : 08;
    7930 : 2D;
    7931 : 28;
    7932 : 2D;
    7933 : 28;
    7934 : 2D;
    7935 : 28;
    7936 : 64;
    7937 : CC;
    7938 : CC;
    7939 : CC;
    7940 : CC;
    7941 : CC;
    7942 : CC;
    7943 : CC;
    7944 : 64;
    7945 : A8;
    7946 : A8;
    7947 : A8;
    7948 : 44;
    7949 : A8;
    7950 : A8;
    7951 : A8;
    7952 : 64;
    7953 : A8;
    7954 : A8;
    7955 : 44;
    7956 : 68;
    7957 : A8;
    7958 : A8;
    7959 : A8;
    7960 : 64;
    7961 : A8;
    7962 : 44;
    7963 : 68;
    7964 : D1;
    7965 : 68;
    7966 : A8;
    7967 : A8;
    7968 : 64;
    7969 : A8;
    7970 : 68;
    7971 : A8;
    7972 : A8;
    7973 : D1;
    7974 : 68;
    7975 : A8;
    7976 : 64;
    7977 : A8;
    7978 : 68;
    7979 : 44;
    7980 : 68;
    7981 : A8;
    7982 : 68;
    7983 : A8;
    7984 : 64;
    7985 : A8;
    7986 : A8;
    7987 : A8;
    7988 : D1;
    7989 : A8;
    7990 : A8;
    7991 : A8;
    7992 : 64;
    7993 : 64;
    7994 : 64;
    7995 : 64;
    7996 : 64;
    7997 : 64;
    7998 : 64;
    7999 : 64;
    8000 : A8;
    8001 : D1;
    8002 : D1;
    8003 : D1;
    8004 : D1;
    8005 : D1;
    8006 : D1;
    8007 : D1;
    8008 : 64;
    8009 : A8;
    8010 : A8;
    8011 : A8;
    8012 : A8;
    8013 : A8;
    8014 : A8;
    8015 : 88;
    8016 : 64;
    8017 : A8;
    8018 : A8;
    8019 : A8;
    8020 : A8;
    8021 : A8;
    8022 : A8;
    8023 : 88;
    8024 : 64;
    8025 : A8;
    8026 : A8;
    8027 : A8;
    8028 : A8;
    8029 : A8;
    8030 : A8;
    8031 : 88;
    8032 : 64;
    8033 : A8;
    8034 : A8;
    8035 : A8;
    8036 : A8;
    8037 : A8;
    8038 : A8;
    8039 : 88;
    8040 : 64;
    8041 : A8;
    8042 : A8;
    8043 : A8;
    8044 : A8;
    8045 : A8;
    8046 : A8;
    8047 : 88;
    8048 : 64;
    8049 : A8;
    8050 : A8;
    8051 : A8;
    8052 : A8;
    8053 : A8;
    8054 : A8;
    8055 : 88;
    8056 : 64;
    8057 : 64;
    8058 : 64;
    8059 : 64;
    8060 : 64;
    8061 : 64;
    8062 : 64;
    8063 : 44;
    8064 : FF;
    8065 : FF;
    8066 : FF;
    8067 : FF;
    8068 : FF;
    8069 : FF;
    8070 : FF;
    8071 : FF;
    8072 : FF;
    8073 : FF;
    8074 : FF;
    8075 : FF;
    8076 : FF;
    8077 : FF;
    8078 : FF;
    8079 : FF;
    8080 : FF;
    8081 : FF;
    8082 : FF;
    8083 : FF;
    8084 : FF;
    8085 : FF;
    8086 : FF;
    8087 : FF;
    8088 : FF;
    8089 : 24;
    8090 : FF;
    8091 : FF;
    8092 : FF;
    8093 : FF;
    8094 : FF;
    8095 : FF;
    8096 : FF;
    8097 : 24;
    8098 : FF;
    8099 : FF;
    8100 : FF;
    8101 : FF;
    8102 : FF;
    8103 : FF;
    8104 : FF;
    8105 : 24;
    8106 : FF;
    8107 : FF;
    8108 : FF;
    8109 : FF;
    8110 : FF;
    8111 : FF;
    8112 : FF;
    8113 : FF;
    8114 : FF;
    8115 : FF;
    8116 : FF;
    8117 : FF;
    8118 : FF;
    8119 : FF;
    8120 : FF;
    8121 : FF;
    8122 : FF;
    8123 : FF;
    8124 : FF;
    8125 : FF;
    8126 : FF;
    8127 : FF;
    8128 : D0;
    8129 : D0;
    8130 : D0;
    8131 : B0;
    8132 : D0;
    8133 : D0;
    8134 : D0;
    8135 : D0;
    8136 : F8;
    8137 : F4;
    8138 : F8;
    8139 : F4;
    8140 : F8;
    8141 : F8;
    8142 : F4;
    8143 : F4;
    8144 : F8;
    8145 : F4;
    8146 : F4;
    8147 : F8;
    8148 : F8;
    8149 : F4;
    8150 : F8;
    8151 : F4;
    8152 : F4;
    8153 : F8;
    8154 : F8;
    8155 : F8;
    8156 : F4;
    8157 : F4;
    8158 : F4;
    8159 : F4;
    8160 : F8;
    8161 : F4;
    8162 : F8;
    8163 : F8;
    8164 : F4;
    8165 : F4;
    8166 : F4;
    8167 : F8;
    8168 : D0;
    8169 : B0;
    8170 : D0;
    8171 : D0;
    8172 : D0;
    8173 : D0;
    8174 : D0;
    8175 : D0;
    8176 : D0;
    8177 : D0;
    8178 : D0;
    8179 : D0;
    8180 : D0;
    8181 : D0;
    8182 : D0;
    8183 : D0;
    8184 : D0;
    8185 : B0;
    8186 : D0;
    8187 : D0;
    8188 : D0;
    8189 : B0;
    8190 : D0;
    8191 : D0;
    8192 : B6;
    8193 : B6;
    8194 : DB;
    8195 : DB;
    8196 : DB;
    8197 : B6;
    8198 : DB;
    8199 : DB;
    8200 : B6;
    8201 : DB;
    8202 : B6;
    8203 : B6;
    8204 : DB;
    8205 : DB;
    8206 : B6;
    8207 : B6;
    8208 : B6;
    8209 : B6;
    8210 : B6;
    8211 : B6;
    8212 : B6;
    8213 : B6;
    8214 : B6;
    8215 : B6;
    8216 : DB;
    8217 : FF;
    8218 : FF;
    8219 : 6D;
    8220 : 6D;
    8221 : DB;
    8222 : FF;
    8223 : DB;
    8224 : 6D;
    8225 : DB;
    8226 : DB;
    8227 : 92;
    8228 : 92;
    8229 : 6D;
    8230 : DB;
    8231 : 6D;
    8232 : FF;
    8233 : B6;
    8234 : B6;
    8235 : FF;
    8236 : FF;
    8237 : FF;
    8238 : FF;
    8239 : FF;
    8240 : 92;
    8241 : 92;
    8242 : 92;
    8243 : 92;
    8244 : 92;
    8245 : 92;
    8246 : 92;
    8247 : 92;
    8248 : B6;
    8249 : DB;
    8250 : B6;
    8251 : DA;
    8252 : B6;
    8253 : B6;
    8254 : B6;
    8255 : DB;
    8256 : DB;
    8257 : DB;
    8258 : DB;
    8259 : DB;
    8260 : DB;
    8261 : DB;
    8262 : DA;
    8263 : DB;
    8264 : DB;
    8265 : DB;
    8266 : DB;
    8267 : DB;
    8268 : DB;
    8269 : DB;
    8270 : DB;
    8271 : DB;
    8272 : DB;
    8273 : DB;
    8274 : DB;
    8275 : B6;
    8276 : B6;
    8277 : DB;
    8278 : DB;
    8279 : B6;
    8280 : DB;
    8281 : B6;
    8282 : 6D;
    8283 : 92;
    8284 : 92;
    8285 : 6D;
    8286 : 92;
    8287 : DB;
    8288 : DA;
    8289 : DA;
    8290 : 6D;
    8291 : DB;
    8292 : DA;
    8293 : DB;
    8294 : B6;
    8295 : DA;
    8296 : DA;
    8297 : B6;
    8298 : 92;
    8299 : DA;
    8300 : B6;
    8301 : B6;
    8302 : DA;
    8303 : B6;
    8304 : B6;
    8305 : FF;
    8306 : B6;
    8307 : B6;
    8308 : B6;
    8309 : DB;
    8310 : FF;
    8311 : FF;
    8312 : DB;
    8313 : DB;
    8314 : 92;
    8315 : B6;
    8316 : B6;
    8317 : B6;
    8318 : B6;
    8319 : B6;
    8320 : B6;
    8321 : DB;
    8322 : DB;
    8323 : B6;
    8324 : B6;
    8325 : DB;
    8326 : DB;
    8327 : B6;
    8328 : DB;
    8329 : DB;
    8330 : DB;
    8331 : DB;
    8332 : DB;
    8333 : DB;
    8334 : DB;
    8335 : B6;
    8336 : DB;
    8337 : DB;
    8338 : DB;
    8339 : DB;
    8340 : B6;
    8341 : DB;
    8342 : DB;
    8343 : B6;
    8344 : DB;
    8345 : DB;
    8346 : 6D;
    8347 : B6;
    8348 : B6;
    8349 : 6D;
    8350 : 6D;
    8351 : DB;
    8352 : B6;
    8353 : DB;
    8354 : DB;
    8355 : B6;
    8356 : B6;
    8357 : DB;
    8358 : DB;
    8359 : DB;
    8360 : B6;
    8361 : DB;
    8362 : DB;
    8363 : B6;
    8364 : DB;
    8365 : 6D;
    8366 : DB;
    8367 : B6;
    8368 : DB;
    8369 : DB;
    8370 : DB;
    8371 : DB;
    8372 : DB;
    8373 : DB;
    8374 : DB;
    8375 : B6;
    8376 : DB;
    8377 : DB;
    8378 : DB;
    8379 : DB;
    8380 : DB;
    8381 : DB;
    8382 : DB;
    8383 : B6;
    8384 : FF;
    8385 : DB;
    8386 : DB;
    8387 : DB;
    8388 : DB;
    8389 : DB;
    8390 : DB;
    8391 : DB;
    8392 : DB;
    8393 : DB;
    8394 : DB;
    8395 : DB;
    8396 : DB;
    8397 : DB;
    8398 : DB;
    8399 : B6;
    8400 : DB;
    8401 : DB;
    8402 : DB;
    8403 : DB;
    8404 : DB;
    8405 : DB;
    8406 : DB;
    8407 : B6;
    8408 : DB;
    8409 : DB;
    8410 : DB;
    8411 : DB;
    8412 : DB;
    8413 : DB;
    8414 : DB;
    8415 : B6;
    8416 : DB;
    8417 : DB;
    8418 : DB;
    8419 : DB;
    8420 : DB;
    8421 : DB;
    8422 : DB;
    8423 : B6;
    8424 : DB;
    8425 : DB;
    8426 : DB;
    8427 : DB;
    8428 : DB;
    8429 : DB;
    8430 : DB;
    8431 : B6;
    8432 : DB;
    8433 : DB;
    8434 : DB;
    8435 : DB;
    8436 : DB;
    8437 : DB;
    8438 : DB;
    8439 : B6;
    8440 : 6D;
    8441 : 6D;
    8442 : 6D;
    8443 : 6D;
    8444 : 6D;
    8445 : 6D;
    8446 : 6D;
    8447 : 6D;
    8448 : DB;
    8449 : DB;
    8450 : DB;
    8451 : DB;
    8452 : DB;
    8453 : DB;
    8454 : 92;
    8455 : DB;
    8456 : DB;
    8457 : DB;
    8458 : DB;
    8459 : DB;
    8460 : DB;
    8461 : DB;
    8462 : 92;
    8463 : DB;
    8464 : DB;
    8465 : DB;
    8466 : DB;
    8467 : DB;
    8468 : DB;
    8469 : DB;
    8470 : 92;
    8471 : DB;
    8472 : DB;
    8473 : DB;
    8474 : DB;
    8475 : DB;
    8476 : DB;
    8477 : DB;
    8478 : 92;
    8479 : DA;
    8480 : DB;
    8481 : DB;
    8482 : DB;
    8483 : DB;
    8484 : DB;
    8485 : DB;
    8486 : B6;
    8487 : DB;
    8488 : DB;
    8489 : DB;
    8490 : DB;
    8491 : DB;
    8492 : DB;
    8493 : DB;
    8494 : 92;
    8495 : DB;
    8496 : DB;
    8497 : DB;
    8498 : DB;
    8499 : DB;
    8500 : DB;
    8501 : DB;
    8502 : 92;
    8503 : DB;
    8504 : DB;
    8505 : DB;
    8506 : DB;
    8507 : DB;
    8508 : DB;
    8509 : DB;
    8510 : 92;
    8511 : DB;
    8512 : 6D;
    8513 : 6D;
    8514 : 6D;
    8515 : 6D;
    8516 : B6;
    8517 : B6;
    8518 : B6;
    8519 : B6;
    8520 : 6D;
    8521 : 6D;
    8522 : 6D;
    8523 : 6D;
    8524 : B6;
    8525 : B6;
    8526 : B6;
    8527 : B6;
    8528 : 6D;
    8529 : 6D;
    8530 : 6D;
    8531 : 6D;
    8532 : B6;
    8533 : B6;
    8534 : B6;
    8535 : B6;
    8536 : 6D;
    8537 : 6D;
    8538 : 6D;
    8539 : 6D;
    8540 : B6;
    8541 : B6;
    8542 : B6;
    8543 : B6;
    8544 : B6;
    8545 : B6;
    8546 : B6;
    8547 : B6;
    8548 : 6D;
    8549 : 6D;
    8550 : 6D;
    8551 : 6D;
    8552 : B6;
    8553 : B6;
    8554 : B6;
    8555 : B6;
    8556 : 6D;
    8557 : 6D;
    8558 : 6D;
    8559 : 6D;
    8560 : B6;
    8561 : B6;
    8562 : B6;
    8563 : B6;
    8564 : 6D;
    8565 : 6D;
    8566 : 6D;
    8567 : 6D;
    8568 : B6;
    8569 : B6;
    8570 : B6;
    8571 : B6;
    8572 : 6D;
    8573 : 6D;
    8574 : 6D;
    8575 : 6D;
END;
