-- Memory Initialization File (.mif)
-- 133 Tiles de 8x8 pixels
-- Formato de cor: RRRGGGBB
-- 3 bits vermelho
-- 3 bits verde
-- 2 bits azul
-- Total de enderecos: 16384

DEPTH = 16384;
WIDTH = 8;
ADDRESS_RADIX = DEC;
DATA_RADIX = HEX;
CONTENT BEGIN
    0 : 00;
    1 : 00;
    2 : 00;
    3 : 00;
    4 : 00;
    5 : 00;
    6 : 00;
    7 : 00;
    8 : 00;
    9 : 00;
    10 : 00;
    11 : 00;
    12 : 00;
    13 : 00;
    14 : 00;
    15 : 00;
    16 : 00;
    17 : 00;
    18 : 00;
    19 : 00;
    20 : 00;
    21 : 00;
    22 : 00;
    23 : 00;
    24 : 00;
    25 : 00;
    26 : 00;
    27 : 00;
    28 : 00;
    29 : 00;
    30 : 00;
    31 : 00;
    32 : 00;
    33 : 00;
    34 : 00;
    35 : 00;
    36 : 00;
    37 : 00;
    38 : 00;
    39 : 00;
    40 : 00;
    41 : 00;
    42 : 00;
    43 : 00;
    44 : 00;
    45 : 00;
    46 : 00;
    47 : 00;
    48 : 00;
    49 : 00;
    50 : 00;
    51 : 00;
    52 : 00;
    53 : 00;
    54 : 00;
    55 : 00;
    56 : 00;
    57 : 00;
    58 : 00;
    59 : 00;
    60 : 00;
    61 : 00;
    62 : 00;
    63 : 00;
    64 : 00;
    65 : 00;
    66 : 00;
    67 : 00;
    68 : 00;
    69 : 00;
    70 : 00;
    71 : 00;
    72 : 00;
    73 : FF;
    74 : FF;
    75 : 00;
    76 : 00;
    77 : FF;
    78 : FF;
    79 : 00;
    80 : 00;
    81 : FF;
    82 : 00;
    83 : 00;
    84 : 00;
    85 : 00;
    86 : FF;
    87 : 00;
    88 : 00;
    89 : 00;
    90 : 00;
    91 : 00;
    92 : 00;
    93 : 00;
    94 : 00;
    95 : 00;
    96 : 00;
    97 : 00;
    98 : 00;
    99 : 00;
    100 : 00;
    101 : 00;
    102 : 00;
    103 : 00;
    104 : 00;
    105 : FF;
    106 : 00;
    107 : 00;
    108 : 00;
    109 : 00;
    110 : FF;
    111 : 00;
    112 : 00;
    113 : FF;
    114 : FF;
    115 : 00;
    116 : 00;
    117 : FF;
    118 : FF;
    119 : 00;
    120 : 00;
    121 : 00;
    122 : 00;
    123 : 00;
    124 : 00;
    125 : 00;
    126 : 00;
    127 : 00;
    128 : 00;
    129 : 00;
    130 : FF;
    131 : 00;
    132 : 00;
    133 : FF;
    134 : 00;
    135 : 00;
    136 : 00;
    137 : 00;
    138 : FF;
    139 : 00;
    140 : 00;
    141 : FF;
    142 : 00;
    143 : 00;
    144 : FF;
    145 : FF;
    146 : 00;
    147 : 00;
    148 : 00;
    149 : 00;
    150 : FF;
    151 : FF;
    152 : 00;
    153 : 00;
    154 : 00;
    155 : FF;
    156 : FF;
    157 : 00;
    158 : 00;
    159 : 00;
    160 : 00;
    161 : 00;
    162 : 00;
    163 : FF;
    164 : FF;
    165 : 00;
    166 : 00;
    167 : 00;
    168 : FF;
    169 : FF;
    170 : 00;
    171 : 00;
    172 : 00;
    173 : 00;
    174 : FF;
    175 : FF;
    176 : 00;
    177 : 00;
    178 : FF;
    179 : 00;
    180 : 00;
    181 : FF;
    182 : 00;
    183 : 00;
    184 : 00;
    185 : 00;
    186 : FF;
    187 : 00;
    188 : 00;
    189 : FF;
    190 : 00;
    191 : 00;
    192 : FF;
    193 : FF;
    194 : FF;
    195 : FF;
    196 : 00;
    197 : FF;
    198 : FF;
    199 : FF;
    200 : FF;
    201 : 00;
    202 : FF;
    203 : FF;
    204 : 00;
    205 : FF;
    206 : 00;
    207 : FF;
    208 : FF;
    209 : FF;
    210 : FF;
    211 : FF;
    212 : 00;
    213 : FF;
    214 : FF;
    215 : FF;
    216 : 00;
    217 : 00;
    218 : 00;
    219 : 00;
    220 : 00;
    221 : 00;
    222 : 00;
    223 : 00;
    224 : FF;
    225 : FF;
    226 : 00;
    227 : FF;
    228 : FF;
    229 : FF;
    230 : FF;
    231 : FF;
    232 : 00;
    233 : FF;
    234 : 00;
    235 : FF;
    236 : FF;
    237 : 00;
    238 : FF;
    239 : FF;
    240 : FF;
    241 : FF;
    242 : 00;
    243 : FF;
    244 : FF;
    245 : FF;
    246 : FF;
    247 : FF;
    248 : 00;
    249 : 00;
    250 : 00;
    251 : 00;
    252 : 00;
    253 : 00;
    254 : 00;
    255 : 00;
    256 : 10;
    257 : 10;
    258 : 0C;
    259 : 10;
    260 : 10;
    261 : 14;
    262 : 10;
    263 : 10;
    264 : 10;
    265 : 14;
    266 : 10;
    267 : 14;
    268 : 10;
    269 : 10;
    270 : 10;
    271 : 10;
    272 : 10;
    273 : 14;
    274 : 14;
    275 : 10;
    276 : 14;
    277 : 14;
    278 : 10;
    279 : 14;
    280 : 14;
    281 : 14;
    282 : 10;
    283 : 14;
    284 : 10;
    285 : 14;
    286 : 14;
    287 : 10;
    288 : 0C;
    289 : 10;
    290 : 14;
    291 : 14;
    292 : 10;
    293 : 14;
    294 : 14;
    295 : 14;
    296 : 14;
    297 : 10;
    298 : 14;
    299 : 10;
    300 : 14;
    301 : 10;
    302 : 14;
    303 : 10;
    304 : 14;
    305 : 10;
    306 : 10;
    307 : 10;
    308 : 10;
    309 : 14;
    310 : 14;
    311 : 10;
    312 : 10;
    313 : 14;
    314 : 10;
    315 : 14;
    316 : 14;
    317 : 10;
    318 : 10;
    319 : 10;
    320 : 6D;
    321 : 6D;
    322 : 92;
    323 : 6D;
    324 : 6D;
    325 : 6D;
    326 : 8E;
    327 : 92;
    328 : B2;
    329 : 6D;
    330 : 92;
    331 : 6D;
    332 : 6D;
    333 : 92;
    334 : 6D;
    335 : 49;
    336 : 6D;
    337 : 6D;
    338 : 92;
    339 : 6D;
    340 : 92;
    341 : 92;
    342 : 6D;
    343 : 6D;
    344 : 92;
    345 : 6D;
    346 : 6D;
    347 : 8E;
    348 : B2;
    349 : 92;
    350 : 69;
    351 : 6D;
    352 : 69;
    353 : 92;
    354 : 6D;
    355 : 6D;
    356 : 6D;
    357 : 8E;
    358 : 6D;
    359 : 92;
    360 : 6D;
    361 : 8E;
    362 : 92;
    363 : 92;
    364 : 92;
    365 : 8E;
    366 : 6D;
    367 : 8E;
    368 : B2;
    369 : 92;
    370 : 92;
    371 : 92;
    372 : 6D;
    373 : 6D;
    374 : 69;
    375 : 69;
    376 : 92;
    377 : B6;
    378 : 6D;
    379 : 6D;
    380 : 92;
    381 : 6D;
    382 : 49;
    383 : 92;
    384 : 40;
    385 : 64;
    386 : 64;
    387 : 40;
    388 : 44;
    389 : 40;
    390 : 64;
    391 : 40;
    392 : 40;
    393 : 44;
    394 : 40;
    395 : 64;
    396 : 44;
    397 : 64;
    398 : 64;
    399 : 44;
    400 : 64;
    401 : 44;
    402 : 40;
    403 : 64;
    404 : 64;
    405 : 64;
    406 : 40;
    407 : 44;
    408 : 40;
    409 : 40;
    410 : 64;
    411 : 64;
    412 : 64;
    413 : 64;
    414 : 40;
    415 : 64;
    416 : 20;
    417 : 40;
    418 : 44;
    419 : 40;
    420 : 40;
    421 : 40;
    422 : 44;
    423 : 64;
    424 : 64;
    425 : 40;
    426 : 44;
    427 : 40;
    428 : 64;
    429 : 64;
    430 : 44;
    431 : 64;
    432 : 44;
    433 : 64;
    434 : 44;
    435 : 40;
    436 : 64;
    437 : 64;
    438 : 64;
    439 : 40;
    440 : 40;
    441 : 64;
    442 : 64;
    443 : 64;
    444 : 64;
    445 : 64;
    446 : 44;
    447 : 40;
    448 : 40;
    449 : 40;
    450 : 40;
    451 : 40;
    452 : 40;
    453 : 40;
    454 : 40;
    455 : 40;
    456 : 40;
    457 : 40;
    458 : 40;
    459 : 40;
    460 : 40;
    461 : 40;
    462 : 40;
    463 : 40;
    464 : 40;
    465 : 40;
    466 : 40;
    467 : 40;
    468 : 40;
    469 : 40;
    470 : 40;
    471 : 40;
    472 : 40;
    473 : 40;
    474 : 40;
    475 : 40;
    476 : 40;
    477 : 40;
    478 : 40;
    479 : 40;
    480 : 40;
    481 : 40;
    482 : 40;
    483 : 40;
    484 : 40;
    485 : 40;
    486 : 40;
    487 : 40;
    488 : 40;
    489 : 40;
    490 : 40;
    491 : 40;
    492 : 40;
    493 : 40;
    494 : 40;
    495 : 40;
    496 : 40;
    497 : 40;
    498 : 40;
    499 : 40;
    500 : 40;
    501 : 40;
    502 : 40;
    503 : 40;
    504 : 40;
    505 : 40;
    506 : 40;
    507 : 40;
    508 : 40;
    509 : 40;
    510 : 40;
    511 : 40;
    512 : B1;
    513 : 6D;
    514 : 8D;
    515 : 6D;
    516 : 8D;
    517 : 8D;
    518 : 8D;
    519 : 8D;
    520 : 6D;
    521 : 68;
    522 : 6D;
    523 : 68;
    524 : 6D;
    525 : 6D;
    526 : 8D;
    527 : 6D;
    528 : 6D;
    529 : 6D;
    530 : 6D;
    531 : 6D;
    532 : 6D;
    533 : 6D;
    534 : 6D;
    535 : 8D;
    536 : 6D;
    537 : 91;
    538 : 8D;
    539 : 6D;
    540 : 8D;
    541 : 8D;
    542 : 8D;
    543 : 6D;
    544 : 68;
    545 : 6D;
    546 : 68;
    547 : 68;
    548 : 68;
    549 : 6D;
    550 : 6D;
    551 : 68;
    552 : 6D;
    553 : 6D;
    554 : 6D;
    555 : 6D;
    556 : 8D;
    557 : 8D;
    558 : 6D;
    559 : 8D;
    560 : B1;
    561 : 8D;
    562 : 91;
    563 : 8D;
    564 : 8D;
    565 : 8D;
    566 : 8D;
    567 : 8D;
    568 : 6D;
    569 : 6D;
    570 : 6D;
    571 : 6D;
    572 : 8D;
    573 : 6D;
    574 : 6D;
    575 : 8D;
    576 : FA;
    577 : FA;
    578 : DA;
    579 : DA;
    580 : FA;
    581 : DA;
    582 : DA;
    583 : DA;
    584 : DA;
    585 : FA;
    586 : FA;
    587 : DA;
    588 : DA;
    589 : FA;
    590 : FA;
    591 : DA;
    592 : DA;
    593 : FA;
    594 : DA;
    595 : FA;
    596 : DA;
    597 : DA;
    598 : DA;
    599 : DA;
    600 : DA;
    601 : FA;
    602 : DA;
    603 : DA;
    604 : DA;
    605 : FA;
    606 : DA;
    607 : DA;
    608 : DA;
    609 : DA;
    610 : DA;
    611 : FA;
    612 : DA;
    613 : FA;
    614 : DA;
    615 : DA;
    616 : FA;
    617 : DA;
    618 : DA;
    619 : DA;
    620 : DA;
    621 : DA;
    622 : DA;
    623 : FA;
    624 : FA;
    625 : DA;
    626 : FA;
    627 : FA;
    628 : DA;
    629 : FA;
    630 : DA;
    631 : FA;
    632 : FA;
    633 : DA;
    634 : DA;
    635 : FA;
    636 : FA;
    637 : FA;
    638 : DA;
    639 : DA;
    640 : 6D;
    641 : 69;
    642 : 6D;
    643 : 6D;
    644 : 6D;
    645 : 6D;
    646 : 69;
    647 : 6D;
    648 : 69;
    649 : 00;
    650 : 00;
    651 : 6D;
    652 : 6D;
    653 : 6D;
    654 : 00;
    655 : 49;
    656 : 6D;
    657 : 49;
    658 : 00;
    659 : 6D;
    660 : 6D;
    661 : 00;
    662 : 00;
    663 : 69;
    664 : 8E;
    665 : 92;
    666 : 6D;
    667 : 8E;
    668 : 00;
    669 : 00;
    670 : 49;
    671 : 69;
    672 : 6D;
    673 : 49;
    674 : 6D;
    675 : 6D;
    676 : 49;
    677 : 49;
    678 : 69;
    679 : 8E;
    680 : 49;
    681 : 00;
    682 : 49;
    683 : 8E;
    684 : 6D;
    685 : 00;
    686 : 00;
    687 : 6D;
    688 : 49;
    689 : 00;
    690 : 00;
    691 : 6D;
    692 : 00;
    693 : 00;
    694 : 69;
    695 : 69;
    696 : 49;
    697 : 6D;
    698 : 72;
    699 : 6D;
    700 : 92;
    701 : 6D;
    702 : 49;
    703 : 92;
    704 : 6D;
    705 : 69;
    706 : 6D;
    707 : 6D;
    708 : 6D;
    709 : 6D;
    710 : 69;
    711 : 6D;
    712 : 69;
    713 : 1F;
    714 : 1F;
    715 : 6D;
    716 : 6D;
    717 : 6D;
    718 : 1B;
    719 : 49;
    720 : 6D;
    721 : 49;
    722 : 1B;
    723 : 6D;
    724 : 6D;
    725 : 1B;
    726 : 1B;
    727 : 69;
    728 : 8E;
    729 : 92;
    730 : 6D;
    731 : 8E;
    732 : 1F;
    733 : 1F;
    734 : 49;
    735 : 69;
    736 : 6D;
    737 : 49;
    738 : 6D;
    739 : 6D;
    740 : 49;
    741 : 49;
    742 : 69;
    743 : 8E;
    744 : 49;
    745 : 1F;
    746 : 49;
    747 : 8E;
    748 : 6D;
    749 : 1B;
    750 : 1B;
    751 : 6D;
    752 : 49;
    753 : 1B;
    754 : 1B;
    755 : 6D;
    756 : 1F;
    757 : 1F;
    758 : 69;
    759 : 69;
    760 : 49;
    761 : 6D;
    762 : 72;
    763 : 6D;
    764 : 92;
    765 : 6D;
    766 : 49;
    767 : 92;
    768 : 6D;
    769 : 69;
    770 : 6D;
    771 : 6D;
    772 : 6D;
    773 : 6D;
    774 : 69;
    775 : 6D;
    776 : 69;
    777 : D4;
    778 : D4;
    779 : 6D;
    780 : 6D;
    781 : 6D;
    782 : D4;
    783 : 49;
    784 : 6D;
    785 : 49;
    786 : D4;
    787 : 6D;
    788 : 6D;
    789 : D4;
    790 : D4;
    791 : 69;
    792 : 8E;
    793 : 92;
    794 : 6D;
    795 : 8E;
    796 : D4;
    797 : D4;
    798 : 49;
    799 : 69;
    800 : 6D;
    801 : 49;
    802 : 6D;
    803 : 6D;
    804 : 49;
    805 : 49;
    806 : 69;
    807 : 8E;
    808 : 49;
    809 : D4;
    810 : 49;
    811 : 8E;
    812 : 6D;
    813 : D4;
    814 : D4;
    815 : 6D;
    816 : 49;
    817 : D4;
    818 : D4;
    819 : 6D;
    820 : D4;
    821 : D4;
    822 : 69;
    823 : 69;
    824 : 49;
    825 : 6D;
    826 : 72;
    827 : 6D;
    828 : 92;
    829 : 6D;
    830 : 49;
    831 : 92;
    832 : 6D;
    833 : 69;
    834 : 6D;
    835 : 6D;
    836 : 6D;
    837 : 6D;
    838 : 69;
    839 : 6D;
    840 : 69;
    841 : B5;
    842 : B5;
    843 : 6D;
    844 : 6D;
    845 : 6D;
    846 : B5;
    847 : 49;
    848 : 6D;
    849 : 49;
    850 : B1;
    851 : 6D;
    852 : 6D;
    853 : B1;
    854 : B5;
    855 : 69;
    856 : 8E;
    857 : 92;
    858 : 6D;
    859 : 8E;
    860 : B1;
    861 : B1;
    862 : 49;
    863 : 69;
    864 : 6D;
    865 : 49;
    866 : 6D;
    867 : 6D;
    868 : 49;
    869 : 49;
    870 : 69;
    871 : 8E;
    872 : 49;
    873 : B1;
    874 : 49;
    875 : 8E;
    876 : 6D;
    877 : B1;
    878 : B1;
    879 : 6D;
    880 : 49;
    881 : B5;
    882 : B1;
    883 : 6D;
    884 : B5;
    885 : B5;
    886 : 69;
    887 : 69;
    888 : 49;
    889 : 6D;
    890 : 72;
    891 : 6D;
    892 : 92;
    893 : 6D;
    894 : 49;
    895 : 92;
    896 : 92;
    897 : 92;
    898 : 71;
    899 : 92;
    900 : 92;
    901 : 92;
    902 : 71;
    903 : 6D;
    904 : 92;
    905 : 71;
    906 : 6D;
    907 : 92;
    908 : 71;
    909 : 71;
    910 : 6D;
    911 : 71;
    912 : 71;
    913 : 71;
    914 : 6D;
    915 : 71;
    916 : 6D;
    917 : 6D;
    918 : 71;
    919 : 92;
    920 : 6D;
    921 : 6D;
    922 : 71;
    923 : 6D;
    924 : 71;
    925 : 71;
    926 : 92;
    927 : 71;
    928 : 71;
    929 : 6D;
    930 : 92;
    931 : 71;
    932 : 92;
    933 : 92;
    934 : 71;
    935 : 6D;
    936 : 92;
    937 : 71;
    938 : 92;
    939 : 92;
    940 : 71;
    941 : 71;
    942 : 6D;
    943 : 71;
    944 : 71;
    945 : 6D;
    946 : 92;
    947 : 71;
    948 : 6D;
    949 : 6D;
    950 : 71;
    951 : 92;
    952 : 6D;
    953 : 92;
    954 : 71;
    955 : 6D;
    956 : 71;
    957 : 71;
    958 : 92;
    959 : 6D;
    960 : 24;
    961 : B6;
    962 : 6D;
    963 : 6D;
    964 : 6D;
    965 : 6D;
    966 : B6;
    967 : B6;
    968 : 24;
    969 : B6;
    970 : 49;
    971 : 24;
    972 : 24;
    973 : 24;
    974 : 24;
    975 : B6;
    976 : 24;
    977 : 6D;
    978 : 49;
    979 : B6;
    980 : 6D;
    981 : B6;
    982 : 24;
    983 : B6;
    984 : 49;
    985 : 6D;
    986 : 24;
    987 : 6D;
    988 : 49;
    989 : 6D;
    990 : 49;
    991 : 6D;
    992 : 24;
    993 : B6;
    994 : 24;
    995 : B6;
    996 : 6D;
    997 : B6;
    998 : 24;
    999 : 6D;
    1000 : 24;
    1001 : B6;
    1002 : 24;
    1003 : 24;
    1004 : 49;
    1005 : 49;
    1006 : 24;
    1007 : B6;
    1008 : 24;
    1009 : B6;
    1010 : 6D;
    1011 : 6D;
    1012 : B6;
    1013 : B6;
    1014 : B6;
    1015 : B6;
    1016 : 24;
    1017 : 24;
    1018 : 24;
    1019 : 24;
    1020 : 24;
    1021 : 49;
    1022 : 24;
    1023 : 24;
    1024 : 6D;
    1025 : 49;
    1026 : 6D;
    1027 : 49;
    1028 : 6D;
    1029 : 49;
    1030 : 92;
    1031 : 49;
    1032 : 49;
    1033 : 6D;
    1034 : 49;
    1035 : 92;
    1036 : 49;
    1037 : 6D;
    1038 : 49;
    1039 : 6D;
    1040 : 92;
    1041 : 49;
    1042 : 6D;
    1043 : 49;
    1044 : 6D;
    1045 : 49;
    1046 : 6D;
    1047 : 49;
    1048 : 49;
    1049 : 6D;
    1050 : 49;
    1051 : 6D;
    1052 : 49;
    1053 : 6D;
    1054 : 49;
    1055 : 6D;
    1056 : 6D;
    1057 : 49;
    1058 : 92;
    1059 : 49;
    1060 : 6D;
    1061 : 49;
    1062 : 6D;
    1063 : 49;
    1064 : 49;
    1065 : 6D;
    1066 : 49;
    1067 : 6D;
    1068 : 49;
    1069 : 92;
    1070 : 49;
    1071 : 6D;
    1072 : 6D;
    1073 : 49;
    1074 : 6D;
    1075 : 49;
    1076 : 6D;
    1077 : 49;
    1078 : 6D;
    1079 : 49;
    1080 : 49;
    1081 : 6D;
    1082 : 49;
    1083 : 6D;
    1084 : 49;
    1085 : 6D;
    1086 : 49;
    1087 : 92;
    1088 : 05;
    1089 : 33;
    1090 : 05;
    1091 : 13;
    1092 : 13;
    1093 : 05;
    1094 : 33;
    1095 : 05;
    1096 : 0F;
    1097 : 05;
    1098 : 33;
    1099 : 0A;
    1100 : 0A;
    1101 : 33;
    1102 : 05;
    1103 : 0F;
    1104 : 05;
    1105 : 0F;
    1106 : 05;
    1107 : 13;
    1108 : 13;
    1109 : 05;
    1110 : 0F;
    1111 : 05;
    1112 : 13;
    1113 : 0A;
    1114 : 13;
    1115 : 0A;
    1116 : 0A;
    1117 : 13;
    1118 : 0A;
    1119 : 13;
    1120 : 13;
    1121 : 0A;
    1122 : 13;
    1123 : 0A;
    1124 : 0A;
    1125 : 13;
    1126 : 0A;
    1127 : 13;
    1128 : 05;
    1129 : 0F;
    1130 : 05;
    1131 : 13;
    1132 : 13;
    1133 : 05;
    1134 : 0F;
    1135 : 05;
    1136 : 0F;
    1137 : 05;
    1138 : 33;
    1139 : 0A;
    1140 : 0A;
    1141 : 33;
    1142 : 05;
    1143 : 0F;
    1144 : 05;
    1145 : 33;
    1146 : 05;
    1147 : 13;
    1148 : 13;
    1149 : 05;
    1150 : 33;
    1151 : 05;
    1152 : 97;
    1153 : 97;
    1154 : 97;
    1155 : 97;
    1156 : 33;
    1157 : 33;
    1158 : 33;
    1159 : 33;
    1160 : 97;
    1161 : 97;
    1162 : 97;
    1163 : 97;
    1164 : 33;
    1165 : 33;
    1166 : 33;
    1167 : 33;
    1168 : 97;
    1169 : 97;
    1170 : 97;
    1171 : 97;
    1172 : 33;
    1173 : 33;
    1174 : 33;
    1175 : 33;
    1176 : 97;
    1177 : 97;
    1178 : 97;
    1179 : 97;
    1180 : 33;
    1181 : 33;
    1182 : 33;
    1183 : 33;
    1184 : 33;
    1185 : 33;
    1186 : 33;
    1187 : 33;
    1188 : 97;
    1189 : 97;
    1190 : 97;
    1191 : 97;
    1192 : 33;
    1193 : 33;
    1194 : 33;
    1195 : 33;
    1196 : 97;
    1197 : 97;
    1198 : 97;
    1199 : 97;
    1200 : 33;
    1201 : 33;
    1202 : 33;
    1203 : 33;
    1204 : 97;
    1205 : 97;
    1206 : 97;
    1207 : 97;
    1208 : 33;
    1209 : 33;
    1210 : 33;
    1211 : 33;
    1212 : 97;
    1213 : 97;
    1214 : 97;
    1215 : 97;
    1216 : 53;
    1217 : 53;
    1218 : 53;
    1219 : 53;
    1220 : 2F;
    1221 : 2F;
    1222 : 2F;
    1223 : 2F;
    1224 : 53;
    1225 : 77;
    1226 : 77;
    1227 : 53;
    1228 : 2F;
    1229 : 2F;
    1230 : 2F;
    1231 : 2F;
    1232 : 53;
    1233 : 77;
    1234 : 77;
    1235 : 53;
    1236 : 2F;
    1237 : 2F;
    1238 : 2F;
    1239 : 2F;
    1240 : 53;
    1241 : 53;
    1242 : 53;
    1243 : 53;
    1244 : 2F;
    1245 : 2F;
    1246 : 2F;
    1247 : 2F;
    1248 : 2F;
    1249 : 2F;
    1250 : 2F;
    1251 : 2F;
    1252 : 53;
    1253 : 53;
    1254 : 53;
    1255 : 53;
    1256 : 2F;
    1257 : 2F;
    1258 : 2F;
    1259 : 2F;
    1260 : 53;
    1261 : 77;
    1262 : 77;
    1263 : 53;
    1264 : 2F;
    1265 : 2F;
    1266 : 2F;
    1267 : 2F;
    1268 : 53;
    1269 : 77;
    1270 : 77;
    1271 : 53;
    1272 : 2F;
    1273 : 2F;
    1274 : 2F;
    1275 : 2F;
    1276 : 53;
    1277 : 53;
    1278 : 53;
    1279 : 53;
    1280 : 77;
    1281 : 77;
    1282 : 77;
    1283 : 77;
    1284 : 77;
    1285 : 77;
    1286 : 77;
    1287 : 77;
    1288 : 77;
    1289 : 77;
    1290 : 77;
    1291 : FF;
    1292 : FF;
    1293 : 77;
    1294 : 77;
    1295 : 77;
    1296 : 77;
    1297 : 77;
    1298 : 77;
    1299 : FF;
    1300 : FF;
    1301 : 77;
    1302 : 77;
    1303 : 77;
    1304 : 77;
    1305 : 77;
    1306 : 77;
    1307 : FF;
    1308 : FF;
    1309 : 77;
    1310 : 77;
    1311 : 77;
    1312 : 77;
    1313 : 77;
    1314 : 77;
    1315 : FF;
    1316 : FF;
    1317 : 77;
    1318 : 77;
    1319 : 77;
    1320 : 77;
    1321 : 77;
    1322 : 77;
    1323 : FF;
    1324 : FF;
    1325 : 77;
    1326 : 77;
    1327 : 77;
    1328 : 77;
    1329 : 77;
    1330 : 77;
    1331 : FF;
    1332 : FF;
    1333 : 77;
    1334 : 77;
    1335 : 77;
    1336 : 77;
    1337 : 77;
    1338 : 77;
    1339 : 77;
    1340 : 77;
    1341 : 77;
    1342 : 77;
    1343 : 77;
    1344 : E9;
    1345 : E9;
    1346 : E9;
    1347 : E9;
    1348 : A0;
    1349 : A0;
    1350 : A0;
    1351 : A0;
    1352 : E9;
    1353 : E9;
    1354 : E9;
    1355 : E9;
    1356 : A0;
    1357 : A0;
    1358 : A0;
    1359 : A0;
    1360 : E9;
    1361 : E9;
    1362 : E9;
    1363 : E9;
    1364 : A0;
    1365 : A0;
    1366 : A0;
    1367 : A0;
    1368 : E9;
    1369 : E9;
    1370 : E9;
    1371 : E9;
    1372 : A0;
    1373 : A0;
    1374 : A0;
    1375 : A0;
    1376 : A0;
    1377 : A0;
    1378 : A0;
    1379 : A0;
    1380 : E9;
    1381 : E9;
    1382 : E9;
    1383 : E9;
    1384 : A0;
    1385 : A0;
    1386 : A0;
    1387 : A0;
    1388 : E9;
    1389 : E9;
    1390 : E9;
    1391 : E9;
    1392 : A0;
    1393 : A0;
    1394 : A0;
    1395 : A0;
    1396 : E9;
    1397 : E9;
    1398 : E9;
    1399 : E9;
    1400 : A0;
    1401 : A0;
    1402 : A0;
    1403 : A0;
    1404 : E9;
    1405 : E9;
    1406 : E9;
    1407 : E9;
    1408 : C4;
    1409 : C4;
    1410 : C4;
    1411 : C4;
    1412 : A0;
    1413 : A0;
    1414 : A0;
    1415 : A0;
    1416 : C4;
    1417 : E4;
    1418 : E4;
    1419 : C4;
    1420 : A0;
    1421 : A0;
    1422 : A0;
    1423 : A0;
    1424 : C4;
    1425 : E4;
    1426 : E4;
    1427 : C4;
    1428 : A0;
    1429 : A0;
    1430 : A0;
    1431 : A0;
    1432 : C4;
    1433 : C4;
    1434 : C4;
    1435 : C4;
    1436 : A0;
    1437 : A0;
    1438 : A0;
    1439 : A0;
    1440 : A0;
    1441 : A0;
    1442 : A0;
    1443 : A0;
    1444 : C4;
    1445 : C4;
    1446 : C4;
    1447 : C4;
    1448 : A0;
    1449 : A0;
    1450 : A0;
    1451 : A0;
    1452 : C4;
    1453 : E4;
    1454 : E4;
    1455 : C4;
    1456 : A0;
    1457 : A0;
    1458 : A0;
    1459 : A0;
    1460 : C4;
    1461 : E4;
    1462 : E4;
    1463 : C4;
    1464 : A0;
    1465 : A0;
    1466 : A0;
    1467 : A0;
    1468 : C4;
    1469 : C4;
    1470 : C4;
    1471 : C4;
    1472 : C0;
    1473 : C0;
    1474 : C0;
    1475 : C0;
    1476 : C0;
    1477 : C0;
    1478 : C0;
    1479 : C0;
    1480 : C0;
    1481 : C0;
    1482 : C0;
    1483 : FF;
    1484 : FF;
    1485 : C0;
    1486 : C0;
    1487 : C0;
    1488 : C0;
    1489 : C0;
    1490 : C0;
    1491 : FF;
    1492 : FF;
    1493 : C0;
    1494 : C0;
    1495 : C0;
    1496 : C0;
    1497 : C0;
    1498 : C0;
    1499 : FF;
    1500 : FF;
    1501 : C0;
    1502 : C0;
    1503 : C0;
    1504 : C0;
    1505 : C0;
    1506 : C0;
    1507 : FF;
    1508 : FF;
    1509 : C0;
    1510 : C0;
    1511 : C0;
    1512 : C0;
    1513 : C0;
    1514 : C0;
    1515 : FF;
    1516 : FF;
    1517 : C0;
    1518 : C0;
    1519 : C0;
    1520 : C0;
    1521 : C0;
    1522 : C0;
    1523 : FF;
    1524 : FF;
    1525 : C0;
    1526 : C0;
    1527 : C0;
    1528 : C0;
    1529 : C0;
    1530 : C0;
    1531 : C0;
    1532 : C0;
    1533 : C0;
    1534 : C0;
    1535 : C0;
    1536 : FC;
    1537 : FC;
    1538 : FC;
    1539 : FC;
    1540 : D8;
    1541 : D8;
    1542 : D8;
    1543 : D8;
    1544 : FC;
    1545 : FC;
    1546 : FC;
    1547 : FC;
    1548 : D8;
    1549 : D8;
    1550 : D8;
    1551 : D8;
    1552 : FC;
    1553 : FC;
    1554 : FC;
    1555 : FC;
    1556 : D8;
    1557 : D8;
    1558 : D8;
    1559 : D8;
    1560 : FC;
    1561 : FC;
    1562 : FC;
    1563 : FC;
    1564 : D8;
    1565 : D8;
    1566 : D8;
    1567 : D8;
    1568 : D8;
    1569 : D8;
    1570 : D8;
    1571 : D8;
    1572 : FC;
    1573 : FC;
    1574 : FC;
    1575 : FC;
    1576 : D8;
    1577 : D8;
    1578 : D8;
    1579 : D8;
    1580 : FC;
    1581 : FC;
    1582 : FC;
    1583 : FC;
    1584 : D8;
    1585 : D8;
    1586 : D8;
    1587 : D8;
    1588 : FC;
    1589 : FC;
    1590 : FC;
    1591 : FC;
    1592 : D8;
    1593 : D8;
    1594 : D8;
    1595 : D8;
    1596 : FC;
    1597 : FC;
    1598 : FC;
    1599 : FC;
    1600 : D8;
    1601 : D8;
    1602 : D8;
    1603 : D8;
    1604 : B4;
    1605 : B4;
    1606 : B4;
    1607 : B4;
    1608 : D8;
    1609 : FC;
    1610 : FC;
    1611 : D8;
    1612 : B4;
    1613 : D8;
    1614 : D8;
    1615 : B4;
    1616 : D8;
    1617 : FC;
    1618 : FC;
    1619 : D8;
    1620 : B4;
    1621 : D8;
    1622 : D8;
    1623 : B4;
    1624 : D8;
    1625 : D8;
    1626 : D8;
    1627 : D8;
    1628 : B4;
    1629 : B4;
    1630 : B4;
    1631 : B4;
    1632 : B4;
    1633 : B4;
    1634 : B4;
    1635 : B4;
    1636 : D8;
    1637 : D8;
    1638 : D8;
    1639 : D8;
    1640 : B4;
    1641 : D8;
    1642 : D8;
    1643 : B4;
    1644 : D8;
    1645 : FC;
    1646 : FC;
    1647 : D8;
    1648 : B4;
    1649 : D8;
    1650 : D8;
    1651 : B4;
    1652 : D8;
    1653 : FC;
    1654 : FC;
    1655 : D8;
    1656 : B4;
    1657 : B4;
    1658 : B4;
    1659 : B4;
    1660 : D8;
    1661 : D8;
    1662 : D8;
    1663 : D8;
    1664 : D8;
    1665 : D8;
    1666 : D8;
    1667 : D8;
    1668 : D8;
    1669 : D8;
    1670 : D8;
    1671 : D8;
    1672 : D8;
    1673 : D8;
    1674 : D8;
    1675 : FF;
    1676 : FF;
    1677 : D8;
    1678 : D8;
    1679 : D8;
    1680 : D8;
    1681 : D8;
    1682 : D8;
    1683 : FF;
    1684 : FF;
    1685 : D8;
    1686 : D8;
    1687 : D8;
    1688 : D8;
    1689 : D8;
    1690 : D8;
    1691 : FF;
    1692 : FF;
    1693 : D8;
    1694 : D8;
    1695 : D8;
    1696 : D8;
    1697 : D8;
    1698 : D8;
    1699 : FF;
    1700 : FF;
    1701 : D8;
    1702 : D8;
    1703 : D8;
    1704 : D8;
    1705 : D8;
    1706 : D8;
    1707 : FF;
    1708 : FF;
    1709 : D8;
    1710 : D8;
    1711 : D8;
    1712 : D8;
    1713 : D8;
    1714 : D8;
    1715 : FF;
    1716 : FF;
    1717 : D8;
    1718 : D8;
    1719 : D8;
    1720 : D8;
    1721 : D8;
    1722 : D8;
    1723 : D8;
    1724 : D8;
    1725 : D8;
    1726 : D8;
    1727 : D8;
    1728 : 80;
    1729 : 80;
    1730 : FF;
    1731 : 80;
    1732 : 80;
    1733 : 80;
    1734 : 80;
    1735 : 80;
    1736 : 80;
    1737 : 80;
    1738 : FF;
    1739 : 80;
    1740 : 80;
    1741 : 80;
    1742 : 80;
    1743 : 80;
    1744 : 80;
    1745 : 80;
    1746 : FF;
    1747 : 80;
    1748 : 80;
    1749 : 80;
    1750 : 80;
    1751 : 80;
    1752 : FF;
    1753 : FF;
    1754 : FF;
    1755 : FF;
    1756 : FF;
    1757 : FF;
    1758 : FF;
    1759 : FF;
    1760 : 80;
    1761 : 80;
    1762 : 80;
    1763 : 80;
    1764 : 80;
    1765 : FF;
    1766 : 80;
    1767 : 80;
    1768 : 80;
    1769 : 80;
    1770 : 80;
    1771 : 80;
    1772 : 80;
    1773 : FF;
    1774 : 80;
    1775 : 80;
    1776 : 80;
    1777 : 80;
    1778 : 80;
    1779 : 80;
    1780 : 80;
    1781 : FF;
    1782 : 80;
    1783 : 80;
    1784 : FF;
    1785 : FF;
    1786 : FF;
    1787 : FF;
    1788 : FF;
    1789 : FF;
    1790 : FF;
    1791 : FF;
    1792 : 80;
    1793 : 80;
    1794 : 60;
    1795 : 80;
    1796 : 80;
    1797 : 80;
    1798 : 80;
    1799 : 80;
    1800 : 80;
    1801 : 80;
    1802 : 60;
    1803 : 80;
    1804 : 80;
    1805 : 80;
    1806 : 80;
    1807 : 80;
    1808 : 80;
    1809 : 80;
    1810 : 60;
    1811 : 80;
    1812 : 80;
    1813 : 80;
    1814 : 80;
    1815 : 80;
    1816 : 60;
    1817 : 60;
    1818 : 60;
    1819 : 60;
    1820 : 60;
    1821 : 60;
    1822 : 60;
    1823 : 60;
    1824 : 80;
    1825 : 80;
    1826 : 80;
    1827 : 80;
    1828 : 80;
    1829 : 60;
    1830 : 80;
    1831 : 80;
    1832 : 80;
    1833 : 80;
    1834 : 80;
    1835 : 80;
    1836 : 80;
    1837 : 60;
    1838 : 80;
    1839 : 80;
    1840 : 80;
    1841 : 80;
    1842 : 80;
    1843 : 80;
    1844 : 80;
    1845 : 60;
    1846 : 80;
    1847 : 80;
    1848 : 60;
    1849 : 60;
    1850 : 60;
    1851 : 60;
    1852 : 60;
    1853 : 60;
    1854 : 60;
    1855 : 60;
    1856 : B6;
    1857 : B6;
    1858 : B6;
    1859 : B6;
    1860 : B6;
    1861 : 49;
    1862 : B6;
    1863 : B6;
    1864 : 92;
    1865 : 92;
    1866 : 92;
    1867 : 92;
    1868 : 92;
    1869 : 49;
    1870 : B6;
    1871 : 92;
    1872 : 92;
    1873 : 92;
    1874 : 92;
    1875 : 92;
    1876 : 92;
    1877 : 24;
    1878 : B6;
    1879 : 92;
    1880 : 24;
    1881 : 24;
    1882 : 49;
    1883 : 49;
    1884 : 49;
    1885 : 24;
    1886 : 24;
    1887 : 24;
    1888 : B6;
    1889 : 24;
    1890 : B6;
    1891 : B6;
    1892 : B6;
    1893 : B6;
    1894 : B6;
    1895 : B6;
    1896 : 92;
    1897 : 49;
    1898 : B6;
    1899 : 92;
    1900 : 92;
    1901 : 92;
    1902 : 92;
    1903 : 92;
    1904 : 92;
    1905 : 24;
    1906 : B6;
    1907 : 92;
    1908 : 92;
    1909 : 92;
    1910 : 92;
    1911 : 92;
    1912 : 49;
    1913 : 24;
    1914 : 24;
    1915 : 49;
    1916 : 24;
    1917 : 24;
    1918 : 24;
    1919 : 49;
    1920 : FE;
    1921 : FE;
    1922 : FE;
    1923 : FE;
    1924 : FE;
    1925 : 91;
    1926 : FE;
    1927 : FE;
    1928 : DA;
    1929 : DA;
    1930 : DA;
    1931 : DA;
    1932 : DA;
    1933 : 91;
    1934 : FE;
    1935 : DA;
    1936 : DA;
    1937 : DA;
    1938 : DA;
    1939 : DA;
    1940 : DA;
    1941 : 6D;
    1942 : FE;
    1943 : DA;
    1944 : 6D;
    1945 : 6D;
    1946 : 91;
    1947 : 91;
    1948 : 91;
    1949 : 6D;
    1950 : 6D;
    1951 : 6D;
    1952 : FE;
    1953 : 6D;
    1954 : FE;
    1955 : FE;
    1956 : FE;
    1957 : FE;
    1958 : FE;
    1959 : FE;
    1960 : DA;
    1961 : 91;
    1962 : FE;
    1963 : DA;
    1964 : DA;
    1965 : DA;
    1966 : DA;
    1967 : DA;
    1968 : DA;
    1969 : 6D;
    1970 : FE;
    1971 : DA;
    1972 : DA;
    1973 : DA;
    1974 : DA;
    1975 : DA;
    1976 : 91;
    1977 : 6D;
    1978 : 6D;
    1979 : 91;
    1980 : 6D;
    1981 : 6D;
    1982 : 6D;
    1983 : 91;
    1984 : 7B;
    1985 : 7B;
    1986 : 09;
    1987 : 7B;
    1988 : 7B;
    1989 : 7B;
    1990 : 7B;
    1991 : 7B;
    1992 : 17;
    1993 : 17;
    1994 : 09;
    1995 : 7B;
    1996 : 17;
    1997 : 17;
    1998 : 17;
    1999 : 17;
    2000 : 17;
    2001 : 17;
    2002 : 09;
    2003 : 7B;
    2004 : 17;
    2005 : 17;
    2006 : 17;
    2007 : 17;
    2008 : 09;
    2009 : 09;
    2010 : 09;
    2011 : 09;
    2012 : 09;
    2013 : 09;
    2014 : 09;
    2015 : 09;
    2016 : 7B;
    2017 : 7B;
    2018 : 7B;
    2019 : 7B;
    2020 : 7B;
    2021 : 09;
    2022 : 7B;
    2023 : 7B;
    2024 : 17;
    2025 : 17;
    2026 : 17;
    2027 : 17;
    2028 : 17;
    2029 : 09;
    2030 : 7B;
    2031 : 17;
    2032 : 17;
    2033 : 17;
    2034 : 17;
    2035 : 17;
    2036 : 17;
    2037 : 09;
    2038 : 7B;
    2039 : 17;
    2040 : 09;
    2041 : 09;
    2042 : 09;
    2043 : 09;
    2044 : 09;
    2045 : 09;
    2046 : 09;
    2047 : 09;
    2048 : FF;
    2049 : FF;
    2050 : FF;
    2051 : DB;
    2052 : 24;
    2053 : FF;
    2054 : FF;
    2055 : FF;
    2056 : FF;
    2057 : FF;
    2058 : FF;
    2059 : DB;
    2060 : 24;
    2061 : FF;
    2062 : FF;
    2063 : FF;
    2064 : DB;
    2065 : DB;
    2066 : DB;
    2067 : DB;
    2068 : 24;
    2069 : DB;
    2070 : DB;
    2071 : DB;
    2072 : 24;
    2073 : 24;
    2074 : 24;
    2075 : 24;
    2076 : 24;
    2077 : 24;
    2078 : 24;
    2079 : 24;
    2080 : FF;
    2081 : DB;
    2082 : 24;
    2083 : FF;
    2084 : FF;
    2085 : FF;
    2086 : FF;
    2087 : FF;
    2088 : FF;
    2089 : DB;
    2090 : 24;
    2091 : FF;
    2092 : FF;
    2093 : FF;
    2094 : FF;
    2095 : FF;
    2096 : DB;
    2097 : DB;
    2098 : 24;
    2099 : DB;
    2100 : DB;
    2101 : DB;
    2102 : DB;
    2103 : DB;
    2104 : 24;
    2105 : 24;
    2106 : 24;
    2107 : 24;
    2108 : 24;
    2109 : 24;
    2110 : 24;
    2111 : 24;
    2112 : 8D;
    2113 : 8D;
    2114 : 8D;
    2115 : 8D;
    2116 : 8D;
    2117 : AD;
    2118 : 8D;
    2119 : 8D;
    2120 : 8D;
    2121 : 8D;
    2122 : 8D;
    2123 : 8D;
    2124 : 8D;
    2125 : AD;
    2126 : 8D;
    2127 : 8D;
    2128 : 8D;
    2129 : 8D;
    2130 : 8D;
    2131 : 8D;
    2132 : 8D;
    2133 : AD;
    2134 : 8D;
    2135 : 8D;
    2136 : 8D;
    2137 : 8D;
    2138 : 8D;
    2139 : 8D;
    2140 : 8D;
    2141 : 8D;
    2142 : 8D;
    2143 : 8D;
    2144 : 8D;
    2145 : 8D;
    2146 : 8D;
    2147 : AD;
    2148 : 8D;
    2149 : 8D;
    2150 : 8D;
    2151 : 8D;
    2152 : 8D;
    2153 : 8D;
    2154 : 8D;
    2155 : AD;
    2156 : 8D;
    2157 : 8D;
    2158 : 8D;
    2159 : 8D;
    2160 : 8D;
    2161 : 8D;
    2162 : 8D;
    2163 : AD;
    2164 : 8D;
    2165 : 8D;
    2166 : 8D;
    2167 : 8D;
    2168 : 8D;
    2169 : 8D;
    2170 : 8D;
    2171 : 8D;
    2172 : 8D;
    2173 : 8D;
    2174 : 8D;
    2175 : 8D;
    2176 : FF;
    2177 : FF;
    2178 : DD;
    2179 : FF;
    2180 : FF;
    2181 : FF;
    2182 : FF;
    2183 : FF;
    2184 : FE;
    2185 : FE;
    2186 : DD;
    2187 : FF;
    2188 : FE;
    2189 : FE;
    2190 : FE;
    2191 : FE;
    2192 : FE;
    2193 : FE;
    2194 : DD;
    2195 : FF;
    2196 : FE;
    2197 : FE;
    2198 : FE;
    2199 : FE;
    2200 : DD;
    2201 : DD;
    2202 : DD;
    2203 : DD;
    2204 : DD;
    2205 : DD;
    2206 : DD;
    2207 : DD;
    2208 : FF;
    2209 : FF;
    2210 : FF;
    2211 : FF;
    2212 : FF;
    2213 : DD;
    2214 : FF;
    2215 : FF;
    2216 : FE;
    2217 : FE;
    2218 : FE;
    2219 : FE;
    2220 : FE;
    2221 : DD;
    2222 : FF;
    2223 : FE;
    2224 : FE;
    2225 : FE;
    2226 : FE;
    2227 : FE;
    2228 : FE;
    2229 : DD;
    2230 : FF;
    2231 : FE;
    2232 : DD;
    2233 : DD;
    2234 : DD;
    2235 : DD;
    2236 : DD;
    2237 : DD;
    2238 : DD;
    2239 : DD;
    2240 : FF;
    2241 : FF;
    2242 : FF;
    2243 : FF;
    2244 : FF;
    2245 : FF;
    2246 : FF;
    2247 : FF;
    2248 : 80;
    2249 : 80;
    2250 : FF;
    2251 : 80;
    2252 : 80;
    2253 : 80;
    2254 : 80;
    2255 : 80;
    2256 : 80;
    2257 : 80;
    2258 : FF;
    2259 : 80;
    2260 : 80;
    2261 : 80;
    2262 : 80;
    2263 : 80;
    2264 : 80;
    2265 : 80;
    2266 : FF;
    2267 : 80;
    2268 : 80;
    2269 : 80;
    2270 : 80;
    2271 : 80;
    2272 : FF;
    2273 : FF;
    2274 : FF;
    2275 : FF;
    2276 : FF;
    2277 : FF;
    2278 : FF;
    2279 : FF;
    2280 : 80;
    2281 : 80;
    2282 : 80;
    2283 : 80;
    2284 : 80;
    2285 : FF;
    2286 : 80;
    2287 : 80;
    2288 : 80;
    2289 : 80;
    2290 : 80;
    2291 : 80;
    2292 : 80;
    2293 : FF;
    2294 : 80;
    2295 : 80;
    2296 : 80;
    2297 : 80;
    2298 : 80;
    2299 : 80;
    2300 : 80;
    2301 : FF;
    2302 : 80;
    2303 : 80;
    2304 : 60;
    2305 : 60;
    2306 : 60;
    2307 : 60;
    2308 : 60;
    2309 : 60;
    2310 : 60;
    2311 : 60;
    2312 : 80;
    2313 : 80;
    2314 : 60;
    2315 : 80;
    2316 : 80;
    2317 : 80;
    2318 : 80;
    2319 : 80;
    2320 : 80;
    2321 : 80;
    2322 : 60;
    2323 : 80;
    2324 : 80;
    2325 : 80;
    2326 : 80;
    2327 : 80;
    2328 : 80;
    2329 : 80;
    2330 : 60;
    2331 : 80;
    2332 : 80;
    2333 : 80;
    2334 : 80;
    2335 : 80;
    2336 : 60;
    2337 : 60;
    2338 : 60;
    2339 : 60;
    2340 : 60;
    2341 : 60;
    2342 : 60;
    2343 : 60;
    2344 : 80;
    2345 : 80;
    2346 : 80;
    2347 : 80;
    2348 : 80;
    2349 : 60;
    2350 : 80;
    2351 : 80;
    2352 : 80;
    2353 : 80;
    2354 : 80;
    2355 : 80;
    2356 : 80;
    2357 : 60;
    2358 : 80;
    2359 : 80;
    2360 : 80;
    2361 : 80;
    2362 : 80;
    2363 : 80;
    2364 : 80;
    2365 : 60;
    2366 : 80;
    2367 : 80;
    2368 : 24;
    2369 : 24;
    2370 : 24;
    2371 : 49;
    2372 : 49;
    2373 : 49;
    2374 : 24;
    2375 : 24;
    2376 : B6;
    2377 : B6;
    2378 : B6;
    2379 : B6;
    2380 : B6;
    2381 : 49;
    2382 : B6;
    2383 : B6;
    2384 : 92;
    2385 : 92;
    2386 : 92;
    2387 : 92;
    2388 : 92;
    2389 : 49;
    2390 : B6;
    2391 : 92;
    2392 : 92;
    2393 : 92;
    2394 : 92;
    2395 : 92;
    2396 : 92;
    2397 : 24;
    2398 : B6;
    2399 : 92;
    2400 : 24;
    2401 : 24;
    2402 : 49;
    2403 : 49;
    2404 : 49;
    2405 : 24;
    2406 : 24;
    2407 : 24;
    2408 : B6;
    2409 : 24;
    2410 : B6;
    2411 : B6;
    2412 : B6;
    2413 : B6;
    2414 : B6;
    2415 : B6;
    2416 : 92;
    2417 : 49;
    2418 : B6;
    2419 : 92;
    2420 : 92;
    2421 : 92;
    2422 : 92;
    2423 : 92;
    2424 : 92;
    2425 : 49;
    2426 : B6;
    2427 : 92;
    2428 : 92;
    2429 : 92;
    2430 : 92;
    2431 : 92;
    2432 : 6D;
    2433 : 6D;
    2434 : 91;
    2435 : 6D;
    2436 : 6D;
    2437 : 6D;
    2438 : 91;
    2439 : 91;
    2440 : FE;
    2441 : FE;
    2442 : FE;
    2443 : FE;
    2444 : FE;
    2445 : 6D;
    2446 : FE;
    2447 : FE;
    2448 : DA;
    2449 : DA;
    2450 : DA;
    2451 : DA;
    2452 : DA;
    2453 : 91;
    2454 : FE;
    2455 : DA;
    2456 : DA;
    2457 : DA;
    2458 : DA;
    2459 : DA;
    2460 : DA;
    2461 : 6D;
    2462 : FE;
    2463 : DA;
    2464 : 6D;
    2465 : 6D;
    2466 : 91;
    2467 : 91;
    2468 : 91;
    2469 : 6D;
    2470 : 6D;
    2471 : 6D;
    2472 : FE;
    2473 : 6D;
    2474 : FE;
    2475 : FE;
    2476 : FE;
    2477 : FE;
    2478 : FE;
    2479 : FE;
    2480 : DA;
    2481 : 91;
    2482 : FE;
    2483 : DA;
    2484 : DA;
    2485 : DA;
    2486 : DA;
    2487 : DA;
    2488 : DA;
    2489 : 6D;
    2490 : FE;
    2491 : DA;
    2492 : DA;
    2493 : DA;
    2494 : DA;
    2495 : DA;
    2496 : 09;
    2497 : 09;
    2498 : 09;
    2499 : 09;
    2500 : 09;
    2501 : 09;
    2502 : 09;
    2503 : 09;
    2504 : 7B;
    2505 : 7B;
    2506 : 09;
    2507 : 7B;
    2508 : 7B;
    2509 : 7B;
    2510 : 7B;
    2511 : 7B;
    2512 : 17;
    2513 : 17;
    2514 : 09;
    2515 : 7B;
    2516 : 17;
    2517 : 17;
    2518 : 17;
    2519 : 17;
    2520 : 17;
    2521 : 17;
    2522 : 09;
    2523 : 7B;
    2524 : 17;
    2525 : 17;
    2526 : 17;
    2527 : 17;
    2528 : 09;
    2529 : 09;
    2530 : 09;
    2531 : 09;
    2532 : 09;
    2533 : 09;
    2534 : 09;
    2535 : 09;
    2536 : 7B;
    2537 : 7B;
    2538 : 7B;
    2539 : 7B;
    2540 : 7B;
    2541 : 09;
    2542 : 7B;
    2543 : 7B;
    2544 : 17;
    2545 : 17;
    2546 : 17;
    2547 : 17;
    2548 : 17;
    2549 : 09;
    2550 : 7B;
    2551 : 17;
    2552 : 17;
    2553 : 17;
    2554 : 17;
    2555 : 17;
    2556 : 17;
    2557 : 09;
    2558 : 7B;
    2559 : 17;
    2560 : 24;
    2561 : 24;
    2562 : 24;
    2563 : 24;
    2564 : 24;
    2565 : 24;
    2566 : 24;
    2567 : 24;
    2568 : FF;
    2569 : FF;
    2570 : FF;
    2571 : DB;
    2572 : 24;
    2573 : FF;
    2574 : FF;
    2575 : FF;
    2576 : FF;
    2577 : FF;
    2578 : FF;
    2579 : DB;
    2580 : 24;
    2581 : FF;
    2582 : FF;
    2583 : FF;
    2584 : DB;
    2585 : DB;
    2586 : DB;
    2587 : DB;
    2588 : 24;
    2589 : DB;
    2590 : DB;
    2591 : DB;
    2592 : 24;
    2593 : 24;
    2594 : 24;
    2595 : 24;
    2596 : 24;
    2597 : 24;
    2598 : 24;
    2599 : 24;
    2600 : FF;
    2601 : DB;
    2602 : 24;
    2603 : FF;
    2604 : FF;
    2605 : FF;
    2606 : FF;
    2607 : FF;
    2608 : FF;
    2609 : DB;
    2610 : 24;
    2611 : FF;
    2612 : FF;
    2613 : FF;
    2614 : FF;
    2615 : FF;
    2616 : DB;
    2617 : DB;
    2618 : 24;
    2619 : DB;
    2620 : DB;
    2621 : DB;
    2622 : DB;
    2623 : DB;
    2624 : 8D;
    2625 : 8D;
    2626 : 8D;
    2627 : 8D;
    2628 : 8D;
    2629 : 8D;
    2630 : 8D;
    2631 : 8D;
    2632 : 8D;
    2633 : 8D;
    2634 : 8D;
    2635 : 8D;
    2636 : 8D;
    2637 : AD;
    2638 : 8D;
    2639 : 8D;
    2640 : 8D;
    2641 : 8D;
    2642 : 8D;
    2643 : 8D;
    2644 : 8D;
    2645 : AD;
    2646 : 8D;
    2647 : 8D;
    2648 : 8D;
    2649 : 8D;
    2650 : 8D;
    2651 : 8D;
    2652 : 8D;
    2653 : AD;
    2654 : 8D;
    2655 : 8D;
    2656 : 8D;
    2657 : 8D;
    2658 : 8D;
    2659 : 8D;
    2660 : 8D;
    2661 : 8D;
    2662 : 8D;
    2663 : 8D;
    2664 : 8D;
    2665 : 8D;
    2666 : 8D;
    2667 : AD;
    2668 : 8D;
    2669 : 8D;
    2670 : 8D;
    2671 : 8D;
    2672 : 8D;
    2673 : 8D;
    2674 : 8D;
    2675 : AD;
    2676 : 8D;
    2677 : 8D;
    2678 : 8D;
    2679 : 8D;
    2680 : 8D;
    2681 : 8D;
    2682 : 8D;
    2683 : AD;
    2684 : 8D;
    2685 : 8D;
    2686 : 8D;
    2687 : 8D;
    2688 : DD;
    2689 : DD;
    2690 : DD;
    2691 : DD;
    2692 : DD;
    2693 : DD;
    2694 : DD;
    2695 : DD;
    2696 : FF;
    2697 : FF;
    2698 : DD;
    2699 : FF;
    2700 : FF;
    2701 : FF;
    2702 : FF;
    2703 : FF;
    2704 : FE;
    2705 : FE;
    2706 : DD;
    2707 : FF;
    2708 : FE;
    2709 : FE;
    2710 : FE;
    2711 : FE;
    2712 : FE;
    2713 : FE;
    2714 : DD;
    2715 : FF;
    2716 : FE;
    2717 : FE;
    2718 : FE;
    2719 : FE;
    2720 : DD;
    2721 : DD;
    2722 : DD;
    2723 : DD;
    2724 : DD;
    2725 : DD;
    2726 : DD;
    2727 : DD;
    2728 : FF;
    2729 : FF;
    2730 : FF;
    2731 : FF;
    2732 : FF;
    2733 : DD;
    2734 : FF;
    2735 : FF;
    2736 : FE;
    2737 : FE;
    2738 : FE;
    2739 : FE;
    2740 : FE;
    2741 : DD;
    2742 : FF;
    2743 : FE;
    2744 : FE;
    2745 : FE;
    2746 : FE;
    2747 : FE;
    2748 : FE;
    2749 : DD;
    2750 : FF;
    2751 : FE;
    2752 : FF;
    2753 : FF;
    2754 : 24;
    2755 : FF;
    2756 : FF;
    2757 : FF;
    2758 : FF;
    2759 : FF;
    2760 : FF;
    2761 : FF;
    2762 : FF;
    2763 : FF;
    2764 : FF;
    2765 : FF;
    2766 : FF;
    2767 : FF;
    2768 : FF;
    2769 : FF;
    2770 : FF;
    2771 : FF;
    2772 : FF;
    2773 : FF;
    2774 : 24;
    2775 : 24;
    2776 : 24;
    2777 : 24;
    2778 : FF;
    2779 : FF;
    2780 : FF;
    2781 : FF;
    2782 : FF;
    2783 : FF;
    2784 : FF;
    2785 : FF;
    2786 : FF;
    2787 : 24;
    2788 : 24;
    2789 : 24;
    2790 : FF;
    2791 : FF;
    2792 : FF;
    2793 : FF;
    2794 : FF;
    2795 : FF;
    2796 : FF;
    2797 : FF;
    2798 : FF;
    2799 : FF;
    2800 : 24;
    2801 : FF;
    2802 : FF;
    2803 : FF;
    2804 : FF;
    2805 : FF;
    2806 : 24;
    2807 : 24;
    2808 : FF;
    2809 : FF;
    2810 : 24;
    2811 : FF;
    2812 : FF;
    2813 : FF;
    2814 : FF;
    2815 : FF;
    2816 : 48;
    2817 : 8D;
    2818 : 8D;
    2819 : 8D;
    2820 : 8D;
    2821 : 8D;
    2822 : 8D;
    2823 : 8D;
    2824 : 48;
    2825 : 8D;
    2826 : 8D;
    2827 : 8D;
    2828 : 8D;
    2829 : 8D;
    2830 : 8D;
    2831 : 8D;
    2832 : 48;
    2833 : 8D;
    2834 : 8D;
    2835 : 8D;
    2836 : 8D;
    2837 : 8D;
    2838 : 8D;
    2839 : 8D;
    2840 : 48;
    2841 : 48;
    2842 : 44;
    2843 : 44;
    2844 : 44;
    2845 : 48;
    2846 : 48;
    2847 : 48;
    2848 : 8D;
    2849 : 8D;
    2850 : 8D;
    2851 : 8D;
    2852 : 8D;
    2853 : 48;
    2854 : 8D;
    2855 : 8D;
    2856 : 8D;
    2857 : 8D;
    2858 : 8D;
    2859 : 8D;
    2860 : 8D;
    2861 : 44;
    2862 : 8D;
    2863 : 8D;
    2864 : 8D;
    2865 : 8D;
    2866 : 8D;
    2867 : 8D;
    2868 : 8D;
    2869 : 44;
    2870 : 8D;
    2871 : 8D;
    2872 : 48;
    2873 : 48;
    2874 : 48;
    2875 : 44;
    2876 : 44;
    2877 : 44;
    2878 : 44;
    2879 : 48;
    2880 : 8D;
    2881 : D6;
    2882 : D6;
    2883 : D6;
    2884 : D6;
    2885 : D6;
    2886 : D6;
    2887 : D6;
    2888 : 8D;
    2889 : B1;
    2890 : B1;
    2891 : B1;
    2892 : D6;
    2893 : D6;
    2894 : D6;
    2895 : D6;
    2896 : 8D;
    2897 : D6;
    2898 : D6;
    2899 : B1;
    2900 : B1;
    2901 : B1;
    2902 : B1;
    2903 : D6;
    2904 : 8D;
    2905 : 8D;
    2906 : 8D;
    2907 : 8D;
    2908 : 8D;
    2909 : 8D;
    2910 : 8D;
    2911 : 8D;
    2912 : D6;
    2913 : D6;
    2914 : D6;
    2915 : D6;
    2916 : D6;
    2917 : 8D;
    2918 : D6;
    2919 : D6;
    2920 : D6;
    2921 : D6;
    2922 : D6;
    2923 : B1;
    2924 : B1;
    2925 : 8D;
    2926 : B1;
    2927 : D6;
    2928 : D6;
    2929 : B1;
    2930 : B1;
    2931 : B1;
    2932 : D6;
    2933 : 8D;
    2934 : B1;
    2935 : B1;
    2936 : 8D;
    2937 : 8D;
    2938 : 8D;
    2939 : 8D;
    2940 : 8D;
    2941 : 8D;
    2942 : 8D;
    2943 : 8D;
    2944 : 20;
    2945 : 44;
    2946 : 44;
    2947 : 44;
    2948 : 44;
    2949 : 44;
    2950 : 44;
    2951 : 44;
    2952 : 20;
    2953 : 44;
    2954 : 44;
    2955 : 44;
    2956 : 44;
    2957 : 44;
    2958 : 44;
    2959 : 44;
    2960 : 20;
    2961 : 44;
    2962 : 44;
    2963 : 44;
    2964 : 44;
    2965 : 44;
    2966 : 44;
    2967 : 44;
    2968 : 20;
    2969 : 20;
    2970 : 20;
    2971 : 20;
    2972 : 20;
    2973 : 20;
    2974 : 20;
    2975 : 20;
    2976 : 44;
    2977 : 44;
    2978 : 44;
    2979 : 44;
    2980 : 44;
    2981 : 20;
    2982 : 44;
    2983 : 44;
    2984 : 44;
    2985 : 44;
    2986 : 44;
    2987 : 44;
    2988 : 44;
    2989 : 20;
    2990 : 44;
    2991 : 44;
    2992 : 44;
    2993 : 44;
    2994 : 44;
    2995 : 44;
    2996 : 44;
    2997 : 20;
    2998 : 44;
    2999 : 44;
    3000 : 20;
    3001 : 20;
    3002 : 20;
    3003 : 20;
    3004 : 20;
    3005 : 20;
    3006 : 20;
    3007 : 20;
    3008 : D6;
    3009 : FF;
    3010 : FF;
    3011 : FF;
    3012 : FF;
    3013 : FF;
    3014 : FF;
    3015 : FF;
    3016 : D6;
    3017 : D6;
    3018 : D6;
    3019 : D6;
    3020 : FF;
    3021 : FF;
    3022 : FF;
    3023 : FF;
    3024 : D6;
    3025 : FF;
    3026 : FF;
    3027 : D6;
    3028 : D6;
    3029 : D6;
    3030 : D6;
    3031 : FF;
    3032 : D6;
    3033 : D6;
    3034 : B2;
    3035 : B2;
    3036 : B2;
    3037 : D6;
    3038 : D6;
    3039 : D6;
    3040 : FF;
    3041 : FF;
    3042 : FF;
    3043 : FF;
    3044 : FF;
    3045 : D6;
    3046 : FF;
    3047 : FF;
    3048 : FF;
    3049 : FF;
    3050 : FF;
    3051 : D6;
    3052 : D6;
    3053 : B2;
    3054 : D6;
    3055 : FF;
    3056 : FF;
    3057 : D6;
    3058 : D6;
    3059 : D6;
    3060 : FF;
    3061 : B2;
    3062 : D6;
    3063 : D6;
    3064 : D6;
    3065 : D6;
    3066 : D6;
    3067 : B2;
    3068 : B2;
    3069 : B2;
    3070 : B2;
    3071 : D6;
    3072 : 24;
    3073 : 24;
    3074 : 20;
    3075 : 24;
    3076 : 44;
    3077 : 44;
    3078 : 44;
    3079 : 24;
    3080 : 24;
    3081 : 24;
    3082 : 44;
    3083 : 24;
    3084 : 24;
    3085 : 24;
    3086 : 24;
    3087 : 24;
    3088 : 24;
    3089 : 24;
    3090 : 24;
    3091 : 24;
    3092 : 24;
    3093 : 24;
    3094 : 20;
    3095 : 20;
    3096 : 20;
    3097 : 20;
    3098 : 24;
    3099 : 24;
    3100 : 24;
    3101 : 24;
    3102 : 44;
    3103 : 44;
    3104 : 44;
    3105 : 44;
    3106 : 24;
    3107 : 20;
    3108 : 20;
    3109 : 20;
    3110 : 24;
    3111 : 24;
    3112 : 24;
    3113 : 24;
    3114 : 24;
    3115 : 44;
    3116 : 44;
    3117 : 44;
    3118 : 24;
    3119 : 24;
    3120 : 20;
    3121 : 24;
    3122 : 24;
    3123 : 24;
    3124 : 24;
    3125 : 24;
    3126 : 20;
    3127 : 20;
    3128 : 44;
    3129 : 24;
    3130 : 20;
    3131 : 24;
    3132 : 24;
    3133 : 24;
    3134 : 44;
    3135 : 44;
    3136 : 00;
    3137 : 00;
    3138 : 00;
    3139 : 00;
    3140 : 20;
    3141 : 20;
    3142 : 20;
    3143 : 00;
    3144 : 00;
    3145 : 00;
    3146 : 20;
    3147 : 00;
    3148 : 00;
    3149 : 00;
    3150 : 00;
    3151 : 00;
    3152 : 00;
    3153 : 00;
    3154 : 00;
    3155 : 00;
    3156 : 00;
    3157 : 00;
    3158 : 00;
    3159 : 00;
    3160 : 00;
    3161 : 00;
    3162 : 00;
    3163 : 00;
    3164 : 00;
    3165 : 00;
    3166 : 20;
    3167 : 20;
    3168 : 20;
    3169 : 20;
    3170 : 00;
    3171 : 00;
    3172 : 00;
    3173 : 00;
    3174 : 00;
    3175 : 00;
    3176 : 00;
    3177 : 00;
    3178 : 00;
    3179 : 20;
    3180 : 20;
    3181 : 20;
    3182 : 00;
    3183 : 00;
    3184 : 00;
    3185 : 00;
    3186 : 00;
    3187 : 00;
    3188 : 00;
    3189 : 00;
    3190 : 00;
    3191 : 00;
    3192 : 20;
    3193 : 00;
    3194 : 00;
    3195 : 00;
    3196 : 00;
    3197 : 00;
    3198 : 20;
    3199 : 20;
    3200 : 88;
    3201 : 88;
    3202 : 44;
    3203 : 88;
    3204 : 8C;
    3205 : 8C;
    3206 : 8C;
    3207 : 88;
    3208 : 88;
    3209 : 88;
    3210 : 8C;
    3211 : 88;
    3212 : 88;
    3213 : 88;
    3214 : 88;
    3215 : 88;
    3216 : 88;
    3217 : 88;
    3218 : 88;
    3219 : 88;
    3220 : 88;
    3221 : 88;
    3222 : 44;
    3223 : 44;
    3224 : 44;
    3225 : 44;
    3226 : 88;
    3227 : 88;
    3228 : 88;
    3229 : 88;
    3230 : 8C;
    3231 : 8C;
    3232 : 8C;
    3233 : 8C;
    3234 : 88;
    3235 : 44;
    3236 : 44;
    3237 : 44;
    3238 : 88;
    3239 : 88;
    3240 : 88;
    3241 : 88;
    3242 : 88;
    3243 : 8C;
    3244 : 8C;
    3245 : 8C;
    3246 : 88;
    3247 : 88;
    3248 : 44;
    3249 : 88;
    3250 : 88;
    3251 : 88;
    3252 : 88;
    3253 : 88;
    3254 : 44;
    3255 : 44;
    3256 : 8C;
    3257 : 88;
    3258 : 44;
    3259 : 88;
    3260 : 88;
    3261 : 88;
    3262 : 8C;
    3263 : 8C;
    3264 : 00;
    3265 : 00;
    3266 : 00;
    3267 : 00;
    3268 : 00;
    3269 : 00;
    3270 : 00;
    3271 : 00;
    3272 : 00;
    3273 : 00;
    3274 : 00;
    3275 : 00;
    3276 : 00;
    3277 : FF;
    3278 : FF;
    3279 : 00;
    3280 : 00;
    3281 : 00;
    3282 : 00;
    3283 : 00;
    3284 : FF;
    3285 : FF;
    3286 : FF;
    3287 : FF;
    3288 : 00;
    3289 : 00;
    3290 : 00;
    3291 : 00;
    3292 : FF;
    3293 : FF;
    3294 : FF;
    3295 : FF;
    3296 : 00;
    3297 : 00;
    3298 : 00;
    3299 : 00;
    3300 : 00;
    3301 : FF;
    3302 : FF;
    3303 : 00;
    3304 : 00;
    3305 : 00;
    3306 : 00;
    3307 : 00;
    3308 : 00;
    3309 : 00;
    3310 : 00;
    3311 : 00;
    3312 : FF;
    3313 : 00;
    3314 : 00;
    3315 : 00;
    3316 : 00;
    3317 : 00;
    3318 : 00;
    3319 : 00;
    3320 : 00;
    3321 : 00;
    3322 : 00;
    3323 : 00;
    3324 : 00;
    3325 : 00;
    3326 : 00;
    3327 : 00;
    3328 : 00;
    3329 : 00;
    3330 : 00;
    3331 : 00;
    3332 : 00;
    3333 : 00;
    3334 : 00;
    3335 : 00;
    3336 : 00;
    3337 : FF;
    3338 : 00;
    3339 : 00;
    3340 : 00;
    3341 : 00;
    3342 : 00;
    3343 : 00;
    3344 : 00;
    3345 : 00;
    3346 : 00;
    3347 : 00;
    3348 : 00;
    3349 : 00;
    3350 : 00;
    3351 : 00;
    3352 : 00;
    3353 : 00;
    3354 : 00;
    3355 : 00;
    3356 : 00;
    3357 : 00;
    3358 : 00;
    3359 : 00;
    3360 : 00;
    3361 : 00;
    3362 : 00;
    3363 : 00;
    3364 : 00;
    3365 : 00;
    3366 : 00;
    3367 : 00;
    3368 : 00;
    3369 : 00;
    3370 : 00;
    3371 : 00;
    3372 : 00;
    3373 : 00;
    3374 : 00;
    3375 : 00;
    3376 : 00;
    3377 : 00;
    3378 : 00;
    3379 : 00;
    3380 : 00;
    3381 : 00;
    3382 : 00;
    3383 : 00;
    3384 : 00;
    3385 : 00;
    3386 : 00;
    3387 : 00;
    3388 : FF;
    3389 : 00;
    3390 : 00;
    3391 : 00;
    3392 : FF;
    3393 : 00;
    3394 : 00;
    3395 : 00;
    3396 : 00;
    3397 : 00;
    3398 : 00;
    3399 : 00;
    3400 : 00;
    3401 : 00;
    3402 : 00;
    3403 : 00;
    3404 : 00;
    3405 : 00;
    3406 : 00;
    3407 : 00;
    3408 : 00;
    3409 : 00;
    3410 : 00;
    3411 : 00;
    3412 : 00;
    3413 : 00;
    3414 : 00;
    3415 : 00;
    3416 : 00;
    3417 : 00;
    3418 : 00;
    3419 : 00;
    3420 : 00;
    3421 : 00;
    3422 : 00;
    3423 : 00;
    3424 : 00;
    3425 : 00;
    3426 : 00;
    3427 : 00;
    3428 : 00;
    3429 : 00;
    3430 : 00;
    3431 : 00;
    3432 : 00;
    3433 : 00;
    3434 : 00;
    3435 : 00;
    3436 : 00;
    3437 : FF;
    3438 : 00;
    3439 : 00;
    3440 : 00;
    3441 : 00;
    3442 : 00;
    3443 : 00;
    3444 : 00;
    3445 : 00;
    3446 : 00;
    3447 : 00;
    3448 : 00;
    3449 : 00;
    3450 : 00;
    3451 : 00;
    3452 : 00;
    3453 : 00;
    3454 : 00;
    3455 : 00;
    3456 : 00;
    3457 : 00;
    3458 : 00;
    3459 : 00;
    3460 : 00;
    3461 : 00;
    3462 : 00;
    3463 : 00;
    3464 : 00;
    3465 : 00;
    3466 : 00;
    3467 : 00;
    3468 : 00;
    3469 : 00;
    3470 : 00;
    3471 : 00;
    3472 : 00;
    3473 : 00;
    3474 : 00;
    3475 : 00;
    3476 : 00;
    3477 : 00;
    3478 : 00;
    3479 : 00;
    3480 : 00;
    3481 : 00;
    3482 : 00;
    3483 : 00;
    3484 : 00;
    3485 : 00;
    3486 : 00;
    3487 : 00;
    3488 : 00;
    3489 : 00;
    3490 : 00;
    3491 : 00;
    3492 : 00;
    3493 : 00;
    3494 : 00;
    3495 : 00;
    3496 : 00;
    3497 : 00;
    3498 : 00;
    3499 : 00;
    3500 : 00;
    3501 : 00;
    3502 : 00;
    3503 : 00;
    3504 : 00;
    3505 : 00;
    3506 : 00;
    3507 : 00;
    3508 : 00;
    3509 : 00;
    3510 : 00;
    3511 : 00;
    3512 : 00;
    3513 : 00;
    3514 : 00;
    3515 : 00;
    3516 : 00;
    3517 : 00;
    3518 : 00;
    3519 : 00;
    3520 : 00;
    3521 : 00;
    3522 : 00;
    3523 : 00;
    3524 : 00;
    3525 : 00;
    3526 : 00;
    3527 : 00;
    3528 : 00;
    3529 : 00;
    3530 : 00;
    3531 : FF;
    3532 : 00;
    3533 : 00;
    3534 : 00;
    3535 : 00;
    3536 : 00;
    3537 : 00;
    3538 : 00;
    3539 : FF;
    3540 : 00;
    3541 : 00;
    3542 : 00;
    3543 : 00;
    3544 : 00;
    3545 : FF;
    3546 : FF;
    3547 : FF;
    3548 : FF;
    3549 : FF;
    3550 : 00;
    3551 : 00;
    3552 : 00;
    3553 : 00;
    3554 : 00;
    3555 : FF;
    3556 : 00;
    3557 : 00;
    3558 : 00;
    3559 : 00;
    3560 : 00;
    3561 : 00;
    3562 : 00;
    3563 : FF;
    3564 : 00;
    3565 : 00;
    3566 : 00;
    3567 : 00;
    3568 : 00;
    3569 : 00;
    3570 : 00;
    3571 : 00;
    3572 : 00;
    3573 : 00;
    3574 : 00;
    3575 : 00;
    3576 : 00;
    3577 : 00;
    3578 : 00;
    3579 : 00;
    3580 : 00;
    3581 : 00;
    3582 : 00;
    3583 : 00;
    3584 : 72;
    3585 : 72;
    3586 : 72;
    3587 : 72;
    3588 : 72;
    3589 : 72;
    3590 : 72;
    3591 : 72;
    3592 : 72;
    3593 : 72;
    3594 : 72;
    3595 : 72;
    3596 : 72;
    3597 : 72;
    3598 : 72;
    3599 : 72;
    3600 : 72;
    3601 : 72;
    3602 : 72;
    3603 : 72;
    3604 : 72;
    3605 : 72;
    3606 : 72;
    3607 : 72;
    3608 : 72;
    3609 : 72;
    3610 : 72;
    3611 : 72;
    3612 : 72;
    3613 : 72;
    3614 : 72;
    3615 : 72;
    3616 : 72;
    3617 : 72;
    3618 : 72;
    3619 : 72;
    3620 : 72;
    3621 : 72;
    3622 : 72;
    3623 : 72;
    3624 : 72;
    3625 : 72;
    3626 : 72;
    3627 : 72;
    3628 : 72;
    3629 : 72;
    3630 : 72;
    3631 : 72;
    3632 : 72;
    3633 : 72;
    3634 : 72;
    3635 : 72;
    3636 : 72;
    3637 : 72;
    3638 : 72;
    3639 : 72;
    3640 : 72;
    3641 : 72;
    3642 : 72;
    3643 : 72;
    3644 : 72;
    3645 : 72;
    3646 : 72;
    3647 : 72;
    3648 : F6;
    3649 : EC;
    3650 : EC;
    3651 : EC;
    3652 : EC;
    3653 : F6;
    3654 : EC;
    3655 : EC;
    3656 : FA;
    3657 : E8;
    3658 : E8;
    3659 : E8;
    3660 : E8;
    3661 : FA;
    3662 : E8;
    3663 : E8;
    3664 : FA;
    3665 : E8;
    3666 : E8;
    3667 : E8;
    3668 : E8;
    3669 : F1;
    3670 : 64;
    3671 : 64;
    3672 : FA;
    3673 : E8;
    3674 : E8;
    3675 : E8;
    3676 : E8;
    3677 : FA;
    3678 : F5;
    3679 : F5;
    3680 : FA;
    3681 : E8;
    3682 : E8;
    3683 : E8;
    3684 : E8;
    3685 : FA;
    3686 : E8;
    3687 : E8;
    3688 : 00;
    3689 : C8;
    3690 : E8;
    3691 : E8;
    3692 : 00;
    3693 : E8;
    3694 : E8;
    3695 : E8;
    3696 : FA;
    3697 : FA;
    3698 : 00;
    3699 : 00;
    3700 : FA;
    3701 : E8;
    3702 : E8;
    3703 : E8;
    3704 : FA;
    3705 : E8;
    3706 : E8;
    3707 : E8;
    3708 : FA;
    3709 : E8;
    3710 : E8;
    3711 : 00;
    3712 : 8C;
    3713 : 8C;
    3714 : 8C;
    3715 : 8C;
    3716 : 8C;
    3717 : 8C;
    3718 : 8C;
    3719 : 8C;
    3720 : 68;
    3721 : 8C;
    3722 : 68;
    3723 : 68;
    3724 : 68;
    3725 : 68;
    3726 : 68;
    3727 : 8C;
    3728 : 8C;
    3729 : 68;
    3730 : 8C;
    3731 : 8C;
    3732 : 8C;
    3733 : 8C;
    3734 : 68;
    3735 : 68;
    3736 : 68;
    3737 : 68;
    3738 : 68;
    3739 : 68;
    3740 : 8C;
    3741 : 8C;
    3742 : 68;
    3743 : 68;
    3744 : 8C;
    3745 : 8C;
    3746 : 68;
    3747 : 8C;
    3748 : 8C;
    3749 : 8C;
    3750 : 8C;
    3751 : 8C;
    3752 : 8C;
    3753 : 68;
    3754 : 68;
    3755 : 68;
    3756 : 68;
    3757 : 68;
    3758 : 68;
    3759 : 8C;
    3760 : 8C;
    3761 : 8C;
    3762 : 8C;
    3763 : 8C;
    3764 : 8C;
    3765 : 8C;
    3766 : 8C;
    3767 : 8C;
    3768 : 68;
    3769 : 68;
    3770 : 8C;
    3771 : 68;
    3772 : 8C;
    3773 : 68;
    3774 : 68;
    3775 : 68;
    3776 : 20;
    3777 : 44;
    3778 : 24;
    3779 : 44;
    3780 : 24;
    3781 : 24;
    3782 : 20;
    3783 : 24;
    3784 : 20;
    3785 : 20;
    3786 : 24;
    3787 : 44;
    3788 : 24;
    3789 : 24;
    3790 : 20;
    3791 : 24;
    3792 : 20;
    3793 : 24;
    3794 : 24;
    3795 : 24;
    3796 : 44;
    3797 : 24;
    3798 : 24;
    3799 : 44;
    3800 : 24;
    3801 : 20;
    3802 : 44;
    3803 : 20;
    3804 : 44;
    3805 : 44;
    3806 : 24;
    3807 : 44;
    3808 : 20;
    3809 : 20;
    3810 : 24;
    3811 : 20;
    3812 : 24;
    3813 : 44;
    3814 : 44;
    3815 : 44;
    3816 : 24;
    3817 : 24;
    3818 : 24;
    3819 : 24;
    3820 : 24;
    3821 : 24;
    3822 : 44;
    3823 : 20;
    3824 : 20;
    3825 : 24;
    3826 : 44;
    3827 : 44;
    3828 : 44;
    3829 : 24;
    3830 : 24;
    3831 : 20;
    3832 : 24;
    3833 : 20;
    3834 : 24;
    3835 : 44;
    3836 : 24;
    3837 : 24;
    3838 : 20;
    3839 : 24;
    3840 : 91;
    3841 : 92;
    3842 : 91;
    3843 : 91;
    3844 : 91;
    3845 : 6D;
    3846 : 91;
    3847 : 49;
    3848 : 6D;
    3849 : 6D;
    3850 : 6D;
    3851 : 6D;
    3852 : 6D;
    3853 : 6D;
    3854 : 6D;
    3855 : 49;
    3856 : 6D;
    3857 : 6D;
    3858 : 6D;
    3859 : 6D;
    3860 : 6D;
    3861 : 6D;
    3862 : 91;
    3863 : 49;
    3864 : 6D;
    3865 : 49;
    3866 : 4D;
    3867 : 49;
    3868 : 49;
    3869 : 4D;
    3870 : 49;
    3871 : 49;
    3872 : 6D;
    3873 : 6D;
    3874 : 6D;
    3875 : 4D;
    3876 : 6D;
    3877 : 91;
    3878 : 6D;
    3879 : 91;
    3880 : 6D;
    3881 : 6D;
    3882 : 6D;
    3883 : 49;
    3884 : 91;
    3885 : 6D;
    3886 : 6D;
    3887 : 6D;
    3888 : 6D;
    3889 : 6D;
    3890 : 6D;
    3891 : 49;
    3892 : 6D;
    3893 : 6D;
    3894 : 6D;
    3895 : 6D;
    3896 : 4D;
    3897 : 49;
    3898 : 49;
    3899 : 49;
    3900 : 6D;
    3901 : 49;
    3902 : 49;
    3903 : 49;
    3904 : 7A;
    3905 : 7A;
    3906 : 7A;
    3907 : 56;
    3908 : 7A;
    3909 : 7A;
    3910 : 56;
    3911 : 55;
    3912 : 7A;
    3913 : FF;
    3914 : FF;
    3915 : 52;
    3916 : FF;
    3917 : FF;
    3918 : 55;
    3919 : FF;
    3920 : 7A;
    3921 : 55;
    3922 : 56;
    3923 : FF;
    3924 : 56;
    3925 : 56;
    3926 : FF;
    3927 : 55;
    3928 : 7A;
    3929 : FF;
    3930 : FF;
    3931 : 56;
    3932 : FF;
    3933 : FF;
    3934 : 56;
    3935 : FF;
    3936 : 7A;
    3937 : 56;
    3938 : 56;
    3939 : FF;
    3940 : 56;
    3941 : 56;
    3942 : FF;
    3943 : 55;
    3944 : 7A;
    3945 : FF;
    3946 : FF;
    3947 : 56;
    3948 : FF;
    3949 : FF;
    3950 : 52;
    3951 : FF;
    3952 : 56;
    3953 : 55;
    3954 : 55;
    3955 : FF;
    3956 : 56;
    3957 : 56;
    3958 : FF;
    3959 : 56;
    3960 : 7A;
    3961 : FF;
    3962 : FF;
    3963 : 52;
    3964 : FF;
    3965 : FF;
    3966 : 56;
    3967 : FF;
    3968 : 12;
    3969 : 0E;
    3970 : 0E;
    3971 : 12;
    3972 : 0E;
    3973 : 0E;
    3974 : 0E;
    3975 : 16;
    3976 : 29;
    3977 : 29;
    3978 : 29;
    3979 : 0E;
    3980 : 0D;
    3981 : 29;
    3982 : 29;
    3983 : 0D;
    3984 : 24;
    3985 : 0D;
    3986 : 24;
    3987 : 0D;
    3988 : 24;
    3989 : 0D;
    3990 : 24;
    3991 : 40;
    3992 : 44;
    3993 : 64;
    3994 : 40;
    3995 : 44;
    3996 : 44;
    3997 : 24;
    3998 : 44;
    3999 : 64;
    4000 : 40;
    4001 : 64;
    4002 : 64;
    4003 : 40;
    4004 : 29;
    4005 : 64;
    4006 : 64;
    4007 : 64;
    4008 : 64;
    4009 : 64;
    4010 : 64;
    4011 : 40;
    4012 : 64;
    4013 : 64;
    4014 : 40;
    4015 : 40;
    4016 : 64;
    4017 : 64;
    4018 : 24;
    4019 : 64;
    4020 : 40;
    4021 : 40;
    4022 : 64;
    4023 : 64;
    4024 : 64;
    4025 : 64;
    4026 : 89;
    4027 : 40;
    4028 : 40;
    4029 : 64;
    4030 : 64;
    4031 : 64;
    4032 : F1;
    4033 : F1;
    4034 : F1;
    4035 : CD;
    4036 : F1;
    4037 : F1;
    4038 : CD;
    4039 : CD;
    4040 : F1;
    4041 : F1;
    4042 : F9;
    4043 : F9;
    4044 : CD;
    4045 : FA;
    4046 : F1;
    4047 : AD;
    4048 : F1;
    4049 : F9;
    4050 : FA;
    4051 : FF;
    4052 : CD;
    4053 : FF;
    4054 : F9;
    4055 : F5;
    4056 : F1;
    4057 : F9;
    4058 : FF;
    4059 : FA;
    4060 : A9;
    4061 : FF;
    4062 : FA;
    4063 : F5;
    4064 : F1;
    4065 : CD;
    4066 : CD;
    4067 : A9;
    4068 : 88;
    4069 : CD;
    4070 : AD;
    4071 : CD;
    4072 : F1;
    4073 : FA;
    4074 : FF;
    4075 : FF;
    4076 : CD;
    4077 : FF;
    4078 : FF;
    4079 : F5;
    4080 : F1;
    4081 : F1;
    4082 : F9;
    4083 : FA;
    4084 : AD;
    4085 : FF;
    4086 : F1;
    4087 : CD;
    4088 : F1;
    4089 : 88;
    4090 : F5;
    4091 : F5;
    4092 : CD;
    4093 : F5;
    4094 : CD;
    4095 : CD;
    4096 : 70;
    4097 : 48;
    4098 : 70;
    4099 : 48;
    4100 : 6C;
    4101 : 48;
    4102 : 48;
    4103 : 4C;
    4104 : 48;
    4105 : 6C;
    4106 : 48;
    4107 : 6C;
    4108 : 48;
    4109 : 70;
    4110 : 4C;
    4111 : 48;
    4112 : 48;
    4113 : 70;
    4114 : 6C;
    4115 : 48;
    4116 : 48;
    4117 : 70;
    4118 : 70;
    4119 : 6C;
    4120 : 4C;
    4121 : 48;
    4122 : 6C;
    4123 : 48;
    4124 : 6C;
    4125 : 70;
    4126 : 6C;
    4127 : 4C;
    4128 : 4C;
    4129 : 4C;
    4130 : 4C;
    4131 : 70;
    4132 : 6C;
    4133 : 48;
    4134 : 6C;
    4135 : 70;
    4136 : 70;
    4137 : 6C;
    4138 : 48;
    4139 : 6C;
    4140 : 48;
    4141 : 6C;
    4142 : 48;
    4143 : 70;
    4144 : 4C;
    4145 : 70;
    4146 : 48;
    4147 : 70;
    4148 : 6C;
    4149 : 4C;
    4150 : 70;
    4151 : 48;
    4152 : 6C;
    4153 : 48;
    4154 : 6C;
    4155 : 4C;
    4156 : 4C;
    4157 : 70;
    4158 : 6C;
    4159 : 6C;
    4160 : 9E;
    4161 : 9E;
    4162 : 9E;
    4163 : 9E;
    4164 : 5E;
    4165 : 9E;
    4166 : 19;
    4167 : 5E;
    4168 : 5E;
    4169 : 5E;
    4170 : 9E;
    4171 : 5E;
    4172 : 19;
    4173 : 19;
    4174 : 5E;
    4175 : 5E;
    4176 : 9E;
    4177 : 9E;
    4178 : 9E;
    4179 : 9E;
    4180 : 5E;
    4181 : 9E;
    4182 : 19;
    4183 : 19;
    4184 : 5E;
    4185 : 5E;
    4186 : 9E;
    4187 : 9E;
    4188 : 19;
    4189 : 5E;
    4190 : 19;
    4191 : 19;
    4192 : 9E;
    4193 : 5E;
    4194 : 5E;
    4195 : 19;
    4196 : 19;
    4197 : 19;
    4198 : 19;
    4199 : 19;
    4200 : 5E;
    4201 : 19;
    4202 : 9E;
    4203 : 19;
    4204 : 19;
    4205 : 19;
    4206 : 5E;
    4207 : 19;
    4208 : 5E;
    4209 : 9E;
    4210 : 19;
    4211 : 19;
    4212 : 19;
    4213 : 5E;
    4214 : 19;
    4215 : 19;
    4216 : 19;
    4217 : 19;
    4218 : 19;
    4219 : 19;
    4220 : 19;
    4221 : 19;
    4222 : 19;
    4223 : 9E;
    4224 : C8;
    4225 : C8;
    4226 : C8;
    4227 : A8;
    4228 : A8;
    4229 : C8;
    4230 : C8;
    4231 : C8;
    4232 : C8;
    4233 : C8;
    4234 : C8;
    4235 : A8;
    4236 : A8;
    4237 : C8;
    4238 : C8;
    4239 : C8;
    4240 : 84;
    4241 : 84;
    4242 : 84;
    4243 : 84;
    4244 : 84;
    4245 : 84;
    4246 : 84;
    4247 : 84;
    4248 : C8;
    4249 : A8;
    4250 : A8;
    4251 : C8;
    4252 : C8;
    4253 : C8;
    4254 : 64;
    4255 : C8;
    4256 : C8;
    4257 : A8;
    4258 : A8;
    4259 : C8;
    4260 : C8;
    4261 : C8;
    4262 : 64;
    4263 : C8;
    4264 : 84;
    4265 : 84;
    4266 : 84;
    4267 : 84;
    4268 : 84;
    4269 : 84;
    4270 : 64;
    4271 : 84;
    4272 : C8;
    4273 : C8;
    4274 : C8;
    4275 : A8;
    4276 : A8;
    4277 : C8;
    4278 : C8;
    4279 : C8;
    4280 : C8;
    4281 : C8;
    4282 : C8;
    4283 : A8;
    4284 : A8;
    4285 : C8;
    4286 : C8;
    4287 : C8;
    4288 : D0;
    4289 : F4;
    4290 : F4;
    4291 : D0;
    4292 : D0;
    4293 : F4;
    4294 : F4;
    4295 : D0;
    4296 : D0;
    4297 : F4;
    4298 : F4;
    4299 : D0;
    4300 : D0;
    4301 : F4;
    4302 : F4;
    4303 : D0;
    4304 : A8;
    4305 : D0;
    4306 : D0;
    4307 : A8;
    4308 : A8;
    4309 : D0;
    4310 : D0;
    4311 : A8;
    4312 : FC;
    4313 : F4;
    4314 : F4;
    4315 : FC;
    4316 : FC;
    4317 : FC;
    4318 : 68;
    4319 : FC;
    4320 : F4;
    4321 : D0;
    4322 : D0;
    4323 : F4;
    4324 : F4;
    4325 : F4;
    4326 : 68;
    4327 : F4;
    4328 : 68;
    4329 : 68;
    4330 : 68;
    4331 : 68;
    4332 : 68;
    4333 : 68;
    4334 : 68;
    4335 : 68;
    4336 : D0;
    4337 : F4;
    4338 : F4;
    4339 : D0;
    4340 : D0;
    4341 : F4;
    4342 : F4;
    4343 : D0;
    4344 : D0;
    4345 : F4;
    4346 : F4;
    4347 : D0;
    4348 : D0;
    4349 : F4;
    4350 : F4;
    4351 : D0;
    4352 : F4;
    4353 : A0;
    4354 : A0;
    4355 : A0;
    4356 : A0;
    4357 : A0;
    4358 : A0;
    4359 : F4;
    4360 : 44;
    4361 : 44;
    4362 : 44;
    4363 : 44;
    4364 : 44;
    4365 : 44;
    4366 : 44;
    4367 : 44;
    4368 : FF;
    4369 : FF;
    4370 : 44;
    4371 : FF;
    4372 : B6;
    4373 : FF;
    4374 : FF;
    4375 : FF;
    4376 : FF;
    4377 : 44;
    4378 : 44;
    4379 : FF;
    4380 : FF;
    4381 : FF;
    4382 : FF;
    4383 : FF;
    4384 : FF;
    4385 : 44;
    4386 : 44;
    4387 : FF;
    4388 : FF;
    4389 : FF;
    4390 : FF;
    4391 : FF;
    4392 : FF;
    4393 : 44;
    4394 : 44;
    4395 : FF;
    4396 : FF;
    4397 : FF;
    4398 : FF;
    4399 : FF;
    4400 : 44;
    4401 : 44;
    4402 : 44;
    4403 : 44;
    4404 : 44;
    4405 : 44;
    4406 : 44;
    4407 : 44;
    4408 : F4;
    4409 : A0;
    4410 : A0;
    4411 : A0;
    4412 : A0;
    4413 : A0;
    4414 : A0;
    4415 : F4;
    4416 : 10;
    4417 : 10;
    4418 : 10;
    4419 : 0C;
    4420 : 38;
    4421 : 3C;
    4422 : 3C;
    4423 : 3C;
    4424 : 10;
    4425 : 10;
    4426 : 10;
    4427 : 0C;
    4428 : 38;
    4429 : 3C;
    4430 : 3C;
    4431 : 3C;
    4432 : 10;
    4433 : 10;
    4434 : 10;
    4435 : 0C;
    4436 : 38;
    4437 : 3C;
    4438 : 3C;
    4439 : 3C;
    4440 : 10;
    4441 : 10;
    4442 : 10;
    4443 : 0C;
    4444 : 38;
    4445 : 3C;
    4446 : 3C;
    4447 : 3C;
    4448 : 5C;
    4449 : 5C;
    4450 : 5C;
    4451 : 5C;
    4452 : 30;
    4453 : 38;
    4454 : 38;
    4455 : 38;
    4456 : 3C;
    4457 : 3C;
    4458 : 3C;
    4459 : 38;
    4460 : 0C;
    4461 : 10;
    4462 : 10;
    4463 : 10;
    4464 : 3C;
    4465 : 3C;
    4466 : 3C;
    4467 : 38;
    4468 : 0C;
    4469 : 10;
    4470 : 10;
    4471 : 10;
    4472 : 3C;
    4473 : 3C;
    4474 : 3C;
    4475 : 38;
    4476 : 0C;
    4477 : 10;
    4478 : 10;
    4479 : 10;
    4480 : FF;
    4481 : 6F;
    4482 : 6F;
    4483 : 6F;
    4484 : 6F;
    4485 : 6F;
    4486 : 6F;
    4487 : 00;
    4488 : 93;
    4489 : 6F;
    4490 : 00;
    4491 : 00;
    4492 : F0;
    4493 : 00;
    4494 : 6F;
    4495 : 6F;
    4496 : 93;
    4497 : 6F;
    4498 : FF;
    4499 : F0;
    4500 : 00;
    4501 : F0;
    4502 : 00;
    4503 : 6F;
    4504 : 93;
    4505 : 00;
    4506 : 00;
    4507 : F0;
    4508 : F0;
    4509 : A4;
    4510 : A4;
    4511 : 6F;
    4512 : 93;
    4513 : 00;
    4514 : 00;
    4515 : F0;
    4516 : A4;
    4517 : A4;
    4518 : A4;
    4519 : 6F;
    4520 : 93;
    4521 : 6F;
    4522 : 00;
    4523 : A4;
    4524 : A4;
    4525 : A4;
    4526 : 00;
    4527 : 4B;
    4528 : 93;
    4529 : 6F;
    4530 : 00;
    4531 : A4;
    4532 : A4;
    4533 : 00;
    4534 : 4B;
    4535 : 4B;
    4536 : 93;
    4537 : 6F;
    4538 : 4B;
    4539 : 4B;
    4540 : 4B;
    4541 : 4B;
    4542 : 4B;
    4543 : 00;
    4544 : 92;
    4545 : B6;
    4546 : BB;
    4547 : 14;
    4548 : 14;
    4549 : 92;
    4550 : 92;
    4551 : 92;
    4552 : B6;
    4553 : 92;
    4554 : 14;
    4555 : 5D;
    4556 : 5D;
    4557 : 0C;
    4558 : BB;
    4559 : BB;
    4560 : B6;
    4561 : B6;
    4562 : 49;
    4563 : 0C;
    4564 : 0C;
    4565 : 6D;
    4566 : B7;
    4567 : B6;
    4568 : B6;
    4569 : 14;
    4570 : 14;
    4571 : 92;
    4572 : 92;
    4573 : 92;
    4574 : 92;
    4575 : 96;
    4576 : 14;
    4577 : 7D;
    4578 : 5D;
    4579 : 0C;
    4580 : B7;
    4581 : 92;
    4582 : 14;
    4583 : 92;
    4584 : 92;
    4585 : 49;
    4586 : 6D;
    4587 : B6;
    4588 : 92;
    4589 : 6D;
    4590 : 0C;
    4591 : 6E;
    4592 : B6;
    4593 : 92;
    4594 : 92;
    4595 : 14;
    4596 : 0C;
    4597 : 92;
    4598 : 92;
    4599 : B6;
    4600 : 92;
    4601 : BB;
    4602 : B6;
    4603 : 92;
    4604 : B7;
    4605 : B6;
    4606 : B6;
    4607 : DB;
    4608 : F5;
    4609 : 00;
    4610 : 00;
    4611 : 00;
    4612 : 00;
    4613 : 00;
    4614 : 00;
    4615 : 00;
    4616 : F5;
    4617 : 00;
    4618 : 00;
    4619 : 00;
    4620 : 00;
    4621 : 00;
    4622 : 00;
    4623 : 00;
    4624 : F5;
    4625 : F5;
    4626 : F5;
    4627 : F5;
    4628 : F5;
    4629 : F5;
    4630 : F5;
    4631 : AC;
    4632 : F5;
    4633 : 00;
    4634 : 00;
    4635 : 00;
    4636 : 00;
    4637 : 00;
    4638 : 00;
    4639 : 00;
    4640 : F5;
    4641 : F5;
    4642 : F5;
    4643 : F5;
    4644 : F5;
    4645 : F5;
    4646 : F5;
    4647 : AC;
    4648 : F5;
    4649 : 2C;
    4650 : 44;
    4651 : 44;
    4652 : 30;
    4653 : 6C;
    4654 : 4C;
    4655 : 29;
    4656 : F5;
    4657 : 04;
    4658 : 20;
    4659 : 20;
    4660 : 28;
    4661 : 24;
    4662 : 24;
    4663 : 04;
    4664 : F5;
    4665 : AC;
    4666 : AC;
    4667 : AC;
    4668 : AC;
    4669 : AC;
    4670 : AC;
    4671 : AC;
    4672 : 10;
    4673 : 10;
    4674 : 10;
    4675 : 10;
    4676 : 10;
    4677 : 0C;
    4678 : 10;
    4679 : 10;
    4680 : 10;
    4681 : 10;
    4682 : 10;
    4683 : 10;
    4684 : 10;
    4685 : 10;
    4686 : 0C;
    4687 : 0C;
    4688 : 10;
    4689 : 10;
    4690 : 10;
    4691 : 10;
    4692 : 10;
    4693 : 10;
    4694 : 10;
    4695 : 10;
    4696 : 0C;
    4697 : 0C;
    4698 : 10;
    4699 : 10;
    4700 : 10;
    4701 : 10;
    4702 : 10;
    4703 : 10;
    4704 : 10;
    4705 : 10;
    4706 : 10;
    4707 : 10;
    4708 : 10;
    4709 : 10;
    4710 : 0C;
    4711 : 10;
    4712 : 10;
    4713 : 10;
    4714 : 0C;
    4715 : 10;
    4716 : 10;
    4717 : 10;
    4718 : 0C;
    4719 : 10;
    4720 : 10;
    4721 : 10;
    4722 : 10;
    4723 : 0C;
    4724 : 0C;
    4725 : 0C;
    4726 : 10;
    4727 : 10;
    4728 : 10;
    4729 : 10;
    4730 : 10;
    4731 : 10;
    4732 : 10;
    4733 : 10;
    4734 : 10;
    4735 : 0C;
    4736 : B6;
    4737 : B6;
    4738 : B6;
    4739 : 92;
    4740 : DB;
    4741 : B6;
    4742 : DB;
    4743 : DB;
    4744 : B6;
    4745 : B6;
    4746 : B6;
    4747 : 92;
    4748 : DB;
    4749 : DB;
    4750 : DA;
    4751 : B6;
    4752 : DB;
    4753 : B6;
    4754 : DB;
    4755 : 92;
    4756 : DB;
    4757 : B6;
    4758 : DB;
    4759 : DA;
    4760 : B6;
    4761 : B6;
    4762 : B6;
    4763 : 92;
    4764 : DB;
    4765 : B6;
    4766 : DB;
    4767 : DB;
    4768 : DB;
    4769 : DB;
    4770 : DB;
    4771 : DB;
    4772 : DB;
    4773 : DB;
    4774 : DB;
    4775 : DB;
    4776 : DB;
    4777 : B6;
    4778 : DB;
    4779 : DB;
    4780 : B6;
    4781 : B6;
    4782 : DB;
    4783 : B6;
    4784 : B6;
    4785 : DB;
    4786 : B6;
    4787 : B6;
    4788 : B6;
    4789 : B6;
    4790 : B6;
    4791 : B6;
    4792 : B6;
    4793 : B6;
    4794 : B6;
    4795 : DB;
    4796 : B6;
    4797 : B6;
    4798 : B6;
    4799 : DB;
    4800 : 92;
    4801 : B6;
    4802 : B7;
    4803 : 92;
    4804 : B6;
    4805 : B6;
    4806 : 92;
    4807 : 92;
    4808 : B6;
    4809 : 5B;
    4810 : 92;
    4811 : B6;
    4812 : 0A;
    4813 : DF;
    4814 : 5B;
    4815 : 0A;
    4816 : B6;
    4817 : 0A;
    4818 : 92;
    4819 : 92;
    4820 : 49;
    4821 : 0A;
    4822 : 17;
    4823 : 6E;
    4824 : B6;
    4825 : 96;
    4826 : B6;
    4827 : 13;
    4828 : 92;
    4829 : 92;
    4830 : 6D;
    4831 : B6;
    4832 : 96;
    4833 : B7;
    4834 : 0A;
    4835 : 17;
    4836 : 0A;
    4837 : B6;
    4838 : 92;
    4839 : 92;
    4840 : 92;
    4841 : 92;
    4842 : B6;
    4843 : 0A;
    4844 : 92;
    4845 : 92;
    4846 : B6;
    4847 : BB;
    4848 : B6;
    4849 : 0A;
    4850 : B6;
    4851 : B7;
    4852 : 13;
    4853 : 5B;
    4854 : 92;
    4855 : B6;
    4856 : 92;
    4857 : BB;
    4858 : 92;
    4859 : 92;
    4860 : B7;
    4861 : 6E;
    4862 : 96;
    4863 : DB;
    4864 : 30;
    4865 : 30;
    4866 : 30;
    4867 : 30;
    4868 : 30;
    4869 : 30;
    4870 : 30;
    4871 : 30;
    4872 : 8C;
    4873 : 34;
    4874 : 30;
    4875 : 68;
    4876 : 30;
    4877 : 44;
    4878 : 34;
    4879 : 34;
    4880 : 8C;
    4881 : 68;
    4882 : AC;
    4883 : AC;
    4884 : AC;
    4885 : 68;
    4886 : AC;
    4887 : 8C;
    4888 : AC;
    4889 : AC;
    4890 : D0;
    4891 : F5;
    4892 : F5;
    4893 : D0;
    4894 : AC;
    4895 : AC;
    4896 : F9;
    4897 : F9;
    4898 : F9;
    4899 : F9;
    4900 : F9;
    4901 : F9;
    4902 : F9;
    4903 : F9;
    4904 : F9;
    4905 : F9;
    4906 : F9;
    4907 : F9;
    4908 : F9;
    4909 : F9;
    4910 : F9;
    4911 : F5;
    4912 : F9;
    4913 : F9;
    4914 : F5;
    4915 : D1;
    4916 : D5;
    4917 : F5;
    4918 : F9;
    4919 : F9;
    4920 : D1;
    4921 : D5;
    4922 : D1;
    4923 : D1;
    4924 : D5;
    4925 : D1;
    4926 : D1;
    4927 : D5;
    4928 : 34;
    4929 : 34;
    4930 : 30;
    4931 : 30;
    4932 : 30;
    4933 : 30;
    4934 : 34;
    4935 : 30;
    4936 : 34;
    4937 : 34;
    4938 : 30;
    4939 : 94;
    4940 : 94;
    4941 : 34;
    4942 : 34;
    4943 : 34;
    4944 : 34;
    4945 : 94;
    4946 : 94;
    4947 : 30;
    4948 : 30;
    4949 : 34;
    4950 : 34;
    4951 : 34;
    4952 : 14;
    4953 : 94;
    4954 : 94;
    4955 : 94;
    4956 : 30;
    4957 : 30;
    4958 : 30;
    4959 : 14;
    4960 : 34;
    4961 : 94;
    4962 : 98;
    4963 : 38;
    4964 : 30;
    4965 : 34;
    4966 : 34;
    4967 : 14;
    4968 : 14;
    4969 : 34;
    4970 : 30;
    4971 : 30;
    4972 : 34;
    4973 : 34;
    4974 : 34;
    4975 : 14;
    4976 : 34;
    4977 : 38;
    4978 : 34;
    4979 : 30;
    4980 : 94;
    4981 : 94;
    4982 : 94;
    4983 : 34;
    4984 : 30;
    4985 : 34;
    4986 : 30;
    4987 : 30;
    4988 : 94;
    4989 : 94;
    4990 : 94;
    4991 : 30;
    4992 : FF;
    4993 : CD;
    4994 : CD;
    4995 : CD;
    4996 : CD;
    4997 : CD;
    4998 : CD;
    4999 : FF;
    5000 : CD;
    5001 : E0;
    5002 : FF;
    5003 : FF;
    5004 : FF;
    5005 : FF;
    5006 : E0;
    5007 : A0;
    5008 : CD;
    5009 : FF;
    5010 : FF;
    5011 : FF;
    5012 : FF;
    5013 : E0;
    5014 : FF;
    5015 : A0;
    5016 : CD;
    5017 : FF;
    5018 : FF;
    5019 : C4;
    5020 : E0;
    5021 : FF;
    5022 : FF;
    5023 : A0;
    5024 : CD;
    5025 : FF;
    5026 : C4;
    5027 : C0;
    5028 : FF;
    5029 : FF;
    5030 : FF;
    5031 : A0;
    5032 : CD;
    5033 : C4;
    5034 : C0;
    5035 : FF;
    5036 : FF;
    5037 : FF;
    5038 : C9;
    5039 : A0;
    5040 : CD;
    5041 : E0;
    5042 : FF;
    5043 : FF;
    5044 : FF;
    5045 : FF;
    5046 : E0;
    5047 : A0;
    5048 : FF;
    5049 : A0;
    5050 : A0;
    5051 : A0;
    5052 : A0;
    5053 : A0;
    5054 : A0;
    5055 : FF;
    5056 : 10;
    5057 : 10;
    5058 : 10;
    5059 : 10;
    5060 : 10;
    5061 : 10;
    5062 : 10;
    5063 : 10;
    5064 : 10;
    5065 : 10;
    5066 : 10;
    5067 : 10;
    5068 : 10;
    5069 : 10;
    5070 : 10;
    5071 : 10;
    5072 : 10;
    5073 : 10;
    5074 : 10;
    5075 : 10;
    5076 : 10;
    5077 : 10;
    5078 : 10;
    5079 : 10;
    5080 : 10;
    5081 : 10;
    5082 : 10;
    5083 : 10;
    5084 : 10;
    5085 : 10;
    5086 : 10;
    5087 : 10;
    5088 : 10;
    5089 : 10;
    5090 : 10;
    5091 : 10;
    5092 : 10;
    5093 : 10;
    5094 : 10;
    5095 : 10;
    5096 : 10;
    5097 : 10;
    5098 : 10;
    5099 : 10;
    5100 : 10;
    5101 : 10;
    5102 : 10;
    5103 : 10;
    5104 : 10;
    5105 : 10;
    5106 : 10;
    5107 : 10;
    5108 : 10;
    5109 : 10;
    5110 : 10;
    5111 : 10;
    5112 : 10;
    5113 : 10;
    5114 : 10;
    5115 : 10;
    5116 : 10;
    5117 : 10;
    5118 : 10;
    5119 : 10;
    5120 : 24;
    5121 : 24;
    5122 : 24;
    5123 : 24;
    5124 : 24;
    5125 : 24;
    5126 : 24;
    5127 : 24;
    5128 : 20;
    5129 : 24;
    5130 : 20;
    5131 : 20;
    5132 : 20;
    5133 : 20;
    5134 : 20;
    5135 : 20;
    5136 : 20;
    5137 : 20;
    5138 : 24;
    5139 : 20;
    5140 : 20;
    5141 : 24;
    5142 : 24;
    5143 : 20;
    5144 : 20;
    5145 : 20;
    5146 : 20;
    5147 : 20;
    5148 : 20;
    5149 : 20;
    5150 : 24;
    5151 : 20;
    5152 : 20;
    5153 : 20;
    5154 : 20;
    5155 : 20;
    5156 : 20;
    5157 : 20;
    5158 : 20;
    5159 : 20;
    5160 : 20;
    5161 : 20;
    5162 : 24;
    5163 : 20;
    5164 : 20;
    5165 : 20;
    5166 : 24;
    5167 : 20;
    5168 : 20;
    5169 : 20;
    5170 : 24;
    5171 : 24;
    5172 : 20;
    5173 : 24;
    5174 : 24;
    5175 : 20;
    5176 : 20;
    5177 : 20;
    5178 : 20;
    5179 : 20;
    5180 : 20;
    5181 : 20;
    5182 : 20;
    5183 : 20;
    5184 : 06;
    5185 : 06;
    5186 : 06;
    5187 : 06;
    5188 : 06;
    5189 : 06;
    5190 : 06;
    5191 : 07;
    5192 : 06;
    5193 : 07;
    5194 : 07;
    5195 : 06;
    5196 : 07;
    5197 : 07;
    5198 : 06;
    5199 : 07;
    5200 : 06;
    5201 : 07;
    5202 : 07;
    5203 : 06;
    5204 : 06;
    5205 : 07;
    5206 : 06;
    5207 : 07;
    5208 : 06;
    5209 : 07;
    5210 : 06;
    5211 : 06;
    5212 : 06;
    5213 : 06;
    5214 : 06;
    5215 : 07;
    5216 : 06;
    5217 : 06;
    5218 : 06;
    5219 : 06;
    5220 : 06;
    5221 : 06;
    5222 : 06;
    5223 : 07;
    5224 : 06;
    5225 : 07;
    5226 : 06;
    5227 : 06;
    5228 : 06;
    5229 : 07;
    5230 : 06;
    5231 : 07;
    5232 : 06;
    5233 : 07;
    5234 : 07;
    5235 : 06;
    5236 : 07;
    5237 : 07;
    5238 : 06;
    5239 : 07;
    5240 : 06;
    5241 : 06;
    5242 : 06;
    5243 : 06;
    5244 : 06;
    5245 : 06;
    5246 : 06;
    5247 : 07;
    5248 : 64;
    5249 : 44;
    5250 : 44;
    5251 : 44;
    5252 : 44;
    5253 : 44;
    5254 : 44;
    5255 : 64;
    5256 : 64;
    5257 : 44;
    5258 : 64;
    5259 : 44;
    5260 : 64;
    5261 : 64;
    5262 : 44;
    5263 : 64;
    5264 : 64;
    5265 : 44;
    5266 : 64;
    5267 : 44;
    5268 : 44;
    5269 : 64;
    5270 : 44;
    5271 : 64;
    5272 : 64;
    5273 : 44;
    5274 : 44;
    5275 : 44;
    5276 : 44;
    5277 : 44;
    5278 : 44;
    5279 : 64;
    5280 : 64;
    5281 : 44;
    5282 : 44;
    5283 : 44;
    5284 : 44;
    5285 : 44;
    5286 : 44;
    5287 : 64;
    5288 : 64;
    5289 : 44;
    5290 : 44;
    5291 : 44;
    5292 : 44;
    5293 : 44;
    5294 : 44;
    5295 : 64;
    5296 : 64;
    5297 : 44;
    5298 : 64;
    5299 : 44;
    5300 : 64;
    5301 : 64;
    5302 : 44;
    5303 : 64;
    5304 : 64;
    5305 : 44;
    5306 : 44;
    5307 : 44;
    5308 : 44;
    5309 : 44;
    5310 : 44;
    5311 : 64;
    5312 : 16;
    5313 : 16;
    5314 : 16;
    5315 : 16;
    5316 : 16;
    5317 : 16;
    5318 : 16;
    5319 : 16;
    5320 : 16;
    5321 : 16;
    5322 : 16;
    5323 : 16;
    5324 : 16;
    5325 : 16;
    5326 : 16;
    5327 : 16;
    5328 : 16;
    5329 : 16;
    5330 : 16;
    5331 : 16;
    5332 : 16;
    5333 : 16;
    5334 : 16;
    5335 : 16;
    5336 : 16;
    5337 : 16;
    5338 : 16;
    5339 : 16;
    5340 : 16;
    5341 : 16;
    5342 : 16;
    5343 : 16;
    5344 : 16;
    5345 : 16;
    5346 : 16;
    5347 : 16;
    5348 : 16;
    5349 : 16;
    5350 : 16;
    5351 : 16;
    5352 : 16;
    5353 : 16;
    5354 : 16;
    5355 : 16;
    5356 : 16;
    5357 : 16;
    5358 : 16;
    5359 : 16;
    5360 : 16;
    5361 : 16;
    5362 : 16;
    5363 : 16;
    5364 : 16;
    5365 : 16;
    5366 : 16;
    5367 : 16;
    5368 : 16;
    5369 : 16;
    5370 : 16;
    5371 : 16;
    5372 : 16;
    5373 : 16;
    5374 : 16;
    5375 : 16;
    5376 : 90;
    5377 : 90;
    5378 : 90;
    5379 : 90;
    5380 : 90;
    5381 : 90;
    5382 : 90;
    5383 : 90;
    5384 : 90;
    5385 : 94;
    5386 : 94;
    5387 : 94;
    5388 : 90;
    5389 : 94;
    5390 : 94;
    5391 : 90;
    5392 : 90;
    5393 : 94;
    5394 : 90;
    5395 : 90;
    5396 : 90;
    5397 : 90;
    5398 : 94;
    5399 : 90;
    5400 : 90;
    5401 : 90;
    5402 : 90;
    5403 : 90;
    5404 : 90;
    5405 : 90;
    5406 : 90;
    5407 : 90;
    5408 : 90;
    5409 : 90;
    5410 : 90;
    5411 : 90;
    5412 : 90;
    5413 : 90;
    5414 : 90;
    5415 : 90;
    5416 : 90;
    5417 : 94;
    5418 : 90;
    5419 : 90;
    5420 : 90;
    5421 : 90;
    5422 : 94;
    5423 : 90;
    5424 : 90;
    5425 : 94;
    5426 : 94;
    5427 : 94;
    5428 : 90;
    5429 : 94;
    5430 : 94;
    5431 : 90;
    5432 : 90;
    5433 : 90;
    5434 : 90;
    5435 : 90;
    5436 : 90;
    5437 : 90;
    5438 : 90;
    5439 : 90;
    5440 : 12;
    5441 : 12;
    5442 : 12;
    5443 : 12;
    5444 : 12;
    5445 : 12;
    5446 : 12;
    5447 : 12;
    5448 : 12;
    5449 : 17;
    5450 : 17;
    5451 : 12;
    5452 : 12;
    5453 : 17;
    5454 : 17;
    5455 : 12;
    5456 : 12;
    5457 : 17;
    5458 : 12;
    5459 : 12;
    5460 : 12;
    5461 : 12;
    5462 : 17;
    5463 : 12;
    5464 : 12;
    5465 : 12;
    5466 : 12;
    5467 : 12;
    5468 : 12;
    5469 : 12;
    5470 : 12;
    5471 : 12;
    5472 : 12;
    5473 : 17;
    5474 : 12;
    5475 : 12;
    5476 : 12;
    5477 : 12;
    5478 : 17;
    5479 : 12;
    5480 : 12;
    5481 : 17;
    5482 : 17;
    5483 : 12;
    5484 : 12;
    5485 : 17;
    5486 : 17;
    5487 : 12;
    5488 : 12;
    5489 : 17;
    5490 : 17;
    5491 : 12;
    5492 : 12;
    5493 : 17;
    5494 : 17;
    5495 : 12;
    5496 : 12;
    5497 : 12;
    5498 : 12;
    5499 : 12;
    5500 : 12;
    5501 : 12;
    5502 : 12;
    5503 : 12;
    5504 : 82;
    5505 : 82;
    5506 : 82;
    5507 : 82;
    5508 : 82;
    5509 : 82;
    5510 : 82;
    5511 : 82;
    5512 : 82;
    5513 : A3;
    5514 : A3;
    5515 : A3;
    5516 : 82;
    5517 : A3;
    5518 : A3;
    5519 : 82;
    5520 : 82;
    5521 : A3;
    5522 : A3;
    5523 : 82;
    5524 : 82;
    5525 : A3;
    5526 : A3;
    5527 : 82;
    5528 : 82;
    5529 : A3;
    5530 : 82;
    5531 : 82;
    5532 : 82;
    5533 : 82;
    5534 : A3;
    5535 : 82;
    5536 : 82;
    5537 : 82;
    5538 : 82;
    5539 : 82;
    5540 : 82;
    5541 : 82;
    5542 : 82;
    5543 : 82;
    5544 : 82;
    5545 : A3;
    5546 : 82;
    5547 : 82;
    5548 : 82;
    5549 : 82;
    5550 : A3;
    5551 : 82;
    5552 : 82;
    5553 : A3;
    5554 : A3;
    5555 : A3;
    5556 : 82;
    5557 : A3;
    5558 : A3;
    5559 : 82;
    5560 : 82;
    5561 : 82;
    5562 : 82;
    5563 : 82;
    5564 : 82;
    5565 : 82;
    5566 : 82;
    5567 : 82;
    5568 : 62;
    5569 : 62;
    5570 : 62;
    5571 : 62;
    5572 : 62;
    5573 : 62;
    5574 : 62;
    5575 : 62;
    5576 : 62;
    5577 : 62;
    5578 : 83;
    5579 : 83;
    5580 : 62;
    5581 : 83;
    5582 : 83;
    5583 : 62;
    5584 : 62;
    5585 : 62;
    5586 : 83;
    5587 : 62;
    5588 : 62;
    5589 : 62;
    5590 : 83;
    5591 : 62;
    5592 : 62;
    5593 : 62;
    5594 : 62;
    5595 : 62;
    5596 : 62;
    5597 : 62;
    5598 : 62;
    5599 : 62;
    5600 : 62;
    5601 : 62;
    5602 : 62;
    5603 : 62;
    5604 : 62;
    5605 : 62;
    5606 : 62;
    5607 : 62;
    5608 : 62;
    5609 : 62;
    5610 : 83;
    5611 : 62;
    5612 : 62;
    5613 : 62;
    5614 : 83;
    5615 : 62;
    5616 : 62;
    5617 : 62;
    5618 : 83;
    5619 : 83;
    5620 : 62;
    5621 : 83;
    5622 : 83;
    5623 : 62;
    5624 : 62;
    5625 : 62;
    5626 : 62;
    5627 : 62;
    5628 : 62;
    5629 : 62;
    5630 : 62;
    5631 : 62;
    5632 : C4;
    5633 : A0;
    5634 : A0;
    5635 : A0;
    5636 : A0;
    5637 : A0;
    5638 : A0;
    5639 : A0;
    5640 : C4;
    5641 : A0;
    5642 : C4;
    5643 : C4;
    5644 : A0;
    5645 : C4;
    5646 : C4;
    5647 : A0;
    5648 : C4;
    5649 : A0;
    5650 : C4;
    5651 : A0;
    5652 : A0;
    5653 : A0;
    5654 : C4;
    5655 : A0;
    5656 : C4;
    5657 : A0;
    5658 : A0;
    5659 : A0;
    5660 : A0;
    5661 : A0;
    5662 : A0;
    5663 : A0;
    5664 : C4;
    5665 : A0;
    5666 : A0;
    5667 : A0;
    5668 : A0;
    5669 : A0;
    5670 : C4;
    5671 : A0;
    5672 : C4;
    5673 : A0;
    5674 : C4;
    5675 : A0;
    5676 : A0;
    5677 : C4;
    5678 : C4;
    5679 : A0;
    5680 : C4;
    5681 : C4;
    5682 : A0;
    5683 : A0;
    5684 : A0;
    5685 : A0;
    5686 : A0;
    5687 : A0;
    5688 : C4;
    5689 : A0;
    5690 : A0;
    5691 : A0;
    5692 : A0;
    5693 : A0;
    5694 : A0;
    5695 : A0;
    5696 : 69;
    5697 : 69;
    5698 : 69;
    5699 : 69;
    5700 : 69;
    5701 : 69;
    5702 : 69;
    5703 : 69;
    5704 : 69;
    5705 : 6D;
    5706 : 6D;
    5707 : 6D;
    5708 : 6D;
    5709 : 6D;
    5710 : 6D;
    5711 : 69;
    5712 : 69;
    5713 : 6D;
    5714 : 69;
    5715 : 69;
    5716 : 69;
    5717 : 69;
    5718 : 6D;
    5719 : 69;
    5720 : 69;
    5721 : 6D;
    5722 : 69;
    5723 : 69;
    5724 : 69;
    5725 : 69;
    5726 : 6D;
    5727 : 69;
    5728 : 69;
    5729 : 69;
    5730 : 69;
    5731 : 69;
    5732 : 69;
    5733 : 69;
    5734 : 69;
    5735 : 69;
    5736 : 69;
    5737 : 6D;
    5738 : 69;
    5739 : 69;
    5740 : 69;
    5741 : 69;
    5742 : 6D;
    5743 : 69;
    5744 : 69;
    5745 : 6D;
    5746 : 6D;
    5747 : 6D;
    5748 : 6D;
    5749 : 6D;
    5750 : 6D;
    5751 : 69;
    5752 : 69;
    5753 : 69;
    5754 : 69;
    5755 : 69;
    5756 : 69;
    5757 : 69;
    5758 : 69;
    5759 : 69;
    5760 : D6;
    5761 : D6;
    5762 : D6;
    5763 : D6;
    5764 : D6;
    5765 : D6;
    5766 : D6;
    5767 : D6;
    5768 : D6;
    5769 : FA;
    5770 : FA;
    5771 : FA;
    5772 : D6;
    5773 : FA;
    5774 : FA;
    5775 : D6;
    5776 : D6;
    5777 : FA;
    5778 : D6;
    5779 : D6;
    5780 : D6;
    5781 : D6;
    5782 : FA;
    5783 : D6;
    5784 : D6;
    5785 : D6;
    5786 : D6;
    5787 : D6;
    5788 : D6;
    5789 : D6;
    5790 : D6;
    5791 : D6;
    5792 : D6;
    5793 : FA;
    5794 : D6;
    5795 : D6;
    5796 : D6;
    5797 : D6;
    5798 : FA;
    5799 : D6;
    5800 : D6;
    5801 : FA;
    5802 : D6;
    5803 : D6;
    5804 : D6;
    5805 : D6;
    5806 : FA;
    5807 : D6;
    5808 : D6;
    5809 : FA;
    5810 : FA;
    5811 : FA;
    5812 : D6;
    5813 : FA;
    5814 : FA;
    5815 : D6;
    5816 : D6;
    5817 : D6;
    5818 : D6;
    5819 : D6;
    5820 : D6;
    5821 : D6;
    5822 : D6;
    5823 : D6;
    5824 : D4;
    5825 : D4;
    5826 : D4;
    5827 : D4;
    5828 : D4;
    5829 : D4;
    5830 : D4;
    5831 : D4;
    5832 : D4;
    5833 : D4;
    5834 : D4;
    5835 : D4;
    5836 : D4;
    5837 : D4;
    5838 : D4;
    5839 : D4;
    5840 : D4;
    5841 : D4;
    5842 : D4;
    5843 : D4;
    5844 : D4;
    5845 : D4;
    5846 : D4;
    5847 : D4;
    5848 : D4;
    5849 : D4;
    5850 : D4;
    5851 : D4;
    5852 : D4;
    5853 : D4;
    5854 : D4;
    5855 : D4;
    5856 : D4;
    5857 : D4;
    5858 : D4;
    5859 : D4;
    5860 : D4;
    5861 : D4;
    5862 : D4;
    5863 : D4;
    5864 : D4;
    5865 : D4;
    5866 : D4;
    5867 : D4;
    5868 : D4;
    5869 : D4;
    5870 : D4;
    5871 : D4;
    5872 : D4;
    5873 : D4;
    5874 : D4;
    5875 : D4;
    5876 : D4;
    5877 : D4;
    5878 : D4;
    5879 : D4;
    5880 : D4;
    5881 : D4;
    5882 : D4;
    5883 : D4;
    5884 : D4;
    5885 : D4;
    5886 : D4;
    5887 : D4;
    5888 : FE;
    5889 : FE;
    5890 : FE;
    5891 : 68;
    5892 : 44;
    5893 : FE;
    5894 : FE;
    5895 : FE;
    5896 : FE;
    5897 : FE;
    5898 : FD;
    5899 : 68;
    5900 : 44;
    5901 : FE;
    5902 : FD;
    5903 : FE;
    5904 : FE;
    5905 : FD;
    5906 : FE;
    5907 : 68;
    5908 : 44;
    5909 : FD;
    5910 : FE;
    5911 : FE;
    5912 : 68;
    5913 : 68;
    5914 : 68;
    5915 : 68;
    5916 : 68;
    5917 : 68;
    5918 : 68;
    5919 : 68;
    5920 : FE;
    5921 : FE;
    5922 : FE;
    5923 : 68;
    5924 : 44;
    5925 : FE;
    5926 : FE;
    5927 : FE;
    5928 : FE;
    5929 : FE;
    5930 : FD;
    5931 : 68;
    5932 : 44;
    5933 : FE;
    5934 : FD;
    5935 : FE;
    5936 : FE;
    5937 : FD;
    5938 : FE;
    5939 : 68;
    5940 : 44;
    5941 : FD;
    5942 : FE;
    5943 : FE;
    5944 : FE;
    5945 : FE;
    5946 : FE;
    5947 : 68;
    5948 : 44;
    5949 : FE;
    5950 : FE;
    5951 : FE;
    5952 : FF;
    5953 : FF;
    5954 : FF;
    5955 : FF;
    5956 : FF;
    5957 : FF;
    5958 : FF;
    5959 : FF;
    5960 : FF;
    5961 : FF;
    5962 : FF;
    5963 : FF;
    5964 : FF;
    5965 : 00;
    5966 : FF;
    5967 : FF;
    5968 : FF;
    5969 : FF;
    5970 : FF;
    5971 : FF;
    5972 : FF;
    5973 : 00;
    5974 : FF;
    5975 : FF;
    5976 : FF;
    5977 : FF;
    5978 : FF;
    5979 : FF;
    5980 : FF;
    5981 : 00;
    5982 : FF;
    5983 : FF;
    5984 : FF;
    5985 : FF;
    5986 : FF;
    5987 : FF;
    5988 : FF;
    5989 : 00;
    5990 : FF;
    5991 : FF;
    5992 : FF;
    5993 : FF;
    5994 : 00;
    5995 : 00;
    5996 : 00;
    5997 : 00;
    5998 : FF;
    5999 : FF;
    6000 : FF;
    6001 : FF;
    6002 : 00;
    6003 : 00;
    6004 : 00;
    6005 : FF;
    6006 : FF;
    6007 : FF;
    6008 : FF;
    6009 : FF;
    6010 : FF;
    6011 : FF;
    6012 : FF;
    6013 : FF;
    6014 : FF;
    6015 : FF;
    6016 : B6;
    6017 : B6;
    6018 : B6;
    6019 : B6;
    6020 : B6;
    6021 : B6;
    6022 : B6;
    6023 : B6;
    6024 : B6;
    6025 : B6;
    6026 : B6;
    6027 : 92;
    6028 : B6;
    6029 : B6;
    6030 : B6;
    6031 : B6;
    6032 : B6;
    6033 : B6;
    6034 : B6;
    6035 : 92;
    6036 : B6;
    6037 : B6;
    6038 : B6;
    6039 : B6;
    6040 : B6;
    6041 : 92;
    6042 : 92;
    6043 : 92;
    6044 : B6;
    6045 : 92;
    6046 : 92;
    6047 : B6;
    6048 : B6;
    6049 : B6;
    6050 : B6;
    6051 : B6;
    6052 : B6;
    6053 : B6;
    6054 : B6;
    6055 : B6;
    6056 : B6;
    6057 : B6;
    6058 : B6;
    6059 : 92;
    6060 : B6;
    6061 : B6;
    6062 : B6;
    6063 : B6;
    6064 : B6;
    6065 : B6;
    6066 : B6;
    6067 : 92;
    6068 : B6;
    6069 : B6;
    6070 : B6;
    6071 : B6;
    6072 : B6;
    6073 : B6;
    6074 : B6;
    6075 : B6;
    6076 : B6;
    6077 : B6;
    6078 : B6;
    6079 : B6;
    6080 : 44;
    6081 : 64;
    6082 : 68;
    6083 : 68;
    6084 : 68;
    6085 : 68;
    6086 : 68;
    6087 : 44;
    6088 : 64;
    6089 : 68;
    6090 : 68;
    6091 : 68;
    6092 : 68;
    6093 : 68;
    6094 : 68;
    6095 : 64;
    6096 : 68;
    6097 : 68;
    6098 : 68;
    6099 : 68;
    6100 : 68;
    6101 : 68;
    6102 : 68;
    6103 : 68;
    6104 : 68;
    6105 : 68;
    6106 : 68;
    6107 : 68;
    6108 : 68;
    6109 : 68;
    6110 : 68;
    6111 : 68;
    6112 : 68;
    6113 : 68;
    6114 : 68;
    6115 : 68;
    6116 : 64;
    6117 : 68;
    6118 : 68;
    6119 : 68;
    6120 : 68;
    6121 : 68;
    6122 : 68;
    6123 : 68;
    6124 : 68;
    6125 : 68;
    6126 : 68;
    6127 : 68;
    6128 : 64;
    6129 : 68;
    6130 : 68;
    6131 : 68;
    6132 : 68;
    6133 : 68;
    6134 : 68;
    6135 : 64;
    6136 : 44;
    6137 : 64;
    6138 : 68;
    6139 : 68;
    6140 : 68;
    6141 : 68;
    6142 : 68;
    6143 : 44;
    6144 : 49;
    6145 : 44;
    6146 : 44;
    6147 : 44;
    6148 : 44;
    6149 : 44;
    6150 : 44;
    6151 : 44;
    6152 : 20;
    6153 : 20;
    6154 : 20;
    6155 : 20;
    6156 : 20;
    6157 : 20;
    6158 : 20;
    6159 : 20;
    6160 : 68;
    6161 : 44;
    6162 : 68;
    6163 : 68;
    6164 : 68;
    6165 : 68;
    6166 : 68;
    6167 : 68;
    6168 : 44;
    6169 : 24;
    6170 : 24;
    6171 : 44;
    6172 : 44;
    6173 : 44;
    6174 : 44;
    6175 : 44;
    6176 : 68;
    6177 : 68;
    6178 : 68;
    6179 : 68;
    6180 : 68;
    6181 : 44;
    6182 : 20;
    6183 : 68;
    6184 : 44;
    6185 : 44;
    6186 : 44;
    6187 : 44;
    6188 : 44;
    6189 : 24;
    6190 : 20;
    6191 : 44;
    6192 : 68;
    6193 : 68;
    6194 : 68;
    6195 : 68;
    6196 : 68;
    6197 : 68;
    6198 : 68;
    6199 : 68;
    6200 : 24;
    6201 : 44;
    6202 : 44;
    6203 : 44;
    6204 : 44;
    6205 : 44;
    6206 : 44;
    6207 : 44;
    6208 : D5;
    6209 : D5;
    6210 : D5;
    6211 : B1;
    6212 : B1;
    6213 : B1;
    6214 : B1;
    6215 : B1;
    6216 : B1;
    6217 : B1;
    6218 : D5;
    6219 : D5;
    6220 : D5;
    6221 : D5;
    6222 : D5;
    6223 : D5;
    6224 : B1;
    6225 : B1;
    6226 : B1;
    6227 : B1;
    6228 : B1;
    6229 : D5;
    6230 : D5;
    6231 : D5;
    6232 : D5;
    6233 : D5;
    6234 : B1;
    6235 : B1;
    6236 : AD;
    6237 : B1;
    6238 : B1;
    6239 : D5;
    6240 : D5;
    6241 : FA;
    6242 : FA;
    6243 : FA;
    6244 : FA;
    6245 : FA;
    6246 : D1;
    6247 : D1;
    6248 : D5;
    6249 : D1;
    6250 : D1;
    6251 : D1;
    6252 : D1;
    6253 : D1;
    6254 : D5;
    6255 : D5;
    6256 : D5;
    6257 : D5;
    6258 : D5;
    6259 : D1;
    6260 : D1;
    6261 : D1;
    6262 : D1;
    6263 : D1;
    6264 : B1;
    6265 : B1;
    6266 : D5;
    6267 : D5;
    6268 : D5;
    6269 : D5;
    6270 : D5;
    6271 : D5;
    6272 : F5;
    6273 : F5;
    6274 : F5;
    6275 : F9;
    6276 : F9;
    6277 : F9;
    6278 : F5;
    6279 : F5;
    6280 : F5;
    6281 : F9;
    6282 : FA;
    6283 : F5;
    6284 : F5;
    6285 : F5;
    6286 : F9;
    6287 : F5;
    6288 : F9;
    6289 : F5;
    6290 : F9;
    6291 : F5;
    6292 : F5;
    6293 : FA;
    6294 : F5;
    6295 : F9;
    6296 : F9;
    6297 : F5;
    6298 : FA;
    6299 : FA;
    6300 : F5;
    6301 : F5;
    6302 : F5;
    6303 : F9;
    6304 : F9;
    6305 : F5;
    6306 : FA;
    6307 : FA;
    6308 : F5;
    6309 : F5;
    6310 : F5;
    6311 : F9;
    6312 : F5;
    6313 : FA;
    6314 : F5;
    6315 : FA;
    6316 : FA;
    6317 : F9;
    6318 : FA;
    6319 : F5;
    6320 : F5;
    6321 : F9;
    6322 : FA;
    6323 : F5;
    6324 : F5;
    6325 : F5;
    6326 : F9;
    6327 : F5;
    6328 : F5;
    6329 : F5;
    6330 : F5;
    6331 : F9;
    6332 : F9;
    6333 : F9;
    6334 : F5;
    6335 : F5;
    6336 : EC;
    6337 : F0;
    6338 : F0;
    6339 : A8;
    6340 : EC;
    6341 : F0;
    6342 : F0;
    6343 : EC;
    6344 : F4;
    6345 : EC;
    6346 : FC;
    6347 : EC;
    6348 : EC;
    6349 : FC;
    6350 : EC;
    6351 : F4;
    6352 : F4;
    6353 : EC;
    6354 : FD;
    6355 : EC;
    6356 : EC;
    6357 : FD;
    6358 : EC;
    6359 : F4;
    6360 : F4;
    6361 : EC;
    6362 : F4;
    6363 : F4;
    6364 : F4;
    6365 : FD;
    6366 : EC;
    6367 : F4;
    6368 : EC;
    6369 : FC;
    6370 : EC;
    6371 : F4;
    6372 : F4;
    6373 : FD;
    6374 : FC;
    6375 : EC;
    6376 : F4;
    6377 : FC;
    6378 : FD;
    6379 : FD;
    6380 : FD;
    6381 : FD;
    6382 : FC;
    6383 : F4;
    6384 : F0;
    6385 : F4;
    6386 : EC;
    6387 : EC;
    6388 : EC;
    6389 : F4;
    6390 : F4;
    6391 : F0;
    6392 : EC;
    6393 : F0;
    6394 : F0;
    6395 : A8;
    6396 : EC;
    6397 : F0;
    6398 : F0;
    6399 : EC;
    6400 : A8;
    6401 : EC;
    6402 : EC;
    6403 : 64;
    6404 : 64;
    6405 : EC;
    6406 : EC;
    6407 : A8;
    6408 : F0;
    6409 : F4;
    6410 : EC;
    6411 : EC;
    6412 : EC;
    6413 : EC;
    6414 : F4;
    6415 : F0;
    6416 : F4;
    6417 : EC;
    6418 : 20;
    6419 : F4;
    6420 : F4;
    6421 : 20;
    6422 : EC;
    6423 : F4;
    6424 : F4;
    6425 : EC;
    6426 : 20;
    6427 : F4;
    6428 : F4;
    6429 : 20;
    6430 : EC;
    6431 : F4;
    6432 : F4;
    6433 : EC;
    6434 : F4;
    6435 : F4;
    6436 : F4;
    6437 : F4;
    6438 : EC;
    6439 : F4;
    6440 : F4;
    6441 : 20;
    6442 : 20;
    6443 : 20;
    6444 : 20;
    6445 : 20;
    6446 : 20;
    6447 : F4;
    6448 : F4;
    6449 : EC;
    6450 : 20;
    6451 : 20;
    6452 : 20;
    6453 : 20;
    6454 : EC;
    6455 : F4;
    6456 : EC;
    6457 : F0;
    6458 : F0;
    6459 : F4;
    6460 : F4;
    6461 : F0;
    6462 : F0;
    6463 : EC;
    6464 : 0C;
    6465 : 58;
    6466 : 5C;
    6467 : 0C;
    6468 : 30;
    6469 : 5C;
    6470 : 58;
    6471 : 0C;
    6472 : 5C;
    6473 : 0C;
    6474 : 34;
    6475 : 0C;
    6476 : 30;
    6477 : 34;
    6478 : 0C;
    6479 : 5C;
    6480 : 5C;
    6481 : 5C;
    6482 : 0C;
    6483 : 0C;
    6484 : 0C;
    6485 : 0C;
    6486 : 5C;
    6487 : 5C;
    6488 : 30;
    6489 : 30;
    6490 : 0C;
    6491 : 30;
    6492 : 30;
    6493 : 0C;
    6494 : 0C;
    6495 : 0C;
    6496 : 58;
    6497 : 58;
    6498 : 30;
    6499 : 0C;
    6500 : 0C;
    6501 : 30;
    6502 : 58;
    6503 : 34;
    6504 : 5C;
    6505 : 0C;
    6506 : 30;
    6507 : 0C;
    6508 : 30;
    6509 : 0C;
    6510 : 30;
    6511 : 5C;
    6512 : 0C;
    6513 : 30;
    6514 : 5C;
    6515 : 0C;
    6516 : 30;
    6517 : 5C;
    6518 : 0C;
    6519 : 30;
    6520 : 30;
    6521 : 58;
    6522 : 5C;
    6523 : 0C;
    6524 : 30;
    6525 : 5C;
    6526 : 58;
    6527 : 30;
    6528 : 30;
    6529 : 58;
    6530 : 5C;
    6531 : 30;
    6532 : 58;
    6533 : 5C;
    6534 : 0C;
    6535 : 30;
    6536 : 0C;
    6537 : 34;
    6538 : 5C;
    6539 : 30;
    6540 : 58;
    6541 : 5C;
    6542 : 0C;
    6543 : 0C;
    6544 : 0C;
    6545 : 34;
    6546 : 5C;
    6547 : 0C;
    6548 : 34;
    6549 : 5C;
    6550 : 30;
    6551 : 0C;
    6552 : 0C;
    6553 : 34;
    6554 : 5C;
    6555 : 0C;
    6556 : 34;
    6557 : 5C;
    6558 : 30;
    6559 : 0C;
    6560 : 0C;
    6561 : 58;
    6562 : 5C;
    6563 : 0C;
    6564 : 58;
    6565 : 5C;
    6566 : 30;
    6567 : 0C;
    6568 : 30;
    6569 : 58;
    6570 : 5C;
    6571 : 0C;
    6572 : 58;
    6573 : 5C;
    6574 : 0C;
    6575 : 30;
    6576 : 30;
    6577 : 58;
    6578 : 5C;
    6579 : 30;
    6580 : 58;
    6581 : 5C;
    6582 : 0C;
    6583 : 30;
    6584 : 30;
    6585 : 58;
    6586 : 5C;
    6587 : 30;
    6588 : 58;
    6589 : 5C;
    6590 : 0C;
    6591 : 30;
    6592 : B6;
    6593 : 51;
    6594 : B6;
    6595 : 51;
    6596 : DB;
    6597 : B6;
    6598 : 51;
    6599 : B6;
    6600 : B6;
    6601 : B6;
    6602 : B6;
    6603 : 92;
    6604 : DB;
    6605 : B6;
    6606 : DB;
    6607 : B6;
    6608 : DB;
    6609 : B6;
    6610 : DB;
    6611 : 92;
    6612 : B6;
    6613 : B6;
    6614 : DB;
    6615 : DB;
    6616 : B6;
    6617 : B6;
    6618 : B6;
    6619 : 51;
    6620 : DB;
    6621 : B6;
    6622 : DB;
    6623 : DB;
    6624 : DB;
    6625 : 75;
    6626 : DB;
    6627 : DB;
    6628 : 75;
    6629 : 75;
    6630 : DB;
    6631 : 51;
    6632 : DB;
    6633 : B6;
    6634 : DB;
    6635 : DB;
    6636 : B6;
    6637 : B6;
    6638 : DB;
    6639 : 51;
    6640 : B6;
    6641 : DB;
    6642 : B6;
    6643 : B6;
    6644 : B6;
    6645 : DB;
    6646 : B6;
    6647 : 92;
    6648 : B6;
    6649 : B6;
    6650 : B6;
    6651 : DB;
    6652 : DB;
    6653 : B6;
    6654 : B6;
    6655 : 2C;
    6656 : C0;
    6657 : C0;
    6658 : C0;
    6659 : C0;
    6660 : C0;
    6661 : C0;
    6662 : C0;
    6663 : C0;
    6664 : C0;
    6665 : FF;
    6666 : DB;
    6667 : C0;
    6668 : C0;
    6669 : C0;
    6670 : C0;
    6671 : C0;
    6672 : C0;
    6673 : DB;
    6674 : C0;
    6675 : C0;
    6676 : C0;
    6677 : C0;
    6678 : C0;
    6679 : C0;
    6680 : C0;
    6681 : C0;
    6682 : C0;
    6683 : C0;
    6684 : C0;
    6685 : FF;
    6686 : FF;
    6687 : DB;
    6688 : C0;
    6689 : C0;
    6690 : C0;
    6691 : C0;
    6692 : C0;
    6693 : FF;
    6694 : DB;
    6695 : DB;
    6696 : C0;
    6697 : C0;
    6698 : C0;
    6699 : C0;
    6700 : C0;
    6701 : C0;
    6702 : C0;
    6703 : C0;
    6704 : C0;
    6705 : C0;
    6706 : C0;
    6707 : FF;
    6708 : DB;
    6709 : C0;
    6710 : C0;
    6711 : C0;
    6712 : C0;
    6713 : C0;
    6714 : C0;
    6715 : DB;
    6716 : C0;
    6717 : C0;
    6718 : C0;
    6719 : C0;
    6720 : 18;
    6721 : 18;
    6722 : 18;
    6723 : 18;
    6724 : 18;
    6725 : 18;
    6726 : 18;
    6727 : 18;
    6728 : 18;
    6729 : 18;
    6730 : 18;
    6731 : 18;
    6732 : 18;
    6733 : FF;
    6734 : FF;
    6735 : 18;
    6736 : 18;
    6737 : 18;
    6738 : 18;
    6739 : 18;
    6740 : 18;
    6741 : FF;
    6742 : DB;
    6743 : 18;
    6744 : FF;
    6745 : FF;
    6746 : DB;
    6747 : 18;
    6748 : 18;
    6749 : 18;
    6750 : 18;
    6751 : 18;
    6752 : 18;
    6753 : DB;
    6754 : 18;
    6755 : 18;
    6756 : 18;
    6757 : 18;
    6758 : 18;
    6759 : 18;
    6760 : 18;
    6761 : 18;
    6762 : 18;
    6763 : 18;
    6764 : FF;
    6765 : 18;
    6766 : 18;
    6767 : 18;
    6768 : 18;
    6769 : 18;
    6770 : 18;
    6771 : FF;
    6772 : DB;
    6773 : 18;
    6774 : 18;
    6775 : 18;
    6776 : 18;
    6777 : 18;
    6778 : 18;
    6779 : 18;
    6780 : 18;
    6781 : 18;
    6782 : 18;
    6783 : 18;
    6784 : DB;
    6785 : B6;
    6786 : DB;
    6787 : 6D;
    6788 : DB;
    6789 : DB;
    6790 : DB;
    6791 : B6;
    6792 : DB;
    6793 : B6;
    6794 : DB;
    6795 : B6;
    6796 : DB;
    6797 : B6;
    6798 : DB;
    6799 : DB;
    6800 : DB;
    6801 : DB;
    6802 : DB;
    6803 : B6;
    6804 : B6;
    6805 : DB;
    6806 : DB;
    6807 : B6;
    6808 : DB;
    6809 : B6;
    6810 : 6D;
    6811 : DB;
    6812 : DB;
    6813 : DB;
    6814 : 6D;
    6815 : B6;
    6816 : DB;
    6817 : DA;
    6818 : DB;
    6819 : DB;
    6820 : B6;
    6821 : 6D;
    6822 : DA;
    6823 : DB;
    6824 : DB;
    6825 : DB;
    6826 : DB;
    6827 : DB;
    6828 : B6;
    6829 : B6;
    6830 : DB;
    6831 : DB;
    6832 : DB;
    6833 : DB;
    6834 : B6;
    6835 : B6;
    6836 : DB;
    6837 : DB;
    6838 : B6;
    6839 : DB;
    6840 : DB;
    6841 : 92;
    6842 : DB;
    6843 : DA;
    6844 : DB;
    6845 : B6;
    6846 : FF;
    6847 : DB;
    6848 : 00;
    6849 : 00;
    6850 : 00;
    6851 : 00;
    6852 : 00;
    6853 : 00;
    6854 : 00;
    6855 : 00;
    6856 : 00;
    6857 : 00;
    6858 : 00;
    6859 : 00;
    6860 : 00;
    6861 : 04;
    6862 : 04;
    6863 : 04;
    6864 : 00;
    6865 : 00;
    6866 : 00;
    6867 : 00;
    6868 : 00;
    6869 : 04;
    6870 : 04;
    6871 : 04;
    6872 : 00;
    6873 : 00;
    6874 : 00;
    6875 : 00;
    6876 : 00;
    6877 : 04;
    6878 : 04;
    6879 : 25;
    6880 : 00;
    6881 : 00;
    6882 : 00;
    6883 : 00;
    6884 : 00;
    6885 : 00;
    6886 : 00;
    6887 : 00;
    6888 : 00;
    6889 : 00;
    6890 : 00;
    6891 : 00;
    6892 : 00;
    6893 : 00;
    6894 : 00;
    6895 : 00;
    6896 : 00;
    6897 : 00;
    6898 : 00;
    6899 : 00;
    6900 : 00;
    6901 : 00;
    6902 : 00;
    6903 : 00;
    6904 : 00;
    6905 : 25;
    6906 : 00;
    6907 : 00;
    6908 : 00;
    6909 : 00;
    6910 : 25;
    6911 : 00;
    6912 : 34;
    6913 : 7D;
    6914 : 7D;
    6915 : 7D;
    6916 : 7D;
    6917 : 7D;
    6918 : 58;
    6919 : 34;
    6920 : 34;
    6921 : 7D;
    6922 : 7D;
    6923 : 7D;
    6924 : 7D;
    6925 : 7D;
    6926 : 58;
    6927 : 34;
    6928 : 04;
    6929 : 08;
    6930 : 08;
    6931 : 2C;
    6932 : 2C;
    6933 : 08;
    6934 : 04;
    6935 : 04;
    6936 : 30;
    6937 : 58;
    6938 : 58;
    6939 : 7D;
    6940 : 7D;
    6941 : 58;
    6942 : 34;
    6943 : 30;
    6944 : 30;
    6945 : 58;
    6946 : 58;
    6947 : 7D;
    6948 : 7D;
    6949 : 58;
    6950 : 34;
    6951 : 30;
    6952 : 30;
    6953 : 58;
    6954 : 58;
    6955 : 7D;
    6956 : 7D;
    6957 : 58;
    6958 : 34;
    6959 : 30;
    6960 : 30;
    6961 : 58;
    6962 : 58;
    6963 : 7D;
    6964 : 7D;
    6965 : 58;
    6966 : 34;
    6967 : 30;
    6968 : 30;
    6969 : 58;
    6970 : 58;
    6971 : 7D;
    6972 : 7D;
    6973 : 58;
    6974 : 34;
    6975 : 30;
    6976 : F5;
    6977 : F9;
    6978 : F9;
    6979 : F9;
    6980 : F9;
    6981 : F9;
    6982 : F9;
    6983 : F5;
    6984 : FE;
    6985 : FE;
    6986 : FE;
    6987 : FE;
    6988 : FE;
    6989 : FE;
    6990 : D0;
    6991 : FE;
    6992 : FD;
    6993 : FD;
    6994 : FD;
    6995 : FD;
    6996 : FD;
    6997 : FD;
    6998 : D0;
    6999 : FD;
    7000 : D0;
    7001 : D0;
    7002 : D0;
    7003 : D0;
    7004 : D4;
    7005 : D4;
    7006 : D0;
    7007 : D4;
    7008 : FE;
    7009 : FD;
    7010 : F9;
    7011 : F9;
    7012 : F9;
    7013 : F9;
    7014 : FD;
    7015 : FE;
    7016 : F9;
    7017 : F9;
    7018 : F9;
    7019 : F9;
    7020 : F9;
    7021 : F9;
    7022 : F9;
    7023 : F9;
    7024 : FE;
    7025 : FE;
    7026 : F9;
    7027 : FD;
    7028 : FD;
    7029 : F9;
    7030 : F9;
    7031 : FE;
    7032 : FD;
    7033 : FE;
    7034 : F9;
    7035 : F9;
    7036 : F9;
    7037 : F9;
    7038 : FD;
    7039 : FD;
    7040 : 84;
    7041 : 84;
    7042 : 84;
    7043 : 84;
    7044 : 84;
    7045 : 84;
    7046 : 84;
    7047 : 84;
    7048 : 40;
    7049 : 20;
    7050 : 20;
    7051 : 40;
    7052 : 40;
    7053 : 20;
    7054 : 20;
    7055 : 40;
    7056 : 40;
    7057 : FF;
    7058 : FF;
    7059 : FF;
    7060 : FF;
    7061 : 20;
    7062 : FF;
    7063 : 40;
    7064 : 40;
    7065 : 84;
    7066 : 40;
    7067 : FF;
    7068 : FF;
    7069 : FF;
    7070 : 20;
    7071 : 40;
    7072 : 40;
    7073 : 40;
    7074 : FF;
    7075 : FF;
    7076 : FF;
    7077 : FF;
    7078 : 84;
    7079 : 40;
    7080 : 40;
    7081 : FF;
    7082 : 20;
    7083 : FF;
    7084 : FF;
    7085 : 84;
    7086 : FF;
    7087 : 40;
    7088 : 40;
    7089 : FF;
    7090 : FF;
    7091 : 40;
    7092 : 84;
    7093 : FF;
    7094 : FF;
    7095 : 40;
    7096 : 40;
    7097 : 40;
    7098 : 40;
    7099 : 40;
    7100 : 40;
    7101 : 40;
    7102 : 40;
    7103 : 40;
    7104 : DF;
    7105 : DF;
    7106 : BE;
    7107 : 99;
    7108 : 99;
    7109 : 79;
    7110 : 79;
    7111 : 78;
    7112 : DF;
    7113 : BE;
    7114 : 99;
    7115 : 99;
    7116 : 79;
    7117 : 79;
    7118 : 78;
    7119 : 78;
    7120 : BE;
    7121 : 99;
    7122 : 99;
    7123 : 79;
    7124 : 79;
    7125 : 78;
    7126 : 78;
    7127 : 78;
    7128 : 99;
    7129 : 99;
    7130 : 79;
    7131 : 79;
    7132 : 78;
    7133 : 78;
    7134 : 78;
    7135 : 78;
    7136 : 99;
    7137 : 79;
    7138 : 79;
    7139 : 78;
    7140 : 78;
    7141 : 78;
    7142 : 78;
    7143 : 78;
    7144 : 79;
    7145 : 79;
    7146 : 78;
    7147 : 78;
    7148 : 78;
    7149 : 78;
    7150 : 78;
    7151 : 78;
    7152 : 79;
    7153 : 78;
    7154 : 78;
    7155 : 78;
    7156 : 78;
    7157 : 78;
    7158 : 78;
    7159 : 78;
    7160 : 78;
    7161 : 78;
    7162 : 78;
    7163 : 78;
    7164 : 78;
    7165 : 78;
    7166 : 78;
    7167 : 78;
    7168 : 92;
    7169 : 02;
    7170 : B7;
    7171 : 92;
    7172 : B6;
    7173 : B6;
    7174 : 02;
    7175 : 92;
    7176 : 01;
    7177 : 73;
    7178 : 01;
    7179 : B6;
    7180 : 92;
    7181 : 96;
    7182 : 01;
    7183 : BB;
    7184 : B6;
    7185 : 01;
    7186 : B6;
    7187 : B6;
    7188 : 92;
    7189 : 96;
    7190 : B7;
    7191 : B6;
    7192 : B6;
    7193 : 92;
    7194 : 92;
    7195 : B6;
    7196 : 92;
    7197 : 92;
    7198 : 92;
    7199 : 96;
    7200 : B6;
    7201 : 92;
    7202 : 92;
    7203 : 92;
    7204 : 02;
    7205 : 73;
    7206 : 73;
    7207 : B6;
    7208 : 92;
    7209 : 92;
    7210 : B6;
    7211 : B6;
    7212 : 07;
    7213 : 07;
    7214 : 07;
    7215 : 01;
    7216 : B6;
    7217 : 07;
    7218 : B6;
    7219 : B7;
    7220 : 6D;
    7221 : 01;
    7222 : 01;
    7223 : B6;
    7224 : 92;
    7225 : 6E;
    7226 : 92;
    7227 : 92;
    7228 : B7;
    7229 : BB;
    7230 : 96;
    7231 : DB;
    7232 : 07;
    7233 : 07;
    7234 : 07;
    7235 : 07;
    7236 : 07;
    7237 : 07;
    7238 : 07;
    7239 : 03;
    7240 : 07;
    7241 : 07;
    7242 : 07;
    7243 : 07;
    7244 : 07;
    7245 : 07;
    7246 : 07;
    7247 : 03;
    7248 : 07;
    7249 : 07;
    7250 : 07;
    7251 : 07;
    7252 : 07;
    7253 : 07;
    7254 : 07;
    7255 : 03;
    7256 : 07;
    7257 : 07;
    7258 : 07;
    7259 : 07;
    7260 : 07;
    7261 : 07;
    7262 : 07;
    7263 : 03;
    7264 : 07;
    7265 : 07;
    7266 : 07;
    7267 : 07;
    7268 : 07;
    7269 : 07;
    7270 : 07;
    7271 : 03;
    7272 : 07;
    7273 : 07;
    7274 : 07;
    7275 : 03;
    7276 : 03;
    7277 : 07;
    7278 : 07;
    7279 : 03;
    7280 : 07;
    7281 : 07;
    7282 : 03;
    7283 : 03;
    7284 : 03;
    7285 : 03;
    7286 : 07;
    7287 : 03;
    7288 : 07;
    7289 : 03;
    7290 : 03;
    7291 : 03;
    7292 : 03;
    7293 : 03;
    7294 : 03;
    7295 : 03;
    7296 : 24;
    7297 : F5;
    7298 : D4;
    7299 : D4;
    7300 : D4;
    7301 : D4;
    7302 : F5;
    7303 : F5;
    7304 : 24;
    7305 : 88;
    7306 : 88;
    7307 : 88;
    7308 : 88;
    7309 : 88;
    7310 : 88;
    7311 : F5;
    7312 : 24;
    7313 : 88;
    7314 : 24;
    7315 : 44;
    7316 : 44;
    7317 : 44;
    7318 : 24;
    7319 : D4;
    7320 : 24;
    7321 : 88;
    7322 : 44;
    7323 : 44;
    7324 : 44;
    7325 : 44;
    7326 : 24;
    7327 : D4;
    7328 : 24;
    7329 : 88;
    7330 : 44;
    7331 : 44;
    7332 : 44;
    7333 : 44;
    7334 : 24;
    7335 : D4;
    7336 : 24;
    7337 : 88;
    7338 : 44;
    7339 : 44;
    7340 : 44;
    7341 : 44;
    7342 : 24;
    7343 : D4;
    7344 : 24;
    7345 : 88;
    7346 : 24;
    7347 : 24;
    7348 : 24;
    7349 : 24;
    7350 : 24;
    7351 : D4;
    7352 : 24;
    7353 : D4;
    7354 : D4;
    7355 : D4;
    7356 : D4;
    7357 : D4;
    7358 : D4;
    7359 : B0;
    7360 : 8C;
    7361 : 8C;
    7362 : 8C;
    7363 : 8C;
    7364 : 8C;
    7365 : 8C;
    7366 : 8C;
    7367 : 8C;
    7368 : 68;
    7369 : 68;
    7370 : 68;
    7371 : 68;
    7372 : 68;
    7373 : 68;
    7374 : 68;
    7375 : 44;
    7376 : 8C;
    7377 : 88;
    7378 : B1;
    7379 : 8C;
    7380 : 8C;
    7381 : 8C;
    7382 : 8C;
    7383 : 8C;
    7384 : 68;
    7385 : 44;
    7386 : 44;
    7387 : 68;
    7388 : 68;
    7389 : 68;
    7390 : 68;
    7391 : 68;
    7392 : 8C;
    7393 : 8C;
    7394 : 8C;
    7395 : 8C;
    7396 : 8C;
    7397 : 8C;
    7398 : 44;
    7399 : 8C;
    7400 : 68;
    7401 : 68;
    7402 : 68;
    7403 : 68;
    7404 : 68;
    7405 : 68;
    7406 : 44;
    7407 : 68;
    7408 : B1;
    7409 : 8C;
    7410 : 8C;
    7411 : 8C;
    7412 : 8C;
    7413 : 8C;
    7414 : 8C;
    7415 : 8C;
    7416 : 44;
    7417 : 68;
    7418 : 68;
    7419 : 68;
    7420 : 68;
    7421 : 68;
    7422 : 68;
    7423 : 68;
    7424 : 14;
    7425 : 08;
    7426 : 08;
    7427 : 08;
    7428 : 08;
    7429 : 08;
    7430 : 38;
    7431 : 38;
    7432 : 58;
    7433 : 58;
    7434 : 0C;
    7435 : 10;
    7436 : 0C;
    7437 : 0C;
    7438 : 08;
    7439 : 58;
    7440 : 14;
    7441 : 0C;
    7442 : 0C;
    7443 : 10;
    7444 : 0C;
    7445 : 0C;
    7446 : 58;
    7447 : 58;
    7448 : 14;
    7449 : 08;
    7450 : 10;
    7451 : 10;
    7452 : 10;
    7453 : 0C;
    7454 : 0C;
    7455 : 58;
    7456 : 08;
    7457 : 0C;
    7458 : 10;
    7459 : 10;
    7460 : 10;
    7461 : 0C;
    7462 : 08;
    7463 : 08;
    7464 : 14;
    7465 : 10;
    7466 : 30;
    7467 : 34;
    7468 : 30;
    7469 : 30;
    7470 : 14;
    7471 : 14;
    7472 : 14;
    7473 : 10;
    7474 : 34;
    7475 : 34;
    7476 : 30;
    7477 : 08;
    7478 : 14;
    7479 : 14;
    7480 : 14;
    7481 : 10;
    7482 : 08;
    7483 : 30;
    7484 : 2C;
    7485 : 08;
    7486 : 14;
    7487 : 14;
    7488 : FF;
    7489 : FF;
    7490 : FF;
    7491 : FF;
    7492 : FF;
    7493 : FF;
    7494 : FF;
    7495 : FF;
    7496 : FF;
    7497 : FF;
    7498 : FF;
    7499 : FF;
    7500 : FF;
    7501 : FF;
    7502 : FF;
    7503 : FF;
    7504 : FF;
    7505 : FF;
    7506 : B6;
    7507 : FF;
    7508 : FF;
    7509 : B6;
    7510 : FF;
    7511 : FF;
    7512 : FF;
    7513 : FF;
    7514 : 20;
    7515 : FF;
    7516 : FF;
    7517 : 20;
    7518 : FF;
    7519 : FF;
    7520 : FF;
    7521 : FF;
    7522 : 20;
    7523 : FF;
    7524 : FF;
    7525 : 20;
    7526 : FF;
    7527 : FF;
    7528 : FF;
    7529 : FF;
    7530 : B6;
    7531 : FF;
    7532 : FF;
    7533 : B6;
    7534 : FF;
    7535 : FF;
    7536 : FF;
    7537 : FF;
    7538 : FF;
    7539 : FF;
    7540 : FF;
    7541 : FF;
    7542 : FF;
    7543 : FF;
    7544 : FF;
    7545 : FF;
    7546 : FF;
    7547 : FF;
    7548 : FF;
    7549 : FF;
    7550 : FF;
    7551 : FF;
    7552 : DB;
    7553 : DB;
    7554 : DB;
    7555 : B6;
    7556 : DA;
    7557 : B6;
    7558 : B6;
    7559 : B6;
    7560 : DB;
    7561 : 6D;
    7562 : B6;
    7563 : B6;
    7564 : B6;
    7565 : B6;
    7566 : B6;
    7567 : DA;
    7568 : DB;
    7569 : 6D;
    7570 : B6;
    7571 : B6;
    7572 : B6;
    7573 : B6;
    7574 : B6;
    7575 : B6;
    7576 : DB;
    7577 : 6D;
    7578 : B6;
    7579 : DB;
    7580 : DB;
    7581 : B6;
    7582 : B6;
    7583 : B6;
    7584 : DB;
    7585 : 6D;
    7586 : B6;
    7587 : DB;
    7588 : B6;
    7589 : B6;
    7590 : B6;
    7591 : DA;
    7592 : DB;
    7593 : 6D;
    7594 : B6;
    7595 : B6;
    7596 : B6;
    7597 : B6;
    7598 : B6;
    7599 : B6;
    7600 : DB;
    7601 : B6;
    7602 : DB;
    7603 : DB;
    7604 : DB;
    7605 : DB;
    7606 : DB;
    7607 : B6;
    7608 : DB;
    7609 : DA;
    7610 : B6;
    7611 : DA;
    7612 : B6;
    7613 : DB;
    7614 : B6;
    7615 : B6;
    7616 : F9;
    7617 : F9;
    7618 : F9;
    7619 : F9;
    7620 : F9;
    7621 : F9;
    7622 : F9;
    7623 : F5;
    7624 : FE;
    7625 : D0;
    7626 : FE;
    7627 : FE;
    7628 : FE;
    7629 : FE;
    7630 : FE;
    7631 : FE;
    7632 : FD;
    7633 : D0;
    7634 : FD;
    7635 : FD;
    7636 : FD;
    7637 : FD;
    7638 : FD;
    7639 : FD;
    7640 : F9;
    7641 : D0;
    7642 : F9;
    7643 : F9;
    7644 : F9;
    7645 : F9;
    7646 : F9;
    7647 : F9;
    7648 : FE;
    7649 : FE;
    7650 : FE;
    7651 : FE;
    7652 : FE;
    7653 : F9;
    7654 : FE;
    7655 : F9;
    7656 : F9;
    7657 : F5;
    7658 : F5;
    7659 : F9;
    7660 : F5;
    7661 : F5;
    7662 : F5;
    7663 : F5;
    7664 : F9;
    7665 : F5;
    7666 : F5;
    7667 : F9;
    7668 : F5;
    7669 : F5;
    7670 : F5;
    7671 : F5;
    7672 : F9;
    7673 : F9;
    7674 : F9;
    7675 : F9;
    7676 : F9;
    7677 : F5;
    7678 : F9;
    7679 : F5;
    7680 : F4;
    7681 : D0;
    7682 : D4;
    7683 : D0;
    7684 : D0;
    7685 : D0;
    7686 : D0;
    7687 : F4;
    7688 : F8;
    7689 : F4;
    7690 : D4;
    7691 : D0;
    7692 : D4;
    7693 : D4;
    7694 : F8;
    7695 : D4;
    7696 : F4;
    7697 : F4;
    7698 : F4;
    7699 : D0;
    7700 : D4;
    7701 : F8;
    7702 : F4;
    7703 : F4;
    7704 : F8;
    7705 : F4;
    7706 : F4;
    7707 : F4;
    7708 : F4;
    7709 : F4;
    7710 : F8;
    7711 : F8;
    7712 : F8;
    7713 : F8;
    7714 : F8;
    7715 : F8;
    7716 : D0;
    7717 : F4;
    7718 : F4;
    7719 : F8;
    7720 : F4;
    7721 : F4;
    7722 : F4;
    7723 : D4;
    7724 : D4;
    7725 : D4;
    7726 : F8;
    7727 : F8;
    7728 : F4;
    7729 : F8;
    7730 : D0;
    7731 : D0;
    7732 : D4;
    7733 : D4;
    7734 : D0;
    7735 : F4;
    7736 : F8;
    7737 : D4;
    7738 : D0;
    7739 : D0;
    7740 : D4;
    7741 : D4;
    7742 : D4;
    7743 : D0;
    7744 : FC;
    7745 : E8;
    7746 : E0;
    7747 : E0;
    7748 : E8;
    7749 : E8;
    7750 : E0;
    7751 : C0;
    7752 : E8;
    7753 : E0;
    7754 : E8;
    7755 : FC;
    7756 : E8;
    7757 : E8;
    7758 : E8;
    7759 : E0;
    7760 : F4;
    7761 : FC;
    7762 : E8;
    7763 : E0;
    7764 : E0;
    7765 : F4;
    7766 : E8;
    7767 : E0;
    7768 : E0;
    7769 : E8;
    7770 : E8;
    7771 : C0;
    7772 : E8;
    7773 : C0;
    7774 : F4;
    7775 : F4;
    7776 : E0;
    7777 : E8;
    7778 : E8;
    7779 : E0;
    7780 : FC;
    7781 : C0;
    7782 : E0;
    7783 : E0;
    7784 : FC;
    7785 : E8;
    7786 : F4;
    7787 : E0;
    7788 : E0;
    7789 : E8;
    7790 : FC;
    7791 : E0;
    7792 : F4;
    7793 : E8;
    7794 : E8;
    7795 : E0;
    7796 : E8;
    7797 : E8;
    7798 : E8;
    7799 : E0;
    7800 : E8;
    7801 : E0;
    7802 : E0;
    7803 : C0;
    7804 : E8;
    7805 : E0;
    7806 : E0;
    7807 : C0;
    7808 : 68;
    7809 : 68;
    7810 : 68;
    7811 : 68;
    7812 : 68;
    7813 : 68;
    7814 : 68;
    7815 : 44;
    7816 : 7B;
    7817 : 7B;
    7818 : 7B;
    7819 : 7B;
    7820 : 7B;
    7821 : 7B;
    7822 : 7B;
    7823 : 68;
    7824 : 7B;
    7825 : 7B;
    7826 : 7B;
    7827 : 7B;
    7828 : 7B;
    7829 : 7B;
    7830 : 7B;
    7831 : 68;
    7832 : 7B;
    7833 : 7B;
    7834 : 7B;
    7835 : 7B;
    7836 : 7B;
    7837 : 7B;
    7838 : 7B;
    7839 : 68;
    7840 : 7B;
    7841 : 7B;
    7842 : 7B;
    7843 : 7B;
    7844 : 7B;
    7845 : 7B;
    7846 : 7B;
    7847 : 68;
    7848 : 7B;
    7849 : 7B;
    7850 : 7B;
    7851 : 7B;
    7852 : 7B;
    7853 : 7B;
    7854 : 7B;
    7855 : 68;
    7856 : 7B;
    7857 : 7B;
    7858 : 7B;
    7859 : 7B;
    7860 : 7B;
    7861 : 7B;
    7862 : 7B;
    7863 : 68;
    7864 : 7B;
    7865 : 7B;
    7866 : 7B;
    7867 : 7B;
    7868 : 7B;
    7869 : 7B;
    7870 : 7B;
    7871 : 68;
    7872 : 28;
    7873 : 04;
    7874 : 49;
    7875 : 49;
    7876 : 49;
    7877 : 49;
    7878 : 51;
    7879 : 4D;
    7880 : 28;
    7881 : 04;
    7882 : 49;
    7883 : 49;
    7884 : 28;
    7885 : 28;
    7886 : 28;
    7887 : 28;
    7888 : 4D;
    7889 : 49;
    7890 : 49;
    7891 : 49;
    7892 : 75;
    7893 : 51;
    7894 : 71;
    7895 : 4D;
    7896 : 49;
    7897 : 28;
    7898 : 49;
    7899 : 49;
    7900 : 51;
    7901 : 2D;
    7902 : 4D;
    7903 : 49;
    7904 : 49;
    7905 : 28;
    7906 : 2D;
    7907 : 4D;
    7908 : 71;
    7909 : 6D;
    7910 : 4D;
    7911 : 48;
    7912 : 48;
    7913 : 28;
    7914 : 2D;
    7915 : 28;
    7916 : 6D;
    7917 : 49;
    7918 : 49;
    7919 : 49;
    7920 : 2D;
    7921 : 28;
    7922 : 28;
    7923 : 2D;
    7924 : 2D;
    7925 : 2D;
    7926 : 51;
    7927 : 2D;
    7928 : 28;
    7929 : 08;
    7930 : 2D;
    7931 : 28;
    7932 : 2D;
    7933 : 28;
    7934 : 2D;
    7935 : 28;
    7936 : 64;
    7937 : CC;
    7938 : CC;
    7939 : CC;
    7940 : CC;
    7941 : CC;
    7942 : CC;
    7943 : CC;
    7944 : 64;
    7945 : A8;
    7946 : A8;
    7947 : A8;
    7948 : 44;
    7949 : A8;
    7950 : A8;
    7951 : A8;
    7952 : 64;
    7953 : A8;
    7954 : A8;
    7955 : 44;
    7956 : 68;
    7957 : A8;
    7958 : A8;
    7959 : A8;
    7960 : 64;
    7961 : A8;
    7962 : 44;
    7963 : 68;
    7964 : D1;
    7965 : 68;
    7966 : A8;
    7967 : A8;
    7968 : 64;
    7969 : A8;
    7970 : 68;
    7971 : A8;
    7972 : A8;
    7973 : D1;
    7974 : 68;
    7975 : A8;
    7976 : 64;
    7977 : A8;
    7978 : 68;
    7979 : 44;
    7980 : 68;
    7981 : A8;
    7982 : 68;
    7983 : A8;
    7984 : 64;
    7985 : A8;
    7986 : A8;
    7987 : A8;
    7988 : D1;
    7989 : A8;
    7990 : A8;
    7991 : A8;
    7992 : 64;
    7993 : 64;
    7994 : 64;
    7995 : 64;
    7996 : 64;
    7997 : 64;
    7998 : 64;
    7999 : 64;
    8000 : A8;
    8001 : D1;
    8002 : D1;
    8003 : D1;
    8004 : D1;
    8005 : D1;
    8006 : D1;
    8007 : D1;
    8008 : 64;
    8009 : A8;
    8010 : A8;
    8011 : A8;
    8012 : A8;
    8013 : A8;
    8014 : A8;
    8015 : 88;
    8016 : 64;
    8017 : A8;
    8018 : A8;
    8019 : A8;
    8020 : A8;
    8021 : A8;
    8022 : A8;
    8023 : 88;
    8024 : 64;
    8025 : A8;
    8026 : A8;
    8027 : A8;
    8028 : A8;
    8029 : A8;
    8030 : A8;
    8031 : 88;
    8032 : 64;
    8033 : A8;
    8034 : A8;
    8035 : A8;
    8036 : A8;
    8037 : A8;
    8038 : A8;
    8039 : 88;
    8040 : 64;
    8041 : A8;
    8042 : A8;
    8043 : A8;
    8044 : A8;
    8045 : A8;
    8046 : A8;
    8047 : 88;
    8048 : 64;
    8049 : A8;
    8050 : A8;
    8051 : A8;
    8052 : A8;
    8053 : A8;
    8054 : A8;
    8055 : 88;
    8056 : 64;
    8057 : 64;
    8058 : 64;
    8059 : 64;
    8060 : 64;
    8061 : 64;
    8062 : 64;
    8063 : 44;
    8064 : FF;
    8065 : FF;
    8066 : FF;
    8067 : FF;
    8068 : FF;
    8069 : FF;
    8070 : FF;
    8071 : FF;
    8072 : FF;
    8073 : FF;
    8074 : FF;
    8075 : FF;
    8076 : FF;
    8077 : FF;
    8078 : FF;
    8079 : FF;
    8080 : FF;
    8081 : FF;
    8082 : FF;
    8083 : FF;
    8084 : FF;
    8085 : FF;
    8086 : FF;
    8087 : FF;
    8088 : FF;
    8089 : 24;
    8090 : FF;
    8091 : FF;
    8092 : FF;
    8093 : FF;
    8094 : FF;
    8095 : FF;
    8096 : FF;
    8097 : 24;
    8098 : FF;
    8099 : FF;
    8100 : FF;
    8101 : FF;
    8102 : FF;
    8103 : FF;
    8104 : FF;
    8105 : 24;
    8106 : FF;
    8107 : FF;
    8108 : FF;
    8109 : FF;
    8110 : FF;
    8111 : FF;
    8112 : FF;
    8113 : FF;
    8114 : FF;
    8115 : FF;
    8116 : FF;
    8117 : FF;
    8118 : FF;
    8119 : FF;
    8120 : FF;
    8121 : FF;
    8122 : FF;
    8123 : FF;
    8124 : FF;
    8125 : FF;
    8126 : FF;
    8127 : FF;
    8128 : D0;
    8129 : D0;
    8130 : D0;
    8131 : B0;
    8132 : D0;
    8133 : D0;
    8134 : D0;
    8135 : D0;
    8136 : F8;
    8137 : F4;
    8138 : F8;
    8139 : F4;
    8140 : F8;
    8141 : F8;
    8142 : F4;
    8143 : F4;
    8144 : F8;
    8145 : F4;
    8146 : F4;
    8147 : F8;
    8148 : F8;
    8149 : F4;
    8150 : F8;
    8151 : F4;
    8152 : F4;
    8153 : F8;
    8154 : F8;
    8155 : F8;
    8156 : F4;
    8157 : F4;
    8158 : F4;
    8159 : F4;
    8160 : F8;
    8161 : F4;
    8162 : F8;
    8163 : F8;
    8164 : F4;
    8165 : F4;
    8166 : F4;
    8167 : F8;
    8168 : D0;
    8169 : B0;
    8170 : D0;
    8171 : D0;
    8172 : D0;
    8173 : D0;
    8174 : D0;
    8175 : D0;
    8176 : D0;
    8177 : D0;
    8178 : D0;
    8179 : D0;
    8180 : D0;
    8181 : D0;
    8182 : D0;
    8183 : D0;
    8184 : D0;
    8185 : B0;
    8186 : D0;
    8187 : D0;
    8188 : D0;
    8189 : B0;
    8190 : D0;
    8191 : D0;
    8192 : B6;
    8193 : B6;
    8194 : DB;
    8195 : DB;
    8196 : DB;
    8197 : B6;
    8198 : DB;
    8199 : DB;
    8200 : B6;
    8201 : DB;
    8202 : B6;
    8203 : B6;
    8204 : DB;
    8205 : DB;
    8206 : B6;
    8207 : B6;
    8208 : B6;
    8209 : B6;
    8210 : B6;
    8211 : B6;
    8212 : B6;
    8213 : B6;
    8214 : B6;
    8215 : B6;
    8216 : DB;
    8217 : FF;
    8218 : FF;
    8219 : 6D;
    8220 : 6D;
    8221 : DB;
    8222 : FF;
    8223 : DB;
    8224 : 6D;
    8225 : DB;
    8226 : DB;
    8227 : 92;
    8228 : 92;
    8229 : 6D;
    8230 : DB;
    8231 : 6D;
    8232 : FF;
    8233 : B6;
    8234 : B6;
    8235 : FF;
    8236 : FF;
    8237 : FF;
    8238 : FF;
    8239 : FF;
    8240 : 92;
    8241 : 92;
    8242 : 92;
    8243 : 92;
    8244 : 92;
    8245 : 92;
    8246 : 92;
    8247 : 92;
    8248 : B6;
    8249 : DB;
    8250 : B6;
    8251 : DA;
    8252 : B6;
    8253 : B6;
    8254 : B6;
    8255 : DB;
    8256 : DB;
    8257 : DB;
    8258 : DB;
    8259 : DB;
    8260 : DB;
    8261 : DB;
    8262 : DA;
    8263 : DB;
    8264 : DB;
    8265 : DB;
    8266 : DB;
    8267 : DB;
    8268 : DB;
    8269 : DB;
    8270 : DB;
    8271 : DB;
    8272 : DB;
    8273 : DB;
    8274 : DB;
    8275 : B6;
    8276 : B6;
    8277 : DB;
    8278 : DB;
    8279 : B6;
    8280 : DB;
    8281 : B6;
    8282 : 6D;
    8283 : 92;
    8284 : 92;
    8285 : 6D;
    8286 : 92;
    8287 : DB;
    8288 : DA;
    8289 : DA;
    8290 : 6D;
    8291 : DB;
    8292 : DA;
    8293 : DB;
    8294 : B6;
    8295 : DA;
    8296 : DA;
    8297 : B6;
    8298 : 92;
    8299 : DA;
    8300 : B6;
    8301 : B6;
    8302 : DA;
    8303 : B6;
    8304 : B6;
    8305 : FF;
    8306 : B6;
    8307 : B6;
    8308 : B6;
    8309 : DB;
    8310 : FF;
    8311 : FF;
    8312 : DB;
    8313 : DB;
    8314 : 92;
    8315 : B6;
    8316 : B6;
    8317 : B6;
    8318 : B6;
    8319 : B6;
    8320 : B6;
    8321 : DB;
    8322 : DB;
    8323 : B6;
    8324 : B6;
    8325 : DB;
    8326 : DB;
    8327 : B6;
    8328 : DB;
    8329 : DB;
    8330 : DB;
    8331 : DB;
    8332 : DB;
    8333 : DB;
    8334 : DB;
    8335 : B6;
    8336 : DB;
    8337 : DB;
    8338 : DB;
    8339 : DB;
    8340 : B6;
    8341 : DB;
    8342 : DB;
    8343 : B6;
    8344 : DB;
    8345 : DB;
    8346 : 6D;
    8347 : B6;
    8348 : B6;
    8349 : 6D;
    8350 : 6D;
    8351 : DB;
    8352 : B6;
    8353 : DB;
    8354 : DB;
    8355 : B6;
    8356 : B6;
    8357 : DB;
    8358 : DB;
    8359 : DB;
    8360 : B6;
    8361 : DB;
    8362 : DB;
    8363 : B6;
    8364 : DB;
    8365 : 6D;
    8366 : DB;
    8367 : B6;
    8368 : DB;
    8369 : DB;
    8370 : DB;
    8371 : DB;
    8372 : DB;
    8373 : DB;
    8374 : DB;
    8375 : B6;
    8376 : DB;
    8377 : DB;
    8378 : DB;
    8379 : DB;
    8380 : DB;
    8381 : DB;
    8382 : DB;
    8383 : B6;
    8384 : FF;
    8385 : DB;
    8386 : DB;
    8387 : DB;
    8388 : DB;
    8389 : DB;
    8390 : DB;
    8391 : DB;
    8392 : DB;
    8393 : DB;
    8394 : DB;
    8395 : DB;
    8396 : DB;
    8397 : DB;
    8398 : DB;
    8399 : B6;
    8400 : DB;
    8401 : DB;
    8402 : DB;
    8403 : DB;
    8404 : DB;
    8405 : DB;
    8406 : DB;
    8407 : B6;
    8408 : DB;
    8409 : DB;
    8410 : DB;
    8411 : DB;
    8412 : DB;
    8413 : DB;
    8414 : DB;
    8415 : B6;
    8416 : DB;
    8417 : DB;
    8418 : DB;
    8419 : DB;
    8420 : DB;
    8421 : DB;
    8422 : DB;
    8423 : B6;
    8424 : DB;
    8425 : DB;
    8426 : DB;
    8427 : DB;
    8428 : DB;
    8429 : DB;
    8430 : DB;
    8431 : B6;
    8432 : DB;
    8433 : DB;
    8434 : DB;
    8435 : DB;
    8436 : DB;
    8437 : DB;
    8438 : DB;
    8439 : B6;
    8440 : 6D;
    8441 : 6D;
    8442 : 6D;
    8443 : 6D;
    8444 : 6D;
    8445 : 6D;
    8446 : 6D;
    8447 : 6D;
    8448 : DB;
    8449 : DB;
    8450 : DB;
    8451 : DB;
    8452 : DB;
    8453 : DB;
    8454 : 92;
    8455 : DB;
    8456 : DB;
    8457 : DB;
    8458 : DB;
    8459 : DB;
    8460 : DB;
    8461 : DB;
    8462 : 92;
    8463 : DB;
    8464 : DB;
    8465 : DB;
    8466 : DB;
    8467 : DB;
    8468 : DB;
    8469 : DB;
    8470 : 92;
    8471 : DB;
    8472 : DB;
    8473 : DB;
    8474 : DB;
    8475 : DB;
    8476 : DB;
    8477 : DB;
    8478 : 92;
    8479 : DA;
    8480 : DB;
    8481 : DB;
    8482 : DB;
    8483 : DB;
    8484 : DB;
    8485 : DB;
    8486 : B6;
    8487 : DB;
    8488 : DB;
    8489 : DB;
    8490 : DB;
    8491 : DB;
    8492 : DB;
    8493 : DB;
    8494 : 92;
    8495 : DB;
    8496 : DB;
    8497 : DB;
    8498 : DB;
    8499 : DB;
    8500 : DB;
    8501 : DB;
    8502 : 92;
    8503 : DB;
    8504 : DB;
    8505 : DB;
    8506 : DB;
    8507 : DB;
    8508 : DB;
    8509 : DB;
    8510 : 92;
    8511 : DB;
    8512 : 6D;
    8513 : 6D;
    8514 : 6D;
    8515 : 6D;
    8516 : B6;
    8517 : B6;
    8518 : B6;
    8519 : B6;
    8520 : 6D;
    8521 : 6D;
    8522 : 6D;
    8523 : 6D;
    8524 : B6;
    8525 : B6;
    8526 : B6;
    8527 : B6;
    8528 : 6D;
    8529 : 6D;
    8530 : 6D;
    8531 : 6D;
    8532 : B6;
    8533 : B6;
    8534 : B6;
    8535 : B6;
    8536 : 6D;
    8537 : 6D;
    8538 : 6D;
    8539 : 6D;
    8540 : B6;
    8541 : B6;
    8542 : B6;
    8543 : B6;
    8544 : B6;
    8545 : B6;
    8546 : B6;
    8547 : B6;
    8548 : 6D;
    8549 : 6D;
    8550 : 6D;
    8551 : 6D;
    8552 : B6;
    8553 : B6;
    8554 : B6;
    8555 : B6;
    8556 : 6D;
    8557 : 6D;
    8558 : 6D;
    8559 : 6D;
    8560 : B6;
    8561 : B6;
    8562 : B6;
    8563 : B6;
    8564 : 6D;
    8565 : 6D;
    8566 : 6D;
    8567 : 6D;
    8568 : B6;
    8569 : B6;
    8570 : B6;
    8571 : B6;
    8572 : 6D;
    8573 : 6D;
    8574 : 6D;
    8575 : 6D;
    8576 : 00;
    8577 : 00;
    8578 : 00;
    8579 : 00;
    8580 : 00;
    8581 : 00;
    8582 : 00;
    8583 : 00;
    8584 : 00;
    8585 : 00;
    8586 : 00;
    8587 : 00;
    8588 : 00;
    8589 : 00;
    8590 : 00;
    8591 : 00;
    8592 : 00;
    8593 : 00;
    8594 : 00;
    8595 : 00;
    8596 : 00;
    8597 : 00;
    8598 : 00;
    8599 : 00;
    8600 : 00;
    8601 : 00;
    8602 : 00;
    8603 : 00;
    8604 : 00;
    8605 : 00;
    8606 : 00;
    8607 : 00;
    8608 : 00;
    8609 : 00;
    8610 : 00;
    8611 : 00;
    8612 : 00;
    8613 : 00;
    8614 : 00;
    8615 : 00;
    8616 : 00;
    8617 : 00;
    8618 : 00;
    8619 : 00;
    8620 : 00;
    8621 : 00;
    8622 : 00;
    8623 : 00;
    8624 : 00;
    8625 : 00;
    8626 : 00;
    8627 : 00;
    8628 : 00;
    8629 : 00;
    8630 : 00;
    8631 : 00;
    8632 : 00;
    8633 : 00;
    8634 : 00;
    8635 : 00;
    8636 : 00;
    8637 : 00;
    8638 : 00;
    8639 : 00;
    8640 : 25;
    8641 : 25;
    8642 : 25;
    8643 : 25;
    8644 : 25;
    8645 : 25;
    8646 : 25;
    8647 : 25;
    8648 : 25;
    8649 : 25;
    8650 : 25;
    8651 : 25;
    8652 : 25;
    8653 : 25;
    8654 : 25;
    8655 : 25;
    8656 : 25;
    8657 : 25;
    8658 : 25;
    8659 : 25;
    8660 : 25;
    8661 : 25;
    8662 : 25;
    8663 : 25;
    8664 : 25;
    8665 : 25;
    8666 : 25;
    8667 : 25;
    8668 : 25;
    8669 : 25;
    8670 : 25;
    8671 : 25;
    8672 : 25;
    8673 : 25;
    8674 : 25;
    8675 : 25;
    8676 : 25;
    8677 : 25;
    8678 : 25;
    8679 : 25;
    8680 : 25;
    8681 : 25;
    8682 : 25;
    8683 : 25;
    8684 : 25;
    8685 : 25;
    8686 : 25;
    8687 : 25;
    8688 : 25;
    8689 : 25;
    8690 : 25;
    8691 : 25;
    8692 : 25;
    8693 : 25;
    8694 : 25;
    8695 : 25;
    8696 : 25;
    8697 : 25;
    8698 : 25;
    8699 : 25;
    8700 : 25;
    8701 : 25;
    8702 : 25;
    8703 : 25;
    8704 : 0F;
    8705 : 0F;
    8706 : 0F;
    8707 : 0F;
    8708 : 0F;
    8709 : 0F;
    8710 : 13;
    8711 : 37;
    8712 : 0F;
    8713 : 0F;
    8714 : 0F;
    8715 : 0F;
    8716 : 0F;
    8717 : 0F;
    8718 : 13;
    8719 : 0F;
    8720 : 0F;
    8721 : 0F;
    8722 : 0F;
    8723 : 0F;
    8724 : 0F;
    8725 : 0F;
    8726 : 0F;
    8727 : 0F;
    8728 : 0B;
    8729 : 0F;
    8730 : 0F;
    8731 : 0F;
    8732 : 0F;
    8733 : 0F;
    8734 : 0F;
    8735 : 0F;
    8736 : 0F;
    8737 : 0F;
    8738 : 0F;
    8739 : 0F;
    8740 : 0F;
    8741 : 0F;
    8742 : 0F;
    8743 : 0F;
    8744 : 0F;
    8745 : 0F;
    8746 : 0F;
    8747 : 0F;
    8748 : 0F;
    8749 : 0F;
    8750 : 0F;
    8751 : 0F;
    8752 : 0F;
    8753 : 0F;
    8754 : 0F;
    8755 : 0F;
    8756 : 0F;
    8757 : 0F;
    8758 : 0F;
    8759 : 0F;
    8760 : 0F;
    8761 : 0F;
    8762 : 0F;
    8763 : 0F;
    8764 : 0F;
    8765 : 0F;
    8766 : 0F;
    8767 : 0F;
    8768 : 00;
    8769 : 00;
    8770 : 00;
    8771 : 00;
    8772 : 00;
    8773 : 00;
    8774 : 00;
    8775 : 00;
    8776 : 00;
    8777 : 00;
    8778 : 00;
    8779 : 00;
    8780 : 00;
    8781 : 00;
    8782 : 00;
    8783 : 00;
    8784 : 00;
    8785 : 00;
    8786 : 00;
    8787 : 00;
    8788 : 00;
    8789 : 00;
    8790 : 00;
    8791 : 00;
    8792 : 00;
    8793 : 00;
    8794 : 00;
    8795 : 00;
    8796 : 00;
    8797 : 00;
    8798 : 00;
    8799 : 00;
    8800 : 00;
    8801 : 00;
    8802 : 00;
    8803 : 00;
    8804 : 00;
    8805 : 20;
    8806 : 20;
    8807 : 00;
    8808 : 00;
    8809 : 00;
    8810 : 00;
    8811 : 00;
    8812 : 00;
    8813 : 20;
    8814 : 20;
    8815 : 00;
    8816 : 00;
    8817 : 00;
    8818 : 00;
    8819 : 00;
    8820 : 00;
    8821 : 00;
    8822 : 00;
    8823 : 00;
    8824 : 00;
    8825 : 00;
    8826 : 00;
    8827 : 00;
    8828 : 00;
    8829 : 00;
    8830 : 00;
    8831 : 00;
    8832 : 00;
    8833 : 00;
    8834 : 00;
    8835 : 00;
    8836 : 00;
    8837 : 00;
    8838 : 00;
    8839 : 20;
    8840 : 00;
    8841 : 00;
    8842 : 00;
    8843 : 00;
    8844 : 00;
    8845 : 00;
    8846 : 00;
    8847 : 00;
    8848 : 00;
    8849 : 00;
    8850 : 00;
    8851 : 00;
    8852 : 00;
    8853 : 00;
    8854 : 00;
    8855 : 00;
    8856 : 00;
    8857 : 00;
    8858 : 00;
    8859 : 00;
    8860 : 00;
    8861 : 00;
    8862 : 00;
    8863 : 05;
    8864 : 00;
    8865 : 00;
    8866 : 00;
    8867 : 00;
    8868 : 00;
    8869 : 00;
    8870 : 21;
    8871 : 25;
    8872 : 00;
    8873 : 00;
    8874 : 00;
    8875 : 00;
    8876 : 00;
    8877 : 01;
    8878 : 25;
    8879 : 25;
    8880 : 00;
    8881 : 00;
    8882 : 00;
    8883 : 00;
    8884 : 01;
    8885 : 25;
    8886 : 25;
    8887 : 25;
    8888 : 00;
    8889 : 00;
    8890 : 25;
    8891 : 25;
    8892 : 25;
    8893 : 25;
    8894 : 25;
    8895 : 25;
    8896 : 05;
    8897 : 05;
    8898 : 05;
    8899 : 05;
    8900 : 05;
    8901 : 05;
    8902 : 05;
    8903 : 05;
    8904 : 05;
    8905 : 05;
    8906 : 05;
    8907 : 05;
    8908 : 05;
    8909 : 05;
    8910 : 05;
    8911 : 05;
    8912 : 05;
    8913 : 05;
    8914 : 05;
    8915 : 05;
    8916 : 05;
    8917 : 05;
    8918 : 05;
    8919 : 05;
    8920 : 05;
    8921 : 05;
    8922 : 05;
    8923 : 05;
    8924 : 05;
    8925 : 05;
    8926 : 05;
    8927 : 05;
    8928 : 05;
    8929 : 05;
    8930 : 05;
    8931 : 05;
    8932 : 05;
    8933 : 05;
    8934 : 05;
    8935 : 05;
    8936 : 05;
    8937 : 05;
    8938 : 05;
    8939 : 05;
    8940 : 05;
    8941 : 05;
    8942 : 05;
    8943 : 05;
    8944 : 05;
    8945 : 05;
    8946 : 05;
    8947 : 05;
    8948 : 05;
    8949 : 05;
    8950 : 05;
    8951 : 05;
    8952 : 05;
    8953 : 05;
    8954 : 05;
    8955 : 05;
    8956 : 05;
    8957 : 05;
    8958 : 05;
    8959 : 05;
    8960 : 25;
    8961 : 21;
    8962 : 21;
    8963 : 25;
    8964 : 25;
    8965 : 25;
    8966 : 25;
    8967 : 25;
    8968 : 21;
    8969 : 21;
    8970 : 25;
    8971 : 25;
    8972 : 25;
    8973 : 25;
    8974 : 25;
    8975 : 21;
    8976 : 20;
    8977 : 20;
    8978 : 20;
    8979 : 20;
    8980 : 20;
    8981 : 20;
    8982 : 00;
    8983 : 00;
    8984 : 20;
    8985 : 00;
    8986 : 00;
    8987 : 00;
    8988 : 24;
    8989 : 00;
    8990 : 00;
    8991 : 00;
    8992 : 20;
    8993 : 00;
    8994 : 00;
    8995 : 00;
    8996 : 20;
    8997 : 20;
    8998 : 00;
    8999 : 00;
    9000 : 24;
    9001 : 00;
    9002 : 00;
    9003 : 00;
    9004 : 20;
    9005 : 00;
    9006 : 20;
    9007 : 00;
    9008 : 24;
    9009 : 00;
    9010 : 00;
    9011 : 00;
    9012 : 00;
    9013 : 00;
    9014 : 20;
    9015 : 20;
    9016 : 24;
    9017 : 00;
    9018 : 00;
    9019 : 00;
    9020 : 00;
    9021 : 00;
    9022 : 20;
    9023 : 20;
    9024 : 00;
    9025 : 00;
    9026 : 00;
    9027 : 00;
    9028 : 00;
    9029 : 00;
    9030 : 00;
    9031 : 00;
    9032 : 00;
    9033 : 00;
    9034 : 00;
    9035 : 00;
    9036 : 00;
    9037 : 00;
    9038 : 00;
    9039 : 00;
    9040 : 00;
    9041 : 00;
    9042 : 00;
    9043 : 00;
    9044 : 00;
    9045 : 00;
    9046 : 00;
    9047 : 00;
    9048 : 00;
    9049 : 00;
    9050 : 01;
    9051 : 01;
    9052 : 00;
    9053 : 00;
    9054 : 00;
    9055 : 00;
    9056 : 00;
    9057 : 00;
    9058 : 25;
    9059 : 25;
    9060 : 00;
    9061 : 00;
    9062 : 00;
    9063 : 21;
    9064 : 25;
    9065 : 25;
    9066 : 25;
    9067 : 25;
    9068 : 25;
    9069 : 25;
    9070 : 21;
    9071 : 21;
    9072 : 25;
    9073 : 25;
    9074 : 25;
    9075 : 25;
    9076 : 25;
    9077 : 25;
    9078 : 25;
    9079 : 25;
    9080 : 25;
    9081 : 25;
    9082 : 25;
    9083 : 25;
    9084 : 25;
    9085 : 25;
    9086 : 25;
    9087 : 25;
    9088 : F8;
    9089 : F8;
    9090 : F8;
    9091 : F8;
    9092 : F8;
    9093 : F8;
    9094 : F4;
    9095 : F8;
    9096 : F8;
    9097 : F8;
    9098 : F8;
    9099 : F8;
    9100 : F8;
    9101 : F8;
    9102 : F8;
    9103 : F8;
    9104 : FC;
    9105 : F8;
    9106 : F8;
    9107 : F8;
    9108 : F8;
    9109 : F8;
    9110 : F8;
    9111 : F4;
    9112 : F8;
    9113 : FC;
    9114 : F8;
    9115 : F8;
    9116 : F8;
    9117 : F8;
    9118 : F8;
    9119 : F8;
    9120 : F4;
    9121 : F8;
    9122 : F8;
    9123 : F8;
    9124 : F8;
    9125 : F8;
    9126 : F8;
    9127 : F8;
    9128 : F4;
    9129 : FD;
    9130 : F8;
    9131 : F8;
    9132 : F8;
    9133 : F8;
    9134 : F8;
    9135 : F8;
    9136 : F4;
    9137 : FD;
    9138 : F8;
    9139 : F8;
    9140 : FC;
    9141 : F8;
    9142 : F8;
    9143 : F8;
    9144 : F0;
    9145 : F4;
    9146 : F8;
    9147 : FC;
    9148 : FC;
    9149 : F8;
    9150 : F8;
    9151 : F8;
    9152 : E4;
    9153 : E4;
    9154 : E8;
    9155 : EC;
    9156 : EC;
    9157 : EC;
    9158 : EC;
    9159 : EC;
    9160 : E4;
    9161 : E8;
    9162 : ED;
    9163 : EC;
    9164 : EC;
    9165 : EC;
    9166 : EC;
    9167 : EC;
    9168 : E4;
    9169 : E8;
    9170 : ED;
    9171 : EC;
    9172 : EC;
    9173 : EC;
    9174 : EC;
    9175 : EC;
    9176 : E4;
    9177 : E8;
    9178 : ED;
    9179 : EC;
    9180 : EC;
    9181 : EC;
    9182 : EC;
    9183 : EC;
    9184 : E4;
    9185 : E8;
    9186 : EC;
    9187 : EC;
    9188 : EC;
    9189 : EC;
    9190 : EC;
    9191 : EC;
    9192 : E4;
    9193 : E4;
    9194 : EC;
    9195 : EC;
    9196 : EC;
    9197 : EC;
    9198 : EC;
    9199 : EC;
    9200 : E4;
    9201 : E4;
    9202 : EC;
    9203 : EC;
    9204 : EC;
    9205 : EC;
    9206 : EC;
    9207 : EC;
    9208 : E8;
    9209 : E4;
    9210 : E8;
    9211 : E8;
    9212 : ED;
    9213 : EC;
    9214 : EC;
    9215 : EC;
    9216 : 00;
    9217 : 00;
    9218 : 00;
    9219 : 00;
    9220 : 00;
    9221 : 00;
    9222 : 00;
    9223 : 00;
    9224 : 00;
    9225 : 00;
    9226 : 00;
    9227 : 00;
    9228 : 00;
    9229 : 00;
    9230 : 00;
    9231 : 00;
    9232 : 00;
    9233 : 00;
    9234 : 00;
    9235 : 00;
    9236 : 00;
    9237 : 00;
    9238 : 00;
    9239 : 00;
    9240 : 00;
    9241 : 00;
    9242 : 00;
    9243 : 00;
    9244 : 00;
    9245 : 00;
    9246 : 00;
    9247 : 00;
    9248 : 00;
    9249 : 00;
    9250 : 00;
    9251 : 00;
    9252 : 00;
    9253 : 00;
    9254 : 00;
    9255 : 00;
    9256 : 00;
    9257 : 01;
    9258 : 00;
    9259 : 00;
    9260 : 00;
    9261 : 00;
    9262 : 00;
    9263 : 00;
    9264 : 00;
    9265 : 25;
    9266 : 00;
    9267 : 00;
    9268 : 00;
    9269 : 00;
    9270 : 00;
    9271 : 00;
    9272 : 20;
    9273 : 24;
    9274 : 00;
    9275 : 00;
    9276 : 00;
    9277 : 00;
    9278 : 00;
    9279 : 00;
    9280 : 80;
    9281 : 80;
    9282 : A0;
    9283 : C4;
    9284 : 80;
    9285 : 80;
    9286 : 80;
    9287 : 80;
    9288 : 80;
    9289 : 80;
    9290 : 80;
    9291 : 80;
    9292 : 80;
    9293 : A0;
    9294 : 80;
    9295 : 80;
    9296 : 80;
    9297 : 80;
    9298 : 80;
    9299 : 80;
    9300 : 80;
    9301 : 80;
    9302 : 80;
    9303 : 80;
    9304 : 80;
    9305 : 80;
    9306 : 80;
    9307 : A0;
    9308 : C0;
    9309 : A1;
    9310 : 80;
    9311 : 80;
    9312 : 80;
    9313 : 80;
    9314 : 80;
    9315 : A0;
    9316 : E4;
    9317 : C0;
    9318 : A0;
    9319 : A0;
    9320 : A0;
    9321 : A0;
    9322 : 80;
    9323 : 80;
    9324 : 80;
    9325 : 80;
    9326 : C4;
    9327 : A0;
    9328 : 60;
    9329 : C0;
    9330 : C0;
    9331 : 80;
    9332 : 80;
    9333 : 80;
    9334 : C0;
    9335 : 60;
    9336 : 20;
    9337 : 80;
    9338 : A0;
    9339 : 80;
    9340 : 80;
    9341 : A0;
    9342 : C0;
    9343 : 40;
    9344 : E4;
    9345 : E4;
    9346 : E4;
    9347 : E4;
    9348 : E8;
    9349 : EC;
    9350 : EC;
    9351 : EC;
    9352 : E4;
    9353 : E4;
    9354 : E4;
    9355 : E4;
    9356 : E4;
    9357 : E4;
    9358 : E4;
    9359 : E5;
    9360 : E4;
    9361 : E4;
    9362 : E4;
    9363 : E4;
    9364 : E4;
    9365 : E4;
    9366 : E4;
    9367 : E4;
    9368 : E5;
    9369 : E4;
    9370 : E4;
    9371 : E5;
    9372 : E5;
    9373 : E4;
    9374 : E4;
    9375 : E4;
    9376 : 80;
    9377 : 80;
    9378 : 80;
    9379 : A0;
    9380 : E4;
    9381 : E4;
    9382 : E4;
    9383 : E4;
    9384 : C4;
    9385 : C4;
    9386 : C4;
    9387 : C4;
    9388 : E4;
    9389 : E4;
    9390 : E4;
    9391 : E4;
    9392 : E5;
    9393 : E4;
    9394 : E4;
    9395 : E4;
    9396 : E4;
    9397 : E4;
    9398 : E4;
    9399 : E4;
    9400 : C5;
    9401 : E4;
    9402 : E4;
    9403 : E4;
    9404 : E4;
    9405 : E4;
    9406 : E8;
    9407 : EC;
    9408 : 00;
    9409 : 00;
    9410 : 25;
    9411 : 25;
    9412 : 25;
    9413 : 25;
    9414 : 25;
    9415 : 25;
    9416 : 01;
    9417 : 25;
    9418 : 25;
    9419 : 25;
    9420 : 25;
    9421 : 25;
    9422 : 25;
    9423 : 25;
    9424 : 25;
    9425 : 25;
    9426 : 25;
    9427 : 25;
    9428 : 25;
    9429 : 25;
    9430 : 25;
    9431 : 25;
    9432 : 25;
    9433 : 25;
    9434 : 25;
    9435 : 25;
    9436 : 25;
    9437 : 25;
    9438 : 25;
    9439 : 25;
    9440 : 25;
    9441 : 25;
    9442 : 25;
    9443 : 25;
    9444 : 25;
    9445 : 25;
    9446 : 21;
    9447 : 20;
    9448 : 05;
    9449 : 21;
    9450 : 21;
    9451 : 21;
    9452 : 01;
    9453 : 21;
    9454 : 01;
    9455 : 00;
    9456 : 00;
    9457 : 00;
    9458 : 20;
    9459 : 00;
    9460 : 00;
    9461 : 00;
    9462 : 00;
    9463 : 00;
    9464 : 20;
    9465 : 04;
    9466 : 20;
    9467 : 24;
    9468 : 24;
    9469 : 00;
    9470 : 00;
    9471 : 00;
    9472 : 20;
    9473 : 20;
    9474 : 81;
    9475 : 45;
    9476 : 20;
    9477 : 80;
    9478 : A0;
    9479 : A0;
    9480 : 20;
    9481 : 20;
    9482 : 80;
    9483 : 80;
    9484 : 20;
    9485 : 61;
    9486 : A0;
    9487 : 80;
    9488 : 20;
    9489 : 20;
    9490 : 20;
    9491 : 60;
    9492 : 60;
    9493 : 41;
    9494 : 80;
    9495 : 80;
    9496 : 60;
    9497 : 20;
    9498 : 20;
    9499 : 80;
    9500 : 80;
    9501 : 60;
    9502 : 80;
    9503 : A0;
    9504 : 60;
    9505 : 45;
    9506 : 20;
    9507 : 80;
    9508 : A0;
    9509 : 80;
    9510 : 80;
    9511 : 80;
    9512 : 61;
    9513 : 65;
    9514 : 20;
    9515 : 40;
    9516 : A0;
    9517 : 80;
    9518 : 80;
    9519 : 80;
    9520 : 40;
    9521 : 44;
    9522 : 20;
    9523 : 20;
    9524 : 60;
    9525 : 80;
    9526 : 80;
    9527 : 80;
    9528 : 20;
    9529 : 20;
    9530 : 20;
    9531 : 20;
    9532 : 60;
    9533 : 80;
    9534 : 80;
    9535 : 80;
    9536 : 0F;
    9537 : 0F;
    9538 : 0F;
    9539 : 0B;
    9540 : 0A;
    9541 : 06;
    9542 : 05;
    9543 : 05;
    9544 : 0F;
    9545 : 0F;
    9546 : 0F;
    9547 : 0A;
    9548 : 06;
    9549 : 06;
    9550 : 05;
    9551 : 05;
    9552 : 0F;
    9553 : 0F;
    9554 : 0A;
    9555 : 06;
    9556 : 06;
    9557 : 05;
    9558 : 05;
    9559 : 05;
    9560 : 0F;
    9561 : 0B;
    9562 : 06;
    9563 : 06;
    9564 : 05;
    9565 : 05;
    9566 : 05;
    9567 : 05;
    9568 : 0F;
    9569 : 0B;
    9570 : 06;
    9571 : 05;
    9572 : 05;
    9573 : 05;
    9574 : 05;
    9575 : 05;
    9576 : 0F;
    9577 : 0A;
    9578 : 06;
    9579 : 05;
    9580 : 05;
    9581 : 05;
    9582 : 05;
    9583 : 05;
    9584 : 0A;
    9585 : 05;
    9586 : 05;
    9587 : 05;
    9588 : 05;
    9589 : 05;
    9590 : 05;
    9591 : 05;
    9592 : 06;
    9593 : 06;
    9594 : 05;
    9595 : 05;
    9596 : 05;
    9597 : 05;
    9598 : 05;
    9599 : 05;
    9600 : 60;
    9601 : 20;
    9602 : 20;
    9603 : 20;
    9604 : 40;
    9605 : 80;
    9606 : 80;
    9607 : 80;
    9608 : 81;
    9609 : 20;
    9610 : 20;
    9611 : 20;
    9612 : 41;
    9613 : 40;
    9614 : A0;
    9615 : 80;
    9616 : 65;
    9617 : 20;
    9618 : 00;
    9619 : 20;
    9620 : 41;
    9621 : 24;
    9622 : 80;
    9623 : 80;
    9624 : 45;
    9625 : 20;
    9626 : 00;
    9627 : 20;
    9628 : 20;
    9629 : 24;
    9630 : 60;
    9631 : A0;
    9632 : 20;
    9633 : 60;
    9634 : 20;
    9635 : 20;
    9636 : 20;
    9637 : 20;
    9638 : 40;
    9639 : 80;
    9640 : 41;
    9641 : 84;
    9642 : 60;
    9643 : 00;
    9644 : 00;
    9645 : 20;
    9646 : 20;
    9647 : 40;
    9648 : 41;
    9649 : 41;
    9650 : 20;
    9651 : 20;
    9652 : 00;
    9653 : 20;
    9654 : 20;
    9655 : 20;
    9656 : 20;
    9657 : 01;
    9658 : 00;
    9659 : 40;
    9660 : 60;
    9661 : 20;
    9662 : 20;
    9663 : 20;
    9664 : 8F;
    9665 : B3;
    9666 : B3;
    9667 : 8F;
    9668 : 8F;
    9669 : 8F;
    9670 : AF;
    9671 : D3;
    9672 : AF;
    9673 : B3;
    9674 : 8F;
    9675 : B3;
    9676 : AF;
    9677 : 8F;
    9678 : 8F;
    9679 : AF;
    9680 : 8F;
    9681 : D3;
    9682 : B3;
    9683 : D3;
    9684 : AF;
    9685 : 8F;
    9686 : B3;
    9687 : 8F;
    9688 : 8F;
    9689 : B3;
    9690 : D7;
    9691 : D7;
    9692 : AF;
    9693 : 8B;
    9694 : B3;
    9695 : AF;
    9696 : 8F;
    9697 : 8F;
    9698 : D7;
    9699 : D7;
    9700 : AF;
    9701 : 8F;
    9702 : AF;
    9703 : D3;
    9704 : 8F;
    9705 : 8F;
    9706 : 8F;
    9707 : B3;
    9708 : AF;
    9709 : B3;
    9710 : D7;
    9711 : F3;
    9712 : 8F;
    9713 : 8F;
    9714 : 8F;
    9715 : 8F;
    9716 : B3;
    9717 : D3;
    9718 : F7;
    9719 : D3;
    9720 : 8F;
    9721 : AF;
    9722 : B3;
    9723 : 8B;
    9724 : 8F;
    9725 : D3;
    9726 : B3;
    9727 : AF;
    9728 : BB;
    9729 : 37;
    9730 : 13;
    9731 : 17;
    9732 : 7B;
    9733 : BF;
    9734 : 57;
    9735 : 13;
    9736 : 9B;
    9737 : 3B;
    9738 : 17;
    9739 : 3B;
    9740 : DF;
    9741 : 9B;
    9742 : 9B;
    9743 : 37;
    9744 : BB;
    9745 : 37;
    9746 : 13;
    9747 : 3B;
    9748 : 9F;
    9749 : 37;
    9750 : 13;
    9751 : 17;
    9752 : 57;
    9753 : 13;
    9754 : 13;
    9755 : 7B;
    9756 : 5B;
    9757 : 13;
    9758 : 13;
    9759 : 13;
    9760 : 37;
    9761 : 13;
    9762 : 17;
    9763 : 9B;
    9764 : 17;
    9765 : 13;
    9766 : 13;
    9767 : 13;
    9768 : 37;
    9769 : 13;
    9770 : 5B;
    9771 : 5B;
    9772 : 13;
    9773 : 13;
    9774 : 13;
    9775 : 13;
    9776 : 17;
    9777 : 13;
    9778 : 7B;
    9779 : 33;
    9780 : 13;
    9781 : 13;
    9782 : 13;
    9783 : 13;
    9784 : 17;
    9785 : 13;
    9786 : 13;
    9787 : 13;
    9788 : 13;
    9789 : 13;
    9790 : 13;
    9791 : 13;
    9792 : 00;
    9793 : 00;
    9794 : 00;
    9795 : 00;
    9796 : 00;
    9797 : 00;
    9798 : 00;
    9799 : 00;
    9800 : 00;
    9801 : 00;
    9802 : 00;
    9803 : 00;
    9804 : 00;
    9805 : 00;
    9806 : 00;
    9807 : 00;
    9808 : 00;
    9809 : 00;
    9810 : 00;
    9811 : 00;
    9812 : 00;
    9813 : 00;
    9814 : 00;
    9815 : 00;
    9816 : 40;
    9817 : 00;
    9818 : 00;
    9819 : 00;
    9820 : 00;
    9821 : 00;
    9822 : 00;
    9823 : 00;
    9824 : D0;
    9825 : 44;
    9826 : 00;
    9827 : 00;
    9828 : 00;
    9829 : 00;
    9830 : 00;
    9831 : 00;
    9832 : F4;
    9833 : B0;
    9834 : 24;
    9835 : 00;
    9836 : 00;
    9837 : 00;
    9838 : 00;
    9839 : 00;
    9840 : F0;
    9841 : F8;
    9842 : 6D;
    9843 : 00;
    9844 : 00;
    9845 : 00;
    9846 : 00;
    9847 : 00;
    9848 : F1;
    9849 : F8;
    9850 : D6;
    9851 : 00;
    9852 : 00;
    9853 : 00;
    9854 : 00;
    9855 : 00;
    9856 : 00;
    9857 : 00;
    9858 : 00;
    9859 : 00;
    9860 : 00;
    9861 : 00;
    9862 : 00;
    9863 : 00;
    9864 : 00;
    9865 : 00;
    9866 : 00;
    9867 : 00;
    9868 : 00;
    9869 : 00;
    9870 : 00;
    9871 : 00;
    9872 : 00;
    9873 : 00;
    9874 : 00;
    9875 : 00;
    9876 : 00;
    9877 : 00;
    9878 : 00;
    9879 : 00;
    9880 : 00;
    9881 : 00;
    9882 : 00;
    9883 : 00;
    9884 : 00;
    9885 : 00;
    9886 : 01;
    9887 : 00;
    9888 : 00;
    9889 : 00;
    9890 : 00;
    9891 : 00;
    9892 : 00;
    9893 : 00;
    9894 : 00;
    9895 : 40;
    9896 : 00;
    9897 : 00;
    9898 : 00;
    9899 : 00;
    9900 : 00;
    9901 : 00;
    9902 : 20;
    9903 : C5;
    9904 : 00;
    9905 : 00;
    9906 : 00;
    9907 : 00;
    9908 : 00;
    9909 : 00;
    9910 : 85;
    9911 : E9;
    9912 : 00;
    9913 : 00;
    9914 : 00;
    9915 : 00;
    9916 : 00;
    9917 : 00;
    9918 : 85;
    9919 : E5;
    9920 : 00;
    9921 : 05;
    9922 : 13;
    9923 : 0A;
    9924 : 00;
    9925 : 00;
    9926 : 00;
    9927 : 00;
    9928 : 01;
    9929 : 0F;
    9930 : 13;
    9931 : 0A;
    9932 : 00;
    9933 : 00;
    9934 : 00;
    9935 : 00;
    9936 : 2E;
    9937 : 13;
    9938 : 0F;
    9939 : 01;
    9940 : 00;
    9941 : 00;
    9942 : 00;
    9943 : 00;
    9944 : 33;
    9945 : 13;
    9946 : 06;
    9947 : 00;
    9948 : 00;
    9949 : 00;
    9950 : 00;
    9951 : 00;
    9952 : 12;
    9953 : 0A;
    9954 : 01;
    9955 : 00;
    9956 : 00;
    9957 : 00;
    9958 : 00;
    9959 : 00;
    9960 : 06;
    9961 : 01;
    9962 : 00;
    9963 : 00;
    9964 : 00;
    9965 : 00;
    9966 : 00;
    9967 : 00;
    9968 : 01;
    9969 : 00;
    9970 : 00;
    9971 : 00;
    9972 : 00;
    9973 : 00;
    9974 : 00;
    9975 : 00;
    9976 : 00;
    9977 : 00;
    9978 : 00;
    9979 : 00;
    9980 : 00;
    9981 : 00;
    9982 : 00;
    9983 : 00;
    9984 : 00;
    9985 : 4E;
    9986 : 9B;
    9987 : 37;
    9988 : 13;
    9989 : 13;
    9990 : 13;
    9991 : 13;
    9992 : 25;
    9993 : 9B;
    9994 : 7B;
    9995 : 13;
    9996 : 13;
    9997 : 13;
    9998 : 13;
    9999 : 13;
    10000 : B7;
    10001 : BF;
    10002 : 7B;
    10003 : 13;
    10004 : 13;
    10005 : 13;
    10006 : 13;
    10007 : 57;
    10008 : BB;
    10009 : BB;
    10010 : 5B;
    10011 : 13;
    10012 : 13;
    10013 : 13;
    10014 : 5B;
    10015 : 7B;
    10016 : BF;
    10017 : 9B;
    10018 : 17;
    10019 : 13;
    10020 : 13;
    10021 : 13;
    10022 : 5B;
    10023 : 57;
    10024 : 9B;
    10025 : 5B;
    10026 : 13;
    10027 : 13;
    10028 : 13;
    10029 : 57;
    10030 : 37;
    10031 : 57;
    10032 : 77;
    10033 : 13;
    10034 : 13;
    10035 : 13;
    10036 : 13;
    10037 : 37;
    10038 : 57;
    10039 : 7B;
    10040 : 17;
    10041 : 13;
    10042 : 13;
    10043 : 13;
    10044 : 13;
    10045 : 13;
    10046 : BF;
    10047 : 3B;
    10048 : 80;
    10049 : 80;
    10050 : 60;
    10051 : 20;
    10052 : 20;
    10053 : 40;
    10054 : 60;
    10055 : 80;
    10056 : 80;
    10057 : 80;
    10058 : 60;
    10059 : 20;
    10060 : 20;
    10061 : 20;
    10062 : 40;
    10063 : 60;
    10064 : 80;
    10065 : 80;
    10066 : 80;
    10067 : 60;
    10068 : 60;
    10069 : 60;
    10070 : 60;
    10071 : 40;
    10072 : 80;
    10073 : 80;
    10074 : 80;
    10075 : A0;
    10076 : A0;
    10077 : A0;
    10078 : 80;
    10079 : 40;
    10080 : 80;
    10081 : 80;
    10082 : 80;
    10083 : 80;
    10084 : 80;
    10085 : 80;
    10086 : 80;
    10087 : 80;
    10088 : 80;
    10089 : 80;
    10090 : 80;
    10091 : 80;
    10092 : 80;
    10093 : 80;
    10094 : A0;
    10095 : 80;
    10096 : 00;
    10097 : 20;
    10098 : A0;
    10099 : 80;
    10100 : 80;
    10101 : 80;
    10102 : 80;
    10103 : 80;
    10104 : 20;
    10105 : 20;
    10106 : 20;
    10107 : 20;
    10108 : 40;
    10109 : 40;
    10110 : 40;
    10111 : 80;
    10112 : 1B;
    10113 : 0F;
    10114 : 0B;
    10115 : 0F;
    10116 : 0F;
    10117 : 0F;
    10118 : 0F;
    10119 : 0F;
    10120 : 17;
    10121 : 0F;
    10122 : 0F;
    10123 : 0F;
    10124 : 0F;
    10125 : 0F;
    10126 : 0F;
    10127 : 0F;
    10128 : 0B;
    10129 : 0F;
    10130 : 0F;
    10131 : 0F;
    10132 : 0F;
    10133 : 0F;
    10134 : 0F;
    10135 : 0A;
    10136 : 0F;
    10137 : 0F;
    10138 : 0F;
    10139 : 0F;
    10140 : 0F;
    10141 : 0F;
    10142 : 0E;
    10143 : 01;
    10144 : 0F;
    10145 : 0F;
    10146 : 0F;
    10147 : 0F;
    10148 : 0F;
    10149 : 0A;
    10150 : 01;
    10151 : 00;
    10152 : 0F;
    10153 : 0F;
    10154 : 0F;
    10155 : 0F;
    10156 : 0A;
    10157 : 06;
    10158 : 01;
    10159 : 05;
    10160 : 0F;
    10161 : 0F;
    10162 : 0F;
    10163 : 0F;
    10164 : 0A;
    10165 : 05;
    10166 : 01;
    10167 : 0A;
    10168 : 0F;
    10169 : 0F;
    10170 : 0F;
    10171 : 0A;
    10172 : 06;
    10173 : 01;
    10174 : 05;
    10175 : 05;
    10176 : 0E;
    10177 : 0E;
    10178 : 0A;
    10179 : 05;
    10180 : 05;
    10181 : 05;
    10182 : 05;
    10183 : 05;
    10184 : 0E;
    10185 : 0E;
    10186 : 06;
    10187 : 05;
    10188 : 05;
    10189 : 05;
    10190 : 05;
    10191 : 05;
    10192 : 0F;
    10193 : 0E;
    10194 : 06;
    10195 : 05;
    10196 : 05;
    10197 : 05;
    10198 : 05;
    10199 : 05;
    10200 : 0F;
    10201 : 0A;
    10202 : 06;
    10203 : 05;
    10204 : 05;
    10205 : 05;
    10206 : 05;
    10207 : 05;
    10208 : 0B;
    10209 : 06;
    10210 : 05;
    10211 : 05;
    10212 : 05;
    10213 : 05;
    10214 : 05;
    10215 : 05;
    10216 : 05;
    10217 : 05;
    10218 : 05;
    10219 : 05;
    10220 : 05;
    10221 : 05;
    10222 : 05;
    10223 : 05;
    10224 : 05;
    10225 : 05;
    10226 : 05;
    10227 : 05;
    10228 : 05;
    10229 : 05;
    10230 : 05;
    10231 : 05;
    10232 : 05;
    10233 : 05;
    10234 : 05;
    10235 : 05;
    10236 : 05;
    10237 : 05;
    10238 : 05;
    10239 : 05;
    10240 : 05;
    10241 : 05;
    10242 : 05;
    10243 : 05;
    10244 : 05;
    10245 : 05;
    10246 : 4E;
    10247 : 2A;
    10248 : 05;
    10249 : 05;
    10250 : 05;
    10251 : 05;
    10252 : 05;
    10253 : 05;
    10254 : 05;
    10255 : 05;
    10256 : 05;
    10257 : 05;
    10258 : 05;
    10259 : 05;
    10260 : 05;
    10261 : 05;
    10262 : 05;
    10263 : 05;
    10264 : 05;
    10265 : 05;
    10266 : 05;
    10267 : 05;
    10268 : 05;
    10269 : 05;
    10270 : 05;
    10271 : 05;
    10272 : 05;
    10273 : 05;
    10274 : 05;
    10275 : 05;
    10276 : 05;
    10277 : 05;
    10278 : 05;
    10279 : 05;
    10280 : 05;
    10281 : 05;
    10282 : 05;
    10283 : 05;
    10284 : 05;
    10285 : 05;
    10286 : 05;
    10287 : 05;
    10288 : 05;
    10289 : 05;
    10290 : 05;
    10291 : 05;
    10292 : 05;
    10293 : 05;
    10294 : 05;
    10295 : 05;
    10296 : 05;
    10297 : 05;
    10298 : 05;
    10299 : 05;
    10300 : 05;
    10301 : 05;
    10302 : 05;
    10303 : 05;
    10304 : 00;
    10305 : 00;
    10306 : 40;
    10307 : F4;
    10308 : 68;
    10309 : 00;
    10310 : 00;
    10311 : 00;
    10312 : 00;
    10313 : 00;
    10314 : 00;
    10315 : D4;
    10316 : 24;
    10317 : 00;
    10318 : 00;
    10319 : 00;
    10320 : 00;
    10321 : 00;
    10322 : 00;
    10323 : 8C;
    10324 : 44;
    10325 : 00;
    10326 : 00;
    10327 : 00;
    10328 : 00;
    10329 : 00;
    10330 : 00;
    10331 : 00;
    10332 : 00;
    10333 : 00;
    10334 : 00;
    10335 : 00;
    10336 : 00;
    10337 : 00;
    10338 : 00;
    10339 : 00;
    10340 : 00;
    10341 : 00;
    10342 : 00;
    10343 : 00;
    10344 : 00;
    10345 : 00;
    10346 : 00;
    10347 : 00;
    10348 : 00;
    10349 : 00;
    10350 : 00;
    10351 : 00;
    10352 : 00;
    10353 : 00;
    10354 : 00;
    10355 : 00;
    10356 : 00;
    10357 : 00;
    10358 : 00;
    10359 : 00;
    10360 : 00;
    10361 : 00;
    10362 : 00;
    10363 : 00;
    10364 : 00;
    10365 : 00;
    10366 : 00;
    10367 : 00;
    10368 : 00;
    10369 : 00;
    10370 : 00;
    10371 : 00;
    10372 : 00;
    10373 : 00;
    10374 : 00;
    10375 : 00;
    10376 : 00;
    10377 : 00;
    10378 : 00;
    10379 : 00;
    10380 : 00;
    10381 : 00;
    10382 : 00;
    10383 : 00;
    10384 : 00;
    10385 : 00;
    10386 : 00;
    10387 : 00;
    10388 : 00;
    10389 : 00;
    10390 : 00;
    10391 : 00;
    10392 : 00;
    10393 : 00;
    10394 : 00;
    10395 : 00;
    10396 : 00;
    10397 : 00;
    10398 : 00;
    10399 : 00;
    10400 : 00;
    10401 : 00;
    10402 : 00;
    10403 : 00;
    10404 : 00;
    10405 : 00;
    10406 : 00;
    10407 : 00;
    10408 : 00;
    10409 : 00;
    10410 : 00;
    10411 : 00;
    10412 : 00;
    10413 : 00;
    10414 : 00;
    10415 : 00;
    10416 : 00;
    10417 : 25;
    10418 : 29;
    10419 : 00;
    10420 : 00;
    10421 : 00;
    10422 : 00;
    10423 : 00;
    10424 : 00;
    10425 : 72;
    10426 : BF;
    10427 : 2D;
    10428 : 00;
    10429 : 00;
    10430 : 00;
    10431 : 00;
    10432 : 20;
    10433 : 00;
    10434 : 00;
    10435 : 20;
    10436 : 20;
    10437 : 00;
    10438 : 00;
    10439 : 00;
    10440 : 20;
    10441 : 20;
    10442 : 24;
    10443 : 00;
    10444 : 00;
    10445 : 00;
    10446 : 00;
    10447 : 00;
    10448 : 20;
    10449 : 20;
    10450 : 20;
    10451 : 00;
    10452 : 20;
    10453 : 20;
    10454 : 00;
    10455 : 00;
    10456 : 20;
    10457 : 20;
    10458 : 00;
    10459 : 00;
    10460 : 20;
    10461 : 00;
    10462 : 00;
    10463 : 25;
    10464 : 20;
    10465 : 20;
    10466 : 00;
    10467 : 00;
    10468 : 00;
    10469 : 00;
    10470 : 04;
    10471 : 6E;
    10472 : 00;
    10473 : 00;
    10474 : 00;
    10475 : 00;
    10476 : 00;
    10477 : 00;
    10478 : 29;
    10479 : B7;
    10480 : 00;
    10481 : 00;
    10482 : 00;
    10483 : 00;
    10484 : 00;
    10485 : 4E;
    10486 : BF;
    10487 : 9B;
    10488 : 00;
    10489 : 00;
    10490 : 00;
    10491 : 00;
    10492 : 01;
    10493 : 97;
    10494 : BB;
    10495 : 9B;
    10496 : 00;
    10497 : 00;
    10498 : 00;
    10499 : 00;
    10500 : 00;
    10501 : 00;
    10502 : 00;
    10503 : 00;
    10504 : 00;
    10505 : 00;
    10506 : 00;
    10507 : 00;
    10508 : 00;
    10509 : 00;
    10510 : 00;
    10511 : 00;
    10512 : 00;
    10513 : 00;
    10514 : 00;
    10515 : 00;
    10516 : 00;
    10517 : 00;
    10518 : 00;
    10519 : 00;
    10520 : 00;
    10521 : 00;
    10522 : 00;
    10523 : 00;
    10524 : 00;
    10525 : 01;
    10526 : 01;
    10527 : 00;
    10528 : 00;
    10529 : 00;
    10530 : 00;
    10531 : 00;
    10532 : 01;
    10533 : 29;
    10534 : 00;
    10535 : 00;
    10536 : 00;
    10537 : 00;
    10538 : 00;
    10539 : 00;
    10540 : 2A;
    10541 : 05;
    10542 : 00;
    10543 : 00;
    10544 : 00;
    10545 : 00;
    10546 : 00;
    10547 : 06;
    10548 : 06;
    10549 : 01;
    10550 : 00;
    10551 : 00;
    10552 : 00;
    10553 : 00;
    10554 : 09;
    10555 : 0A;
    10556 : 01;
    10557 : 00;
    10558 : 00;
    10559 : 00;
    10560 : 25;
    10561 : 25;
    10562 : 4E;
    10563 : 92;
    10564 : 72;
    10565 : 93;
    10566 : 7B;
    10567 : 37;
    10568 : 25;
    10569 : 01;
    10570 : 93;
    10571 : DB;
    10572 : BB;
    10573 : 9B;
    10574 : 37;
    10575 : 1B;
    10576 : 21;
    10577 : 01;
    10578 : 97;
    10579 : 9B;
    10580 : 9B;
    10581 : 37;
    10582 : 17;
    10583 : 1B;
    10584 : 21;
    10585 : 72;
    10586 : 9F;
    10587 : 9B;
    10588 : 57;
    10589 : 13;
    10590 : 13;
    10591 : 13;
    10592 : 9B;
    10593 : 9B;
    10594 : BF;
    10595 : 5B;
    10596 : 13;
    10597 : 13;
    10598 : 13;
    10599 : 57;
    10600 : 9B;
    10601 : 5B;
    10602 : 3B;
    10603 : 1B;
    10604 : 13;
    10605 : 13;
    10606 : 13;
    10607 : 13;
    10608 : 7B;
    10609 : 17;
    10610 : 17;
    10611 : 17;
    10612 : 13;
    10613 : 13;
    10614 : 13;
    10615 : 13;
    10616 : 17;
    10617 : 17;
    10618 : 13;
    10619 : 13;
    10620 : 13;
    10621 : 13;
    10622 : 13;
    10623 : 13;
    10624 : 05;
    10625 : 05;
    10626 : 00;
    10627 : 00;
    10628 : 05;
    10629 : 05;
    10630 : 05;
    10631 : 05;
    10632 : 05;
    10633 : 01;
    10634 : 00;
    10635 : 01;
    10636 : 05;
    10637 : 05;
    10638 : 05;
    10639 : 05;
    10640 : 05;
    10641 : 01;
    10642 : 00;
    10643 : 05;
    10644 : 05;
    10645 : 05;
    10646 : 05;
    10647 : 06;
    10648 : 05;
    10649 : 01;
    10650 : 05;
    10651 : 05;
    10652 : 05;
    10653 : 05;
    10654 : 05;
    10655 : 0A;
    10656 : 05;
    10657 : 05;
    10658 : 05;
    10659 : 05;
    10660 : 05;
    10661 : 0A;
    10662 : 0F;
    10663 : 0E;
    10664 : 05;
    10665 : 05;
    10666 : 05;
    10667 : 06;
    10668 : 0A;
    10669 : 05;
    10670 : 0A;
    10671 : 0A;
    10672 : 05;
    10673 : 05;
    10674 : 05;
    10675 : 0A;
    10676 : 0A;
    10677 : 0A;
    10678 : 09;
    10679 : 05;
    10680 : 05;
    10681 : 05;
    10682 : 09;
    10683 : 0F;
    10684 : 06;
    10685 : 06;
    10686 : 05;
    10687 : 00;
    10688 : 25;
    10689 : 25;
    10690 : 25;
    10691 : 85;
    10692 : A1;
    10693 : 20;
    10694 : 40;
    10695 : 81;
    10696 : 25;
    10697 : 25;
    10698 : 25;
    10699 : 85;
    10700 : C1;
    10701 : 40;
    10702 : 20;
    10703 : 44;
    10704 : 25;
    10705 : 25;
    10706 : 25;
    10707 : 65;
    10708 : C1;
    10709 : A0;
    10710 : 20;
    10711 : 20;
    10712 : 01;
    10713 : 21;
    10714 : 25;
    10715 : 45;
    10716 : C1;
    10717 : A1;
    10718 : 20;
    10719 : 40;
    10720 : 6E;
    10721 : 25;
    10722 : 25;
    10723 : 45;
    10724 : 85;
    10725 : A1;
    10726 : 20;
    10727 : 20;
    10728 : 92;
    10729 : 25;
    10730 : 25;
    10731 : 45;
    10732 : 85;
    10733 : A1;
    10734 : 24;
    10735 : 20;
    10736 : 25;
    10737 : 25;
    10738 : 25;
    10739 : 45;
    10740 : 85;
    10741 : A0;
    10742 : 40;
    10743 : 20;
    10744 : 25;
    10745 : 25;
    10746 : 25;
    10747 : 45;
    10748 : 85;
    10749 : C0;
    10750 : 80;
    10751 : 20;
    10752 : 45;
    10753 : 9B;
    10754 : BB;
    10755 : 77;
    10756 : 13;
    10757 : 13;
    10758 : 13;
    10759 : 0F;
    10760 : 25;
    10761 : 9B;
    10762 : BB;
    10763 : 77;
    10764 : 13;
    10765 : 13;
    10766 : 0E;
    10767 : 0F;
    10768 : 25;
    10769 : 9B;
    10770 : DB;
    10771 : 77;
    10772 : 13;
    10773 : 13;
    10774 : 0F;
    10775 : 0B;
    10776 : 25;
    10777 : 9B;
    10778 : BB;
    10779 : 77;
    10780 : 13;
    10781 : 13;
    10782 : 0F;
    10783 : 0F;
    10784 : 25;
    10785 : 9B;
    10786 : BB;
    10787 : 57;
    10788 : 13;
    10789 : 0F;
    10790 : 0F;
    10791 : 0F;
    10792 : 25;
    10793 : 9B;
    10794 : BB;
    10795 : 77;
    10796 : 13;
    10797 : 0F;
    10798 : 0F;
    10799 : 0F;
    10800 : 25;
    10801 : 9B;
    10802 : 9B;
    10803 : 37;
    10804 : 13;
    10805 : 0F;
    10806 : 0B;
    10807 : 13;
    10808 : 05;
    10809 : BB;
    10810 : 77;
    10811 : 13;
    10812 : 13;
    10813 : 13;
    10814 : 0F;
    10815 : 0F;
    10816 : 00;
    10817 : 00;
    10818 : 00;
    10819 : 00;
    10820 : 25;
    10821 : 25;
    10822 : 25;
    10823 : 6A;
    10824 : 00;
    10825 : 00;
    10826 : 21;
    10827 : 45;
    10828 : 25;
    10829 : 25;
    10830 : 25;
    10831 : 4A;
    10832 : 00;
    10833 : 25;
    10834 : 25;
    10835 : 25;
    10836 : 25;
    10837 : 26;
    10838 : 25;
    10839 : 4A;
    10840 : 25;
    10841 : 25;
    10842 : 25;
    10843 : 25;
    10844 : 25;
    10845 : 25;
    10846 : 25;
    10847 : 4A;
    10848 : 25;
    10849 : 25;
    10850 : 25;
    10851 : 25;
    10852 : 25;
    10853 : 25;
    10854 : 25;
    10855 : 2F;
    10856 : 25;
    10857 : 25;
    10858 : 25;
    10859 : 25;
    10860 : 25;
    10861 : 25;
    10862 : 4E;
    10863 : 57;
    10864 : 25;
    10865 : 25;
    10866 : 25;
    10867 : 25;
    10868 : 25;
    10869 : 2A;
    10870 : 7B;
    10871 : BF;
    10872 : 25;
    10873 : 25;
    10874 : 25;
    10875 : 25;
    10876 : 25;
    10877 : 37;
    10878 : 57;
    10879 : 9B;
    10880 : 00;
    10881 : 00;
    10882 : 00;
    10883 : 00;
    10884 : 00;
    10885 : 00;
    10886 : 4A;
    10887 : BB;
    10888 : 00;
    10889 : 00;
    10890 : 00;
    10891 : 00;
    10892 : 00;
    10893 : 05;
    10894 : 77;
    10895 : 9B;
    10896 : 00;
    10897 : 00;
    10898 : 00;
    10899 : 00;
    10900 : 00;
    10901 : 09;
    10902 : 9B;
    10903 : 9B;
    10904 : 00;
    10905 : 00;
    10906 : 00;
    10907 : 00;
    10908 : 00;
    10909 : 77;
    10910 : BB;
    10911 : BF;
    10912 : 00;
    10913 : 00;
    10914 : 00;
    10915 : 01;
    10916 : 6E;
    10917 : BB;
    10918 : BB;
    10919 : 9B;
    10920 : 00;
    10921 : 00;
    10922 : 00;
    10923 : 49;
    10924 : DF;
    10925 : 9B;
    10926 : 7B;
    10927 : 3B;
    10928 : 00;
    10929 : 00;
    10930 : 01;
    10931 : B7;
    10932 : BB;
    10933 : 33;
    10934 : 1B;
    10935 : 1B;
    10936 : 00;
    10937 : 00;
    10938 : 92;
    10939 : DB;
    10940 : 5B;
    10941 : 17;
    10942 : 17;
    10943 : 13;
    10944 : 77;
    10945 : CE;
    10946 : E5;
    10947 : CE;
    10948 : 53;
    10949 : 73;
    10950 : 49;
    10951 : 00;
    10952 : 4E;
    10953 : 4A;
    10954 : 4A;
    10955 : 6B;
    10956 : 77;
    10957 : 77;
    10958 : 25;
    10959 : 00;
    10960 : 4B;
    10961 : 06;
    10962 : 73;
    10963 : 6B;
    10964 : 6F;
    10965 : 4E;
    10966 : 00;
    10967 : 00;
    10968 : 4B;
    10969 : 27;
    10970 : 97;
    10971 : 73;
    10972 : 4F;
    10973 : 25;
    10974 : 00;
    10975 : 00;
    10976 : 4B;
    10977 : 6F;
    10978 : 53;
    10979 : 53;
    10980 : 4B;
    10981 : 01;
    10982 : 00;
    10983 : 00;
    10984 : 4A;
    10985 : 73;
    10986 : 4F;
    10987 : 05;
    10988 : 01;
    10989 : 00;
    10990 : 00;
    10991 : 00;
    10992 : 01;
    10993 : 01;
    10994 : 00;
    10995 : 00;
    10996 : 00;
    10997 : 00;
    10998 : 00;
    10999 : 00;
    11000 : 00;
    11001 : 00;
    11002 : 00;
    11003 : 00;
    11004 : 00;
    11005 : 00;
    11006 : 00;
    11007 : 00;
    11008 : 00;
    11009 : 00;
    11010 : 00;
    11011 : 00;
    11012 : 00;
    11013 : 45;
    11014 : D1;
    11015 : EC;
    11016 : 00;
    11017 : 00;
    11018 : 00;
    11019 : 00;
    11020 : 00;
    11021 : 89;
    11022 : CD;
    11023 : E9;
    11024 : 00;
    11025 : 00;
    11026 : 00;
    11027 : 00;
    11028 : 20;
    11029 : CD;
    11030 : A9;
    11031 : E5;
    11032 : 00;
    11033 : 00;
    11034 : 00;
    11035 : 00;
    11036 : 20;
    11037 : C9;
    11038 : 80;
    11039 : E4;
    11040 : 00;
    11041 : 00;
    11042 : 00;
    11043 : 00;
    11044 : 84;
    11045 : 89;
    11046 : A5;
    11047 : E5;
    11048 : 00;
    11049 : 00;
    11050 : 00;
    11051 : 00;
    11052 : 84;
    11053 : A9;
    11054 : A4;
    11055 : E8;
    11056 : 00;
    11057 : 00;
    11058 : 00;
    11059 : 00;
    11060 : 88;
    11061 : AD;
    11062 : AD;
    11063 : E9;
    11064 : 00;
    11065 : 00;
    11066 : 00;
    11067 : 00;
    11068 : 8D;
    11069 : 8D;
    11070 : 89;
    11071 : CD;
    11072 : F9;
    11073 : F9;
    11074 : D0;
    11075 : 8C;
    11076 : 8D;
    11077 : 48;
    11078 : 00;
    11079 : 00;
    11080 : FA;
    11081 : F5;
    11082 : F0;
    11083 : F5;
    11084 : F9;
    11085 : D4;
    11086 : 49;
    11087 : 24;
    11088 : FD;
    11089 : F9;
    11090 : F1;
    11091 : F0;
    11092 : F4;
    11093 : F8;
    11094 : D5;
    11095 : 6D;
    11096 : F8;
    11097 : F8;
    11098 : F4;
    11099 : F0;
    11100 : F0;
    11101 : F4;
    11102 : F4;
    11103 : B0;
    11104 : F8;
    11105 : F8;
    11106 : F4;
    11107 : F0;
    11108 : F1;
    11109 : F0;
    11110 : F0;
    11111 : F4;
    11112 : F4;
    11113 : F4;
    11114 : F8;
    11115 : F8;
    11116 : F0;
    11117 : F0;
    11118 : F4;
    11119 : F8;
    11120 : EC;
    11121 : F4;
    11122 : F8;
    11123 : F8;
    11124 : F4;
    11125 : F1;
    11126 : F5;
    11127 : F9;
    11128 : EC;
    11129 : F0;
    11130 : F4;
    11131 : F8;
    11132 : F8;
    11133 : F5;
    11134 : F1;
    11135 : F4;
    11136 : 25;
    11137 : BE;
    11138 : FF;
    11139 : DF;
    11140 : 09;
    11141 : 00;
    11142 : 00;
    11143 : 00;
    11144 : 00;
    11145 : 29;
    11146 : 9A;
    11147 : 9A;
    11148 : 04;
    11149 : 00;
    11150 : 00;
    11151 : 00;
    11152 : 00;
    11153 : 00;
    11154 : 4D;
    11155 : 29;
    11156 : 00;
    11157 : 00;
    11158 : 00;
    11159 : 00;
    11160 : 00;
    11161 : 00;
    11162 : 05;
    11163 : 00;
    11164 : 00;
    11165 : 00;
    11166 : 00;
    11167 : 00;
    11168 : 00;
    11169 : 00;
    11170 : 00;
    11171 : 00;
    11172 : 00;
    11173 : 00;
    11174 : 00;
    11175 : 00;
    11176 : 00;
    11177 : 00;
    11178 : 00;
    11179 : 00;
    11180 : 00;
    11181 : 00;
    11182 : 00;
    11183 : 00;
    11184 : 00;
    11185 : 00;
    11186 : 00;
    11187 : 00;
    11188 : 00;
    11189 : 00;
    11190 : 00;
    11191 : 00;
    11192 : 00;
    11193 : 00;
    11194 : 00;
    11195 : 00;
    11196 : 00;
    11197 : 00;
    11198 : 00;
    11199 : 00;
    11200 : 00;
    11201 : 00;
    11202 : 00;
    11203 : 20;
    11204 : A0;
    11205 : E1;
    11206 : 80;
    11207 : 00;
    11208 : 00;
    11209 : 00;
    11210 : 20;
    11211 : 25;
    11212 : 65;
    11213 : E0;
    11214 : 80;
    11215 : 00;
    11216 : 21;
    11217 : 25;
    11218 : 25;
    11219 : 25;
    11220 : 26;
    11221 : A5;
    11222 : E4;
    11223 : 20;
    11224 : 25;
    11225 : 25;
    11226 : 25;
    11227 : 25;
    11228 : 26;
    11229 : 26;
    11230 : C5;
    11231 : A4;
    11232 : 25;
    11233 : 25;
    11234 : 25;
    11235 : 25;
    11236 : 26;
    11237 : 26;
    11238 : 66;
    11239 : E5;
    11240 : 25;
    11241 : 25;
    11242 : 25;
    11243 : 25;
    11244 : 25;
    11245 : 45;
    11246 : 45;
    11247 : A5;
    11248 : 25;
    11249 : 25;
    11250 : 25;
    11251 : 25;
    11252 : 25;
    11253 : 25;
    11254 : 21;
    11255 : 21;
    11256 : 25;
    11257 : 25;
    11258 : 25;
    11259 : 25;
    11260 : 25;
    11261 : 25;
    11262 : 25;
    11263 : 21;
    11264 : 13;
    11265 : 06;
    11266 : 06;
    11267 : 0F;
    11268 : 0F;
    11269 : 0F;
    11270 : 0F;
    11271 : 0F;
    11272 : 05;
    11273 : 01;
    11274 : 0A;
    11275 : 57;
    11276 : 53;
    11277 : 0B;
    11278 : 0F;
    11279 : 0F;
    11280 : 00;
    11281 : 00;
    11282 : 01;
    11283 : 2A;
    11284 : 77;
    11285 : 33;
    11286 : 0B;
    11287 : 0F;
    11288 : 01;
    11289 : 00;
    11290 : 00;
    11291 : 01;
    11292 : 53;
    11293 : 32;
    11294 : 0B;
    11295 : 0F;
    11296 : 00;
    11297 : 00;
    11298 : 00;
    11299 : 25;
    11300 : 2A;
    11301 : 06;
    11302 : 0F;
    11303 : 0F;
    11304 : 00;
    11305 : 00;
    11306 : 00;
    11307 : 05;
    11308 : 25;
    11309 : 06;
    11310 : 0F;
    11311 : 0F;
    11312 : 00;
    11313 : 00;
    11314 : 05;
    11315 : 2A;
    11316 : 0A;
    11317 : 0F;
    11318 : 0F;
    11319 : 0F;
    11320 : 01;
    11321 : 0A;
    11322 : 0A;
    11323 : 06;
    11324 : 0A;
    11325 : 0F;
    11326 : 0F;
    11327 : 0F;
    11328 : 25;
    11329 : 25;
    11330 : 25;
    11331 : 25;
    11332 : 25;
    11333 : 25;
    11334 : 25;
    11335 : 25;
    11336 : 25;
    11337 : 25;
    11338 : 25;
    11339 : 25;
    11340 : 25;
    11341 : 25;
    11342 : 25;
    11343 : 21;
    11344 : 25;
    11345 : 25;
    11346 : 25;
    11347 : 25;
    11348 : 25;
    11349 : 25;
    11350 : 25;
    11351 : 8E;
    11352 : 25;
    11353 : 25;
    11354 : 25;
    11355 : 25;
    11356 : 25;
    11357 : 25;
    11358 : 45;
    11359 : 8D;
    11360 : 25;
    11361 : 25;
    11362 : 25;
    11363 : 25;
    11364 : 25;
    11365 : 25;
    11366 : 25;
    11367 : 21;
    11368 : 25;
    11369 : 25;
    11370 : 25;
    11371 : 25;
    11372 : 25;
    11373 : 25;
    11374 : 25;
    11375 : 88;
    11376 : 25;
    11377 : 25;
    11378 : 25;
    11379 : 25;
    11380 : 25;
    11381 : 25;
    11382 : 91;
    11383 : D4;
    11384 : 25;
    11385 : 25;
    11386 : 25;
    11387 : 25;
    11388 : 25;
    11389 : 21;
    11390 : 49;
    11391 : D4;
    11392 : 00;
    11393 : 00;
    11394 : 00;
    11395 : 00;
    11396 : 4A;
    11397 : 97;
    11398 : 93;
    11399 : 46;
    11400 : 00;
    11401 : 00;
    11402 : 00;
    11403 : 00;
    11404 : 01;
    11405 : D7;
    11406 : 97;
    11407 : 6F;
    11408 : 00;
    11409 : 00;
    11410 : 00;
    11411 : 00;
    11412 : 25;
    11413 : BB;
    11414 : 93;
    11415 : 73;
    11416 : 00;
    11417 : 00;
    11418 : 00;
    11419 : 00;
    11420 : 00;
    11421 : 21;
    11422 : 8E;
    11423 : 6F;
    11424 : 00;
    11425 : 00;
    11426 : 00;
    11427 : 00;
    11428 : 00;
    11429 : 00;
    11430 : 25;
    11431 : 4A;
    11432 : 00;
    11433 : 00;
    11434 : 00;
    11435 : 00;
    11436 : 00;
    11437 : 00;
    11438 : 00;
    11439 : 25;
    11440 : 00;
    11441 : 00;
    11442 : 00;
    11443 : 00;
    11444 : 00;
    11445 : 00;
    11446 : 00;
    11447 : 01;
    11448 : 00;
    11449 : 00;
    11450 : 00;
    11451 : 00;
    11452 : 00;
    11453 : 00;
    11454 : 00;
    11455 : 00;
    11456 : 00;
    11457 : 00;
    11458 : 00;
    11459 : 00;
    11460 : 00;
    11461 : 01;
    11462 : 25;
    11463 : 0A;
    11464 : 00;
    11465 : 00;
    11466 : 00;
    11467 : 00;
    11468 : 00;
    11469 : 46;
    11470 : 97;
    11471 : 4F;
    11472 : 00;
    11473 : 00;
    11474 : 00;
    11475 : 00;
    11476 : 25;
    11477 : 93;
    11478 : 53;
    11479 : 73;
    11480 : 00;
    11481 : 00;
    11482 : 00;
    11483 : 00;
    11484 : 25;
    11485 : 93;
    11486 : 53;
    11487 : 73;
    11488 : 00;
    11489 : 00;
    11490 : 00;
    11491 : 00;
    11492 : 26;
    11493 : 73;
    11494 : 73;
    11495 : 73;
    11496 : 00;
    11497 : 00;
    11498 : 00;
    11499 : 00;
    11500 : 2A;
    11501 : 53;
    11502 : 73;
    11503 : 73;
    11504 : 00;
    11505 : 00;
    11506 : 00;
    11507 : 00;
    11508 : 25;
    11509 : 2B;
    11510 : 73;
    11511 : 53;
    11512 : 00;
    11513 : 00;
    11514 : 00;
    11515 : 00;
    11516 : 06;
    11517 : 4F;
    11518 : 73;
    11519 : 73;
    11520 : 00;
    11521 : 00;
    11522 : 00;
    11523 : 00;
    11524 : 00;
    11525 : 00;
    11526 : 00;
    11527 : 00;
    11528 : 00;
    11529 : 00;
    11530 : 00;
    11531 : 00;
    11532 : 00;
    11533 : 00;
    11534 : 00;
    11535 : 00;
    11536 : A8;
    11537 : 00;
    11538 : 00;
    11539 : 00;
    11540 : 00;
    11541 : 00;
    11542 : 00;
    11543 : 00;
    11544 : EC;
    11545 : 60;
    11546 : 00;
    11547 : 00;
    11548 : 00;
    11549 : 00;
    11550 : 00;
    11551 : 00;
    11552 : F0;
    11553 : C4;
    11554 : 00;
    11555 : 00;
    11556 : 00;
    11557 : 00;
    11558 : 00;
    11559 : 00;
    11560 : F0;
    11561 : 84;
    11562 : 00;
    11563 : 00;
    11564 : 00;
    11565 : 00;
    11566 : 00;
    11567 : 00;
    11568 : C8;
    11569 : 40;
    11570 : 00;
    11571 : 00;
    11572 : 00;
    11573 : 00;
    11574 : 00;
    11575 : 00;
    11576 : 20;
    11577 : 00;
    11578 : 00;
    11579 : 00;
    11580 : 00;
    11581 : 00;
    11582 : 00;
    11583 : 00;
    11584 : FF;
    11585 : D7;
    11586 : AF;
    11587 : 05;
    11588 : 00;
    11589 : 00;
    11590 : 00;
    11591 : 00;
    11592 : FF;
    11593 : DB;
    11594 : D3;
    11595 : 25;
    11596 : 00;
    11597 : 00;
    11598 : 00;
    11599 : 00;
    11600 : FF;
    11601 : FB;
    11602 : D3;
    11603 : 4A;
    11604 : 00;
    11605 : 00;
    11606 : 00;
    11607 : 00;
    11608 : D7;
    11609 : D7;
    11610 : D3;
    11611 : 6E;
    11612 : 00;
    11613 : 00;
    11614 : 00;
    11615 : 00;
    11616 : D3;
    11617 : D7;
    11618 : D3;
    11619 : B3;
    11620 : 01;
    11621 : 00;
    11622 : 00;
    11623 : 00;
    11624 : D3;
    11625 : D3;
    11626 : D3;
    11627 : D3;
    11628 : 25;
    11629 : 00;
    11630 : 00;
    11631 : 44;
    11632 : D3;
    11633 : D3;
    11634 : D7;
    11635 : D7;
    11636 : 45;
    11637 : 00;
    11638 : 00;
    11639 : 49;
    11640 : D3;
    11641 : D3;
    11642 : D7;
    11643 : DB;
    11644 : 49;
    11645 : 00;
    11646 : 00;
    11647 : 00;
    11648 : 00;
    11649 : 00;
    11650 : 00;
    11651 : 00;
    11652 : 49;
    11653 : BB;
    11654 : BB;
    11655 : BB;
    11656 : 00;
    11657 : 00;
    11658 : 00;
    11659 : 21;
    11660 : 97;
    11661 : BB;
    11662 : 9B;
    11663 : 57;
    11664 : 00;
    11665 : 00;
    11666 : 00;
    11667 : 4A;
    11668 : 9B;
    11669 : 9B;
    11670 : 7B;
    11671 : 13;
    11672 : 00;
    11673 : 00;
    11674 : 00;
    11675 : 4E;
    11676 : BB;
    11677 : 9F;
    11678 : 17;
    11679 : 13;
    11680 : 00;
    11681 : 00;
    11682 : 25;
    11683 : 77;
    11684 : 9B;
    11685 : 3B;
    11686 : 17;
    11687 : 13;
    11688 : 00;
    11689 : 01;
    11690 : 73;
    11691 : 9B;
    11692 : 9B;
    11693 : 17;
    11694 : 13;
    11695 : 13;
    11696 : 00;
    11697 : 25;
    11698 : 9B;
    11699 : 9F;
    11700 : 57;
    11701 : 13;
    11702 : 13;
    11703 : 13;
    11704 : 00;
    11705 : 25;
    11706 : BF;
    11707 : 7B;
    11708 : 13;
    11709 : 13;
    11710 : 13;
    11711 : 13;
    11712 : 00;
    11713 : 00;
    11714 : 00;
    11715 : 00;
    11716 : 00;
    11717 : 00;
    11718 : 00;
    11719 : 00;
    11720 : 00;
    11721 : 00;
    11722 : 00;
    11723 : 00;
    11724 : 00;
    11725 : 00;
    11726 : 00;
    11727 : 00;
    11728 : 00;
    11729 : 00;
    11730 : 00;
    11731 : 00;
    11732 : 00;
    11733 : 00;
    11734 : 00;
    11735 : 00;
    11736 : 00;
    11737 : 00;
    11738 : 00;
    11739 : 00;
    11740 : 00;
    11741 : 00;
    11742 : 00;
    11743 : 00;
    11744 : 00;
    11745 : 00;
    11746 : 40;
    11747 : C5;
    11748 : E5;
    11749 : 85;
    11750 : 00;
    11751 : 00;
    11752 : 00;
    11753 : 61;
    11754 : C5;
    11755 : E5;
    11756 : E5;
    11757 : E5;
    11758 : 41;
    11759 : 00;
    11760 : 00;
    11761 : 80;
    11762 : E5;
    11763 : E5;
    11764 : E5;
    11765 : E5;
    11766 : C5;
    11767 : 20;
    11768 : 20;
    11769 : C4;
    11770 : E5;
    11771 : E5;
    11772 : E5;
    11773 : E5;
    11774 : E5;
    11775 : 60;
    11776 : 00;
    11777 : 00;
    11778 : 00;
    11779 : 00;
    11780 : 4E;
    11781 : BB;
    11782 : 9B;
    11783 : BB;
    11784 : 00;
    11785 : 00;
    11786 : 00;
    11787 : 4E;
    11788 : 97;
    11789 : 9B;
    11790 : 9B;
    11791 : 9B;
    11792 : 00;
    11793 : 00;
    11794 : 25;
    11795 : BB;
    11796 : 9B;
    11797 : 9B;
    11798 : 9B;
    11799 : 9B;
    11800 : 00;
    11801 : 00;
    11802 : 97;
    11803 : 9B;
    11804 : 9B;
    11805 : 9B;
    11806 : 9B;
    11807 : 9B;
    11808 : 00;
    11809 : 92;
    11810 : BB;
    11811 : 9B;
    11812 : 9B;
    11813 : 9B;
    11814 : BB;
    11815 : 5B;
    11816 : 4A;
    11817 : BB;
    11818 : 9B;
    11819 : 9B;
    11820 : 9B;
    11821 : 9B;
    11822 : BB;
    11823 : 3B;
    11824 : 97;
    11825 : 9B;
    11826 : 9B;
    11827 : 9B;
    11828 : 9B;
    11829 : 9B;
    11830 : 9B;
    11831 : BF;
    11832 : BB;
    11833 : 9B;
    11834 : 9B;
    11835 : 9B;
    11836 : 9B;
    11837 : 9B;
    11838 : 9F;
    11839 : 9F;
    11840 : F0;
    11841 : F0;
    11842 : F8;
    11843 : B5;
    11844 : 00;
    11845 : 00;
    11846 : 00;
    11847 : 01;
    11848 : F0;
    11849 : F0;
    11850 : F4;
    11851 : B1;
    11852 : 00;
    11853 : 00;
    11854 : 00;
    11855 : 04;
    11856 : F4;
    11857 : F4;
    11858 : F4;
    11859 : D5;
    11860 : 24;
    11861 : 00;
    11862 : 00;
    11863 : 04;
    11864 : F8;
    11865 : F8;
    11866 : F8;
    11867 : F8;
    11868 : B1;
    11869 : 24;
    11870 : 04;
    11871 : 04;
    11872 : F8;
    11873 : F8;
    11874 : F8;
    11875 : F8;
    11876 : FD;
    11877 : 6C;
    11878 : 00;
    11879 : 04;
    11880 : F0;
    11881 : F8;
    11882 : F8;
    11883 : F9;
    11884 : F9;
    11885 : 6C;
    11886 : 00;
    11887 : 04;
    11888 : F0;
    11889 : F5;
    11890 : F5;
    11891 : F9;
    11892 : F1;
    11893 : F5;
    11894 : 44;
    11895 : 04;
    11896 : F0;
    11897 : F0;
    11898 : F5;
    11899 : F5;
    11900 : F1;
    11901 : F1;
    11902 : B1;
    11903 : 05;
    11904 : 00;
    11905 : 00;
    11906 : 00;
    11907 : 00;
    11908 : 00;
    11909 : 00;
    11910 : 00;
    11911 : 00;
    11912 : 00;
    11913 : 00;
    11914 : 00;
    11915 : 00;
    11916 : 00;
    11917 : 00;
    11918 : 00;
    11919 : 00;
    11920 : 00;
    11921 : 00;
    11922 : 00;
    11923 : 00;
    11924 : 00;
    11925 : 00;
    11926 : 00;
    11927 : 00;
    11928 : 89;
    11929 : 49;
    11930 : 00;
    11931 : 00;
    11932 : 00;
    11933 : 00;
    11934 : 00;
    11935 : 00;
    11936 : F1;
    11937 : D5;
    11938 : 40;
    11939 : 40;
    11940 : 00;
    11941 : 00;
    11942 : 00;
    11943 : 00;
    11944 : EC;
    11945 : EC;
    11946 : EC;
    11947 : ED;
    11948 : 65;
    11949 : 00;
    11950 : 00;
    11951 : 00;
    11952 : EC;
    11953 : EC;
    11954 : EC;
    11955 : EC;
    11956 : CD;
    11957 : 21;
    11958 : 00;
    11959 : 00;
    11960 : EC;
    11961 : F1;
    11962 : F2;
    11963 : F6;
    11964 : EC;
    11965 : 40;
    11966 : 00;
    11967 : 00;
    11968 : 25;
    11969 : 25;
    11970 : 25;
    11971 : 25;
    11972 : 25;
    11973 : 25;
    11974 : 25;
    11975 : 25;
    11976 : 25;
    11977 : 25;
    11978 : 25;
    11979 : 25;
    11980 : 25;
    11981 : 25;
    11982 : 25;
    11983 : 21;
    11984 : 25;
    11985 : 25;
    11986 : 25;
    11987 : 25;
    11988 : 25;
    11989 : 25;
    11990 : 25;
    11991 : 25;
    11992 : 21;
    11993 : 25;
    11994 : 25;
    11995 : 25;
    11996 : 25;
    11997 : 25;
    11998 : 25;
    11999 : 25;
    12000 : 69;
    12001 : 25;
    12002 : 25;
    12003 : 25;
    12004 : 25;
    12005 : 25;
    12006 : 25;
    12007 : 25;
    12008 : D1;
    12009 : 45;
    12010 : 25;
    12011 : 25;
    12012 : 25;
    12013 : 25;
    12014 : 25;
    12015 : 25;
    12016 : F4;
    12017 : 65;
    12018 : 25;
    12019 : 25;
    12020 : 25;
    12021 : 25;
    12022 : 25;
    12023 : 25;
    12024 : A4;
    12025 : 21;
    12026 : 25;
    12027 : 25;
    12028 : 25;
    12029 : 25;
    12030 : 25;
    12031 : 25;
    12032 : F9;
    12033 : F5;
    12034 : F5;
    12035 : F5;
    12036 : F9;
    12037 : 2D;
    12038 : 04;
    12039 : 05;
    12040 : F9;
    12041 : F5;
    12042 : F5;
    12043 : F5;
    12044 : F9;
    12045 : 29;
    12046 : 05;
    12047 : 09;
    12048 : F9;
    12049 : F9;
    12050 : F9;
    12051 : F9;
    12052 : FD;
    12053 : 29;
    12054 : 05;
    12055 : 29;
    12056 : F9;
    12057 : FD;
    12058 : FD;
    12059 : FD;
    12060 : FD;
    12061 : 29;
    12062 : 05;
    12063 : 01;
    12064 : F9;
    12065 : F9;
    12066 : F5;
    12067 : F9;
    12068 : FD;
    12069 : 28;
    12070 : 05;
    12071 : 05;
    12072 : F9;
    12073 : F5;
    12074 : F5;
    12075 : F4;
    12076 : FD;
    12077 : 29;
    12078 : 05;
    12079 : 05;
    12080 : F9;
    12081 : F0;
    12082 : F5;
    12083 : F4;
    12084 : FD;
    12085 : 29;
    12086 : 05;
    12087 : 05;
    12088 : F5;
    12089 : F0;
    12090 : F0;
    12091 : F4;
    12092 : FD;
    12093 : 29;
    12094 : 01;
    12095 : 05;
    12096 : F0;
    12097 : F4;
    12098 : 8C;
    12099 : 25;
    12100 : 25;
    12101 : 25;
    12102 : 25;
    12103 : 21;
    12104 : F0;
    12105 : F0;
    12106 : 69;
    12107 : 25;
    12108 : 25;
    12109 : 25;
    12110 : 25;
    12111 : 20;
    12112 : F0;
    12113 : CD;
    12114 : 25;
    12115 : 25;
    12116 : 25;
    12117 : 25;
    12118 : 21;
    12119 : 25;
    12120 : F4;
    12121 : AC;
    12122 : 21;
    12123 : 25;
    12124 : 25;
    12125 : 21;
    12126 : 41;
    12127 : 25;
    12128 : F0;
    12129 : 88;
    12130 : 25;
    12131 : 25;
    12132 : 25;
    12133 : 21;
    12134 : CC;
    12135 : 60;
    12136 : CD;
    12137 : 25;
    12138 : 25;
    12139 : 25;
    12140 : 25;
    12141 : 20;
    12142 : A4;
    12143 : 40;
    12144 : 86;
    12145 : 21;
    12146 : 21;
    12147 : 21;
    12148 : 20;
    12149 : 20;
    12150 : 64;
    12151 : 20;
    12152 : 45;
    12153 : 20;
    12154 : 20;
    12155 : 20;
    12156 : 20;
    12157 : 20;
    12158 : 25;
    12159 : 20;
    12160 : 00;
    12161 : 00;
    12162 : 00;
    12163 : 00;
    12164 : 00;
    12165 : 00;
    12166 : 00;
    12167 : 72;
    12168 : 00;
    12169 : 00;
    12170 : 00;
    12171 : 00;
    12172 : 00;
    12173 : 00;
    12174 : 25;
    12175 : BB;
    12176 : 00;
    12177 : 00;
    12178 : 00;
    12179 : 00;
    12180 : 00;
    12181 : 00;
    12182 : 49;
    12183 : BB;
    12184 : 00;
    12185 : 00;
    12186 : 00;
    12187 : 00;
    12188 : 00;
    12189 : 00;
    12190 : 2E;
    12191 : BB;
    12192 : 00;
    12193 : 00;
    12194 : 00;
    12195 : 00;
    12196 : 00;
    12197 : 05;
    12198 : 77;
    12199 : BB;
    12200 : 00;
    12201 : 00;
    12202 : 00;
    12203 : 00;
    12204 : 00;
    12205 : 25;
    12206 : BB;
    12207 : 9B;
    12208 : 00;
    12209 : 00;
    12210 : 00;
    12211 : 00;
    12212 : 00;
    12213 : 49;
    12214 : BB;
    12215 : 7B;
    12216 : 00;
    12217 : 00;
    12218 : 00;
    12219 : 00;
    12220 : 25;
    12221 : BB;
    12222 : 9B;
    12223 : 7B;
    12224 : 00;
    12225 : 00;
    12226 : 00;
    12227 : 00;
    12228 : 00;
    12229 : 00;
    12230 : 00;
    12231 : 00;
    12232 : 00;
    12233 : 00;
    12234 : 00;
    12235 : 00;
    12236 : 00;
    12237 : 00;
    12238 : 00;
    12239 : 00;
    12240 : 00;
    12241 : 00;
    12242 : 00;
    12243 : 00;
    12244 : 00;
    12245 : 00;
    12246 : 00;
    12247 : 00;
    12248 : 00;
    12249 : 00;
    12250 : 00;
    12251 : 00;
    12252 : 00;
    12253 : 00;
    12254 : 00;
    12255 : 00;
    12256 : 01;
    12257 : 00;
    12258 : 00;
    12259 : 00;
    12260 : 00;
    12261 : 00;
    12262 : 00;
    12263 : 00;
    12264 : 73;
    12265 : 05;
    12266 : 00;
    12267 : 00;
    12268 : 00;
    12269 : 00;
    12270 : 00;
    12271 : 01;
    12272 : 93;
    12273 : 53;
    12274 : 6F;
    12275 : 00;
    12276 : 00;
    12277 : 45;
    12278 : 6B;
    12279 : 4E;
    12280 : 4A;
    12281 : 29;
    12282 : 4A;
    12283 : 6A;
    12284 : AF;
    12285 : AF;
    12286 : B3;
    12287 : 8F;
    12288 : 26;
    12289 : 6E;
    12290 : 6A;
    12291 : 26;
    12292 : 22;
    12293 : 8F;
    12294 : AF;
    12295 : 8F;
    12296 : 26;
    12297 : 01;
    12298 : 46;
    12299 : 6A;
    12300 : 21;
    12301 : 46;
    12302 : 4A;
    12303 : 8F;
    12304 : 4F;
    12305 : 26;
    12306 : 46;
    12307 : 6E;
    12308 : 21;
    12309 : 21;
    12310 : 01;
    12311 : 6B;
    12312 : 6B;
    12313 : 46;
    12314 : 6E;
    12315 : 01;
    12316 : 21;
    12317 : 6A;
    12318 : 6A;
    12319 : 46;
    12320 : 6E;
    12321 : 8E;
    12322 : 6B;
    12323 : 01;
    12324 : 4A;
    12325 : 8F;
    12326 : 6F;
    12327 : 21;
    12328 : 6E;
    12329 : B3;
    12330 : 6A;
    12331 : 4A;
    12332 : 6E;
    12333 : 6E;
    12334 : 6F;
    12335 : 01;
    12336 : 4A;
    12337 : 93;
    12338 : 8F;
    12339 : 6E;
    12340 : 4E;
    12341 : 4E;
    12342 : 6F;
    12343 : 4A;
    12344 : 01;
    12345 : 4A;
    12346 : 6E;
    12347 : 93;
    12348 : 93;
    12349 : 73;
    12350 : 8F;
    12351 : 6F;
    12352 : 6E;
    12353 : 00;
    12354 : 00;
    12355 : 6F;
    12356 : 6E;
    12357 : 4A;
    12358 : 6B;
    12359 : 8B;
    12360 : 25;
    12361 : 00;
    12362 : 00;
    12363 : 77;
    12364 : 97;
    12365 : 4A;
    12366 : 8F;
    12367 : 6B;
    12368 : 00;
    12369 : 00;
    12370 : 00;
    12371 : 6E;
    12372 : 93;
    12373 : 4E;
    12374 : 73;
    12375 : 8F;
    12376 : 00;
    12377 : 00;
    12378 : 00;
    12379 : 26;
    12380 : 4A;
    12381 : 4A;
    12382 : 8F;
    12383 : AF;
    12384 : 00;
    12385 : 00;
    12386 : 00;
    12387 : 05;
    12388 : 06;
    12389 : 46;
    12390 : 8E;
    12391 : 8B;
    12392 : 00;
    12393 : 00;
    12394 : 00;
    12395 : 05;
    12396 : 01;
    12397 : 26;
    12398 : 6A;
    12399 : 6E;
    12400 : 00;
    12401 : 00;
    12402 : 00;
    12403 : 00;
    12404 : 4A;
    12405 : 4A;
    12406 : 26;
    12407 : 6F;
    12408 : 00;
    12409 : 00;
    12410 : 00;
    12411 : 00;
    12412 : 93;
    12413 : 97;
    12414 : 4A;
    12415 : 26;
    12416 : 37;
    12417 : 17;
    12418 : 33;
    12419 : 37;
    12420 : 05;
    12421 : 00;
    12422 : 00;
    12423 : 00;
    12424 : 33;
    12425 : 57;
    12426 : 33;
    12427 : 37;
    12428 : 01;
    12429 : 00;
    12430 : 00;
    12431 : 00;
    12432 : 53;
    12433 : 53;
    12434 : 33;
    12435 : 33;
    12436 : 01;
    12437 : 00;
    12438 : 00;
    12439 : 00;
    12440 : 53;
    12441 : 53;
    12442 : 33;
    12443 : 57;
    12444 : 05;
    12445 : 00;
    12446 : 00;
    12447 : 00;
    12448 : 33;
    12449 : 53;
    12450 : 33;
    12451 : 77;
    12452 : 00;
    12453 : 00;
    12454 : 00;
    12455 : 00;
    12456 : 17;
    12457 : 0F;
    12458 : 33;
    12459 : 25;
    12460 : 00;
    12461 : 00;
    12462 : 00;
    12463 : 00;
    12464 : 13;
    12465 : 33;
    12466 : 2F;
    12467 : 01;
    12468 : 00;
    12469 : 00;
    12470 : 00;
    12471 : 00;
    12472 : 57;
    12473 : 7B;
    12474 : 0A;
    12475 : 00;
    12476 : 00;
    12477 : 00;
    12478 : 00;
    12479 : 00;
    12480 : 00;
    12481 : 00;
    12482 : 00;
    12483 : 00;
    12484 : 00;
    12485 : 00;
    12486 : 00;
    12487 : 00;
    12488 : 00;
    12489 : 00;
    12490 : 00;
    12491 : 00;
    12492 : 00;
    12493 : 00;
    12494 : 00;
    12495 : 00;
    12496 : 00;
    12497 : 00;
    12498 : 00;
    12499 : 00;
    12500 : 00;
    12501 : 00;
    12502 : 00;
    12503 : 00;
    12504 : 01;
    12505 : 01;
    12506 : 00;
    12507 : 00;
    12508 : 00;
    12509 : 00;
    12510 : 00;
    12511 : 00;
    12512 : 57;
    12513 : 7B;
    12514 : 2E;
    12515 : 00;
    12516 : 00;
    12517 : 00;
    12518 : 00;
    12519 : 00;
    12520 : 7B;
    12521 : 7B;
    12522 : 77;
    12523 : B7;
    12524 : 25;
    12525 : 00;
    12526 : 00;
    12527 : 00;
    12528 : 57;
    12529 : 7B;
    12530 : 7B;
    12531 : BF;
    12532 : 72;
    12533 : 00;
    12534 : 00;
    12535 : 00;
    12536 : 33;
    12537 : 7B;
    12538 : 7B;
    12539 : 7B;
    12540 : 9B;
    12541 : 25;
    12542 : 00;
    12543 : 00;
    12544 : B7;
    12545 : B3;
    12546 : B3;
    12547 : D7;
    12548 : 93;
    12549 : 6E;
    12550 : 00;
    12551 : 00;
    12552 : B7;
    12553 : 8F;
    12554 : AF;
    12555 : D3;
    12556 : D7;
    12557 : D7;
    12558 : 6A;
    12559 : 01;
    12560 : 8F;
    12561 : AF;
    12562 : B3;
    12563 : D3;
    12564 : D3;
    12565 : D3;
    12566 : D3;
    12567 : 4A;
    12568 : D3;
    12569 : D3;
    12570 : D3;
    12571 : D3;
    12572 : D3;
    12573 : B3;
    12574 : 8F;
    12575 : B3;
    12576 : B3;
    12577 : D3;
    12578 : D3;
    12579 : D3;
    12580 : D3;
    12581 : D3;
    12582 : D3;
    12583 : D7;
    12584 : B3;
    12585 : D3;
    12586 : D3;
    12587 : D3;
    12588 : D3;
    12589 : FB;
    12590 : D7;
    12591 : D3;
    12592 : B7;
    12593 : D3;
    12594 : D3;
    12595 : D3;
    12596 : D3;
    12597 : FF;
    12598 : FB;
    12599 : D7;
    12600 : B3;
    12601 : B3;
    12602 : D3;
    12603 : D3;
    12604 : D3;
    12605 : FB;
    12606 : FB;
    12607 : FB;
    12608 : 00;
    12609 : 00;
    12610 : 00;
    12611 : 00;
    12612 : 00;
    12613 : 00;
    12614 : 00;
    12615 : 00;
    12616 : 00;
    12617 : 00;
    12618 : 00;
    12619 : 00;
    12620 : 00;
    12621 : 00;
    12622 : 00;
    12623 : 00;
    12624 : 00;
    12625 : 00;
    12626 : 00;
    12627 : 00;
    12628 : 4E;
    12629 : 00;
    12630 : 00;
    12631 : 00;
    12632 : 00;
    12633 : 00;
    12634 : 01;
    12635 : 29;
    12636 : 52;
    12637 : 05;
    12638 : 25;
    12639 : 01;
    12640 : 45;
    12641 : 44;
    12642 : 6D;
    12643 : 71;
    12644 : 4D;
    12645 : 6D;
    12646 : 92;
    12647 : 49;
    12648 : F9;
    12649 : F9;
    12650 : F8;
    12651 : F8;
    12652 : F8;
    12653 : F4;
    12654 : F0;
    12655 : F0;
    12656 : D1;
    12657 : D1;
    12658 : F0;
    12659 : F0;
    12660 : F8;
    12661 : F4;
    12662 : F0;
    12663 : F0;
    12664 : F8;
    12665 : F5;
    12666 : F8;
    12667 : F8;
    12668 : F8;
    12669 : F8;
    12670 : F4;
    12671 : F0;
    12672 : 5F;
    12673 : 2E;
    12674 : 00;
    12675 : 00;
    12676 : 00;
    12677 : 00;
    12678 : 00;
    12679 : 00;
    12680 : 3B;
    12681 : 37;
    12682 : 05;
    12683 : 00;
    12684 : 00;
    12685 : 00;
    12686 : 00;
    12687 : 00;
    12688 : 3B;
    12689 : 1B;
    12690 : 3B;
    12691 : 25;
    12692 : 00;
    12693 : 00;
    12694 : 00;
    12695 : 00;
    12696 : DF;
    12697 : 7F;
    12698 : 5B;
    12699 : 25;
    12700 : 00;
    12701 : 00;
    12702 : 00;
    12703 : 00;
    12704 : 9B;
    12705 : 5B;
    12706 : 17;
    12707 : 72;
    12708 : 00;
    12709 : 00;
    12710 : 00;
    12711 : 00;
    12712 : 37;
    12713 : 1B;
    12714 : 17;
    12715 : BF;
    12716 : 25;
    12717 : 00;
    12718 : 00;
    12719 : 00;
    12720 : 37;
    12721 : 1B;
    12722 : 17;
    12723 : 7B;
    12724 : 25;
    12725 : 00;
    12726 : 00;
    12727 : 00;
    12728 : 17;
    12729 : 17;
    12730 : 13;
    12731 : 5B;
    12732 : 05;
    12733 : 00;
    12734 : 00;
    12735 : 00;
    12736 : 25;
    12737 : 25;
    12738 : 25;
    12739 : 25;
    12740 : 45;
    12741 : 21;
    12742 : 73;
    12743 : 7B;
    12744 : 25;
    12745 : 25;
    12746 : 25;
    12747 : 25;
    12748 : 21;
    12749 : 4E;
    12750 : 7B;
    12751 : 7B;
    12752 : 25;
    12753 : 25;
    12754 : 21;
    12755 : 46;
    12756 : 53;
    12757 : 57;
    12758 : 7B;
    12759 : 7B;
    12760 : 25;
    12761 : 25;
    12762 : 4A;
    12763 : 53;
    12764 : 7F;
    12765 : 7B;
    12766 : 5B;
    12767 : 3B;
    12768 : 45;
    12769 : 4E;
    12770 : 9B;
    12771 : 7B;
    12772 : 7B;
    12773 : 57;
    12774 : 1B;
    12775 : 1B;
    12776 : 73;
    12777 : 7B;
    12778 : 5B;
    12779 : 7B;
    12780 : 57;
    12781 : 13;
    12782 : 13;
    12783 : 13;
    12784 : 7B;
    12785 : 7B;
    12786 : 37;
    12787 : 17;
    12788 : 13;
    12789 : 13;
    12790 : 13;
    12791 : 13;
    12792 : 7B;
    12793 : 37;
    12794 : 13;
    12795 : 17;
    12796 : 13;
    12797 : 13;
    12798 : 13;
    12799 : 13;
    12800 : 00;
    12801 : 00;
    12802 : 00;
    12803 : 64;
    12804 : AC;
    12805 : D0;
    12806 : F0;
    12807 : F0;
    12808 : 40;
    12809 : 20;
    12810 : 45;
    12811 : ED;
    12812 : F4;
    12813 : F0;
    12814 : F9;
    12815 : F4;
    12816 : C4;
    12817 : 84;
    12818 : 69;
    12819 : F0;
    12820 : F0;
    12821 : F0;
    12822 : DD;
    12823 : F4;
    12824 : E8;
    12825 : C5;
    12826 : 89;
    12827 : F0;
    12828 : F0;
    12829 : F0;
    12830 : F0;
    12831 : F0;
    12832 : E4;
    12833 : C5;
    12834 : 8D;
    12835 : F4;
    12836 : F0;
    12837 : F0;
    12838 : F0;
    12839 : F0;
    12840 : C5;
    12841 : 65;
    12842 : A5;
    12843 : ED;
    12844 : F4;
    12845 : F0;
    12846 : F0;
    12847 : F0;
    12848 : 80;
    12849 : 65;
    12850 : C1;
    12851 : E4;
    12852 : ED;
    12853 : F1;
    12854 : F0;
    12855 : F0;
    12856 : A0;
    12857 : A5;
    12858 : E8;
    12859 : EC;
    12860 : ED;
    12861 : ED;
    12862 : F0;
    12863 : F0;
    12864 : 25;
    12865 : 25;
    12866 : 25;
    12867 : 21;
    12868 : 41;
    12869 : D4;
    12870 : F4;
    12871 : F4;
    12872 : 25;
    12873 : 25;
    12874 : 25;
    12875 : 25;
    12876 : 21;
    12877 : C8;
    12878 : F8;
    12879 : F8;
    12880 : 25;
    12881 : 25;
    12882 : 25;
    12883 : 25;
    12884 : 25;
    12885 : 65;
    12886 : F0;
    12887 : F4;
    12888 : 25;
    12889 : 25;
    12890 : 25;
    12891 : 25;
    12892 : 25;
    12893 : 25;
    12894 : 85;
    12895 : A9;
    12896 : 25;
    12897 : 25;
    12898 : 25;
    12899 : 25;
    12900 : 25;
    12901 : 25;
    12902 : 41;
    12903 : 61;
    12904 : 25;
    12905 : 25;
    12906 : 25;
    12907 : 25;
    12908 : 25;
    12909 : 25;
    12910 : 21;
    12911 : 21;
    12912 : 25;
    12913 : 25;
    12914 : 25;
    12915 : 25;
    12916 : 25;
    12917 : 25;
    12918 : 25;
    12919 : 25;
    12920 : 25;
    12921 : 21;
    12922 : 49;
    12923 : 6D;
    12924 : 25;
    12925 : 25;
    12926 : 25;
    12927 : 25;
    12928 : E8;
    12929 : E4;
    12930 : E4;
    12931 : E4;
    12932 : E8;
    12933 : F0;
    12934 : EC;
    12935 : 85;
    12936 : E4;
    12937 : E4;
    12938 : E4;
    12939 : E4;
    12940 : E8;
    12941 : EC;
    12942 : E9;
    12943 : 45;
    12944 : E4;
    12945 : E4;
    12946 : E4;
    12947 : E4;
    12948 : E4;
    12949 : E4;
    12950 : A5;
    12951 : 21;
    12952 : E4;
    12953 : E4;
    12954 : E4;
    12955 : E4;
    12956 : E4;
    12957 : E4;
    12958 : 61;
    12959 : 21;
    12960 : E4;
    12961 : C0;
    12962 : C0;
    12963 : E0;
    12964 : E4;
    12965 : A5;
    12966 : 21;
    12967 : 21;
    12968 : E4;
    12969 : C0;
    12970 : C0;
    12971 : E0;
    12972 : E4;
    12973 : 65;
    12974 : 21;
    12975 : 21;
    12976 : E4;
    12977 : E4;
    12978 : E4;
    12979 : E4;
    12980 : C4;
    12981 : 41;
    12982 : 21;
    12983 : 25;
    12984 : E4;
    12985 : E4;
    12986 : E4;
    12987 : E4;
    12988 : 81;
    12989 : 21;
    12990 : 21;
    12991 : 21;
    12992 : 05;
    12993 : 01;
    12994 : 00;
    12995 : 00;
    12996 : 00;
    12997 : 00;
    12998 : 00;
    12999 : 8C;
    13000 : 7B;
    13001 : 32;
    13002 : 00;
    13003 : 00;
    13004 : 00;
    13005 : 00;
    13006 : 44;
    13007 : EC;
    13008 : 9F;
    13009 : 5B;
    13010 : 29;
    13011 : 00;
    13012 : 00;
    13013 : 00;
    13014 : 20;
    13015 : 64;
    13016 : BF;
    13017 : 56;
    13018 : 29;
    13019 : 00;
    13020 : 00;
    13021 : 00;
    13022 : 00;
    13023 : 00;
    13024 : 7A;
    13025 : 0D;
    13026 : 00;
    13027 : 00;
    13028 : 00;
    13029 : 00;
    13030 : 00;
    13031 : 00;
    13032 : 09;
    13033 : 01;
    13034 : 00;
    13035 : 00;
    13036 : 00;
    13037 : 00;
    13038 : 00;
    13039 : 00;
    13040 : 00;
    13041 : 00;
    13042 : 00;
    13043 : 00;
    13044 : 00;
    13045 : 00;
    13046 : 00;
    13047 : 00;
    13048 : 00;
    13049 : 00;
    13050 : 00;
    13051 : 00;
    13052 : 00;
    13053 : 00;
    13054 : 00;
    13055 : 00;
    13056 : 00;
    13057 : 00;
    13058 : 00;
    13059 : 00;
    13060 : 00;
    13061 : 00;
    13062 : 00;
    13063 : 00;
    13064 : 00;
    13065 : 00;
    13066 : 00;
    13067 : 00;
    13068 : 00;
    13069 : 00;
    13070 : 00;
    13071 : 00;
    13072 : 00;
    13073 : 00;
    13074 : 00;
    13075 : 00;
    13076 : 00;
    13077 : 00;
    13078 : 00;
    13079 : 00;
    13080 : 00;
    13081 : 00;
    13082 : 00;
    13083 : 00;
    13084 : 00;
    13085 : 01;
    13086 : 01;
    13087 : 01;
    13088 : 00;
    13089 : 00;
    13090 : 00;
    13091 : 00;
    13092 : 2E;
    13093 : 7B;
    13094 : 57;
    13095 : 5B;
    13096 : 00;
    13097 : 00;
    13098 : 05;
    13099 : 77;
    13100 : 37;
    13101 : 37;
    13102 : 7B;
    13103 : 7B;
    13104 : 00;
    13105 : 00;
    13106 : 4E;
    13107 : 9F;
    13108 : 7B;
    13109 : 53;
    13110 : 37;
    13111 : 57;
    13112 : 00;
    13113 : 21;
    13114 : 77;
    13115 : 57;
    13116 : 77;
    13117 : 4F;
    13118 : 33;
    13119 : 33;
    13120 : 29;
    13121 : 9B;
    13122 : 7B;
    13123 : 2F;
    13124 : 97;
    13125 : 9B;
    13126 : 2D;
    13127 : 33;
    13128 : 77;
    13129 : 7B;
    13130 : 57;
    13131 : 7B;
    13132 : 9B;
    13133 : 4D;
    13134 : 2E;
    13135 : 1B;
    13136 : 9F;
    13137 : 77;
    13138 : 7B;
    13139 : BF;
    13140 : 72;
    13141 : 29;
    13142 : 3B;
    13143 : 17;
    13144 : 97;
    13145 : 53;
    13146 : 9B;
    13147 : 76;
    13148 : 09;
    13149 : 37;
    13150 : 17;
    13151 : 37;
    13152 : 53;
    13153 : 77;
    13154 : 9A;
    13155 : 48;
    13156 : 32;
    13157 : 1B;
    13158 : 3B;
    13159 : 12;
    13160 : 77;
    13161 : 9B;
    13162 : 4D;
    13163 : 2E;
    13164 : 37;
    13165 : 17;
    13166 : 5B;
    13167 : 05;
    13168 : 9B;
    13169 : 72;
    13170 : 29;
    13171 : 17;
    13172 : 17;
    13173 : 37;
    13174 : 2E;
    13175 : 01;
    13176 : 72;
    13177 : 29;
    13178 : 57;
    13179 : 1B;
    13180 : 1B;
    13181 : 32;
    13182 : 05;
    13183 : 05;
    13184 : 00;
    13185 : 00;
    13186 : 00;
    13187 : 00;
    13188 : 00;
    13189 : 00;
    13190 : 00;
    13191 : 00;
    13192 : 00;
    13193 : 00;
    13194 : 00;
    13195 : 00;
    13196 : 00;
    13197 : 00;
    13198 : 00;
    13199 : 00;
    13200 : 00;
    13201 : 00;
    13202 : 69;
    13203 : 8D;
    13204 : 8D;
    13205 : 8D;
    13206 : 8D;
    13207 : 8D;
    13208 : 40;
    13209 : 69;
    13210 : F1;
    13211 : F1;
    13212 : F1;
    13213 : F1;
    13214 : F1;
    13215 : F1;
    13216 : C8;
    13217 : F1;
    13218 : E8;
    13219 : E4;
    13220 : E8;
    13221 : E8;
    13222 : E8;
    13223 : E8;
    13224 : ED;
    13225 : E4;
    13226 : EC;
    13227 : EC;
    13228 : EC;
    13229 : EC;
    13230 : EC;
    13231 : EC;
    13232 : E4;
    13233 : E8;
    13234 : EC;
    13235 : EC;
    13236 : EC;
    13237 : EC;
    13238 : EC;
    13239 : EC;
    13240 : E4;
    13241 : E4;
    13242 : E8;
    13243 : EC;
    13244 : EC;
    13245 : EC;
    13246 : EC;
    13247 : EC;
    13248 : 77;
    13249 : 9B;
    13250 : 4D;
    13251 : 0E;
    13252 : 1B;
    13253 : 17;
    13254 : 33;
    13255 : 09;
    13256 : 9B;
    13257 : 96;
    13258 : 29;
    13259 : 17;
    13260 : 1B;
    13261 : 3B;
    13262 : 09;
    13263 : 05;
    13264 : 9A;
    13265 : 49;
    13266 : 32;
    13267 : 1B;
    13268 : 5B;
    13269 : 32;
    13270 : 01;
    13271 : 0A;
    13272 : 4D;
    13273 : 0E;
    13274 : 1B;
    13275 : 1B;
    13276 : 2F;
    13277 : 01;
    13278 : 01;
    13279 : 0A;
    13280 : 29;
    13281 : 17;
    13282 : 1B;
    13283 : 5B;
    13284 : 09;
    13285 : 05;
    13286 : 06;
    13287 : 05;
    13288 : 33;
    13289 : 1B;
    13290 : 3B;
    13291 : 32;
    13292 : 05;
    13293 : 05;
    13294 : 01;
    13295 : 00;
    13296 : 1B;
    13297 : 3F;
    13298 : 32;
    13299 : 05;
    13300 : 05;
    13301 : 05;
    13302 : 00;
    13303 : 00;
    13304 : 1B;
    13305 : 5B;
    13306 : 05;
    13307 : 05;
    13308 : 09;
    13309 : 05;
    13310 : 00;
    13311 : 00;
    13312 : 1B;
    13313 : 1B;
    13314 : 0E;
    13315 : 4E;
    13316 : BB;
    13317 : 9B;
    13318 : 13;
    13319 : 13;
    13320 : 13;
    13321 : 0E;
    13322 : 05;
    13323 : 53;
    13324 : BB;
    13325 : 9B;
    13326 : 13;
    13327 : 13;
    13328 : 13;
    13329 : 00;
    13330 : 4A;
    13331 : 9B;
    13332 : 9B;
    13333 : 37;
    13334 : 13;
    13335 : 13;
    13336 : 0A;
    13337 : 05;
    13338 : 52;
    13339 : BB;
    13340 : 9B;
    13341 : 37;
    13342 : 13;
    13343 : 13;
    13344 : 01;
    13345 : 05;
    13346 : 4E;
    13347 : BB;
    13348 : 9B;
    13349 : 17;
    13350 : 13;
    13351 : 13;
    13352 : 29;
    13353 : 4A;
    13354 : 77;
    13355 : 9B;
    13356 : 9B;
    13357 : 17;
    13358 : 13;
    13359 : 13;
    13360 : 4E;
    13361 : 72;
    13362 : BF;
    13363 : 9B;
    13364 : 9B;
    13365 : 37;
    13366 : 13;
    13367 : 13;
    13368 : 00;
    13369 : 29;
    13370 : 9B;
    13371 : 9B;
    13372 : 9B;
    13373 : 37;
    13374 : 13;
    13375 : 13;
    13376 : FE;
    13377 : FE;
    13378 : FE;
    13379 : F9;
    13380 : F4;
    13381 : F0;
    13382 : F0;
    13383 : F0;
    13384 : FE;
    13385 : FE;
    13386 : FE;
    13387 : F9;
    13388 : F9;
    13389 : F8;
    13390 : F4;
    13391 : F0;
    13392 : FE;
    13393 : FE;
    13394 : FE;
    13395 : FE;
    13396 : FD;
    13397 : F9;
    13398 : F8;
    13399 : F4;
    13400 : FD;
    13401 : FE;
    13402 : FE;
    13403 : FF;
    13404 : FE;
    13405 : F9;
    13406 : F9;
    13407 : F9;
    13408 : FD;
    13409 : F9;
    13410 : FD;
    13411 : FE;
    13412 : FF;
    13413 : FE;
    13414 : F9;
    13415 : F9;
    13416 : FD;
    13417 : F0;
    13418 : F0;
    13419 : F9;
    13420 : FF;
    13421 : FF;
    13422 : FE;
    13423 : F9;
    13424 : FD;
    13425 : F5;
    13426 : F0;
    13427 : F0;
    13428 : FD;
    13429 : FE;
    13430 : FF;
    13431 : FE;
    13432 : FD;
    13433 : FD;
    13434 : F9;
    13435 : F1;
    13436 : FD;
    13437 : FD;
    13438 : FD;
    13439 : FD;
    13440 : F4;
    13441 : F9;
    13442 : 91;
    13443 : 04;
    13444 : 04;
    13445 : 04;
    13446 : 04;
    13447 : 04;
    13448 : FC;
    13449 : FD;
    13450 : 91;
    13451 : 04;
    13452 : 04;
    13453 : 04;
    13454 : 04;
    13455 : 04;
    13456 : FC;
    13457 : FD;
    13458 : B1;
    13459 : AD;
    13460 : 49;
    13461 : 04;
    13462 : 04;
    13463 : 04;
    13464 : FD;
    13465 : FD;
    13466 : 91;
    13467 : 25;
    13468 : 24;
    13469 : 04;
    13470 : 04;
    13471 : 04;
    13472 : FC;
    13473 : FD;
    13474 : 8D;
    13475 : 00;
    13476 : 04;
    13477 : 04;
    13478 : 04;
    13479 : 04;
    13480 : FD;
    13481 : FD;
    13482 : B5;
    13483 : 28;
    13484 : 04;
    13485 : 04;
    13486 : 04;
    13487 : 04;
    13488 : FD;
    13489 : FC;
    13490 : FD;
    13491 : 71;
    13492 : 04;
    13493 : 04;
    13494 : 04;
    13495 : 04;
    13496 : FC;
    13497 : FC;
    13498 : FD;
    13499 : 6D;
    13500 : 04;
    13501 : 04;
    13502 : 04;
    13503 : 04;
    13504 : 44;
    13505 : 40;
    13506 : 20;
    13507 : 00;
    13508 : 00;
    13509 : 20;
    13510 : 04;
    13511 : 00;
    13512 : A0;
    13513 : E4;
    13514 : 60;
    13515 : 00;
    13516 : 00;
    13517 : 00;
    13518 : 00;
    13519 : 00;
    13520 : E4;
    13521 : E4;
    13522 : E9;
    13523 : E5;
    13524 : E4;
    13525 : C4;
    13526 : 00;
    13527 : 00;
    13528 : 60;
    13529 : C0;
    13530 : E8;
    13531 : E4;
    13532 : E4;
    13533 : E4;
    13534 : A4;
    13535 : C4;
    13536 : 21;
    13537 : 40;
    13538 : 60;
    13539 : 40;
    13540 : 64;
    13541 : E4;
    13542 : E4;
    13543 : E4;
    13544 : 20;
    13545 : 20;
    13546 : 00;
    13547 : 00;
    13548 : 00;
    13549 : 84;
    13550 : 84;
    13551 : 84;
    13552 : 00;
    13553 : 20;
    13554 : 00;
    13555 : 00;
    13556 : 00;
    13557 : 00;
    13558 : 00;
    13559 : 00;
    13560 : 00;
    13561 : 00;
    13562 : 00;
    13563 : 00;
    13564 : 00;
    13565 : 00;
    13566 : 00;
    13567 : 00;
    13568 : 0A;
    13569 : 0F;
    13570 : 05;
    13571 : 00;
    13572 : 00;
    13573 : 01;
    13574 : 0A;
    13575 : 0F;
    13576 : 0F;
    13577 : 0A;
    13578 : 01;
    13579 : 00;
    13580 : 00;
    13581 : 0A;
    13582 : 0E;
    13583 : 0E;
    13584 : 0F;
    13585 : 01;
    13586 : 00;
    13587 : 00;
    13588 : 05;
    13589 : 13;
    13590 : 13;
    13591 : 0A;
    13592 : 2F;
    13593 : 01;
    13594 : 00;
    13595 : 00;
    13596 : 29;
    13597 : 0A;
    13598 : 0A;
    13599 : 0F;
    13600 : 01;
    13601 : 00;
    13602 : 00;
    13603 : 01;
    13604 : 33;
    13605 : 52;
    13606 : 0A;
    13607 : 0E;
    13608 : 00;
    13609 : 00;
    13610 : 00;
    13611 : 05;
    13612 : 0E;
    13613 : 0A;
    13614 : 0A;
    13615 : 0F;
    13616 : 05;
    13617 : 05;
    13618 : 2E;
    13619 : 2F;
    13620 : 05;
    13621 : 05;
    13622 : 0E;
    13623 : 0F;
    13624 : 0E;
    13625 : 0A;
    13626 : 37;
    13627 : 2E;
    13628 : 00;
    13629 : 0A;
    13630 : 0F;
    13631 : 0A;
    13632 : 20;
    13633 : 20;
    13634 : A1;
    13635 : E4;
    13636 : 40;
    13637 : 20;
    13638 : 20;
    13639 : 00;
    13640 : 80;
    13641 : A0;
    13642 : E8;
    13643 : E4;
    13644 : 21;
    13645 : 01;
    13646 : 00;
    13647 : 00;
    13648 : C1;
    13649 : E0;
    13650 : E8;
    13651 : F0;
    13652 : 44;
    13653 : 85;
    13654 : 21;
    13655 : 00;
    13656 : C1;
    13657 : E0;
    13658 : EC;
    13659 : B4;
    13660 : 41;
    13661 : 60;
    13662 : 05;
    13663 : 00;
    13664 : 80;
    13665 : E0;
    13666 : F0;
    13667 : 69;
    13668 : 21;
    13669 : 00;
    13670 : 00;
    13671 : 20;
    13672 : A0;
    13673 : E0;
    13674 : EC;
    13675 : 8C;
    13676 : 20;
    13677 : 25;
    13678 : 00;
    13679 : 00;
    13680 : C0;
    13681 : E0;
    13682 : E0;
    13683 : E5;
    13684 : C4;
    13685 : 20;
    13686 : 00;
    13687 : 00;
    13688 : 40;
    13689 : 40;
    13690 : 80;
    13691 : E1;
    13692 : A0;
    13693 : 20;
    13694 : 60;
    13695 : 80;
    13696 : EC;
    13697 : F1;
    13698 : F6;
    13699 : FA;
    13700 : ED;
    13701 : A9;
    13702 : 24;
    13703 : 00;
    13704 : EC;
    13705 : ED;
    13706 : F1;
    13707 : F1;
    13708 : E9;
    13709 : ED;
    13710 : 89;
    13711 : 00;
    13712 : EC;
    13713 : EC;
    13714 : EC;
    13715 : EC;
    13716 : EC;
    13717 : EC;
    13718 : C5;
    13719 : 00;
    13720 : EC;
    13721 : EC;
    13722 : EC;
    13723 : EC;
    13724 : EC;
    13725 : EC;
    13726 : ED;
    13727 : 00;
    13728 : EC;
    13729 : EC;
    13730 : EC;
    13731 : EC;
    13732 : EC;
    13733 : F5;
    13734 : ED;
    13735 : 00;
    13736 : EC;
    13737 : EC;
    13738 : EC;
    13739 : EC;
    13740 : EC;
    13741 : F1;
    13742 : F1;
    13743 : AD;
    13744 : EC;
    13745 : EC;
    13746 : EC;
    13747 : EC;
    13748 : EC;
    13749 : EC;
    13750 : F1;
    13751 : D1;
    13752 : EC;
    13753 : EC;
    13754 : EC;
    13755 : EC;
    13756 : EC;
    13757 : EC;
    13758 : ED;
    13759 : CD;
    13760 : 4F;
    13761 : 0B;
    13762 : 07;
    13763 : 02;
    13764 : 27;
    13765 : 4F;
    13766 : 47;
    13767 : 67;
    13768 : 4F;
    13769 : 2F;
    13770 : 07;
    13771 : 03;
    13772 : 4B;
    13773 : 4F;
    13774 : 4B;
    13775 : 47;
    13776 : 2A;
    13777 : 2F;
    13778 : 2B;
    13779 : 2B;
    13780 : 4F;
    13781 : 4F;
    13782 : 4B;
    13783 : 03;
    13784 : 00;
    13785 : 01;
    13786 : 2F;
    13787 : 4B;
    13788 : 4B;
    13789 : 6F;
    13790 : 27;
    13791 : 27;
    13792 : 00;
    13793 : 00;
    13794 : 25;
    13795 : 4F;
    13796 : 07;
    13797 : 2B;
    13798 : 27;
    13799 : 27;
    13800 : 00;
    13801 : 00;
    13802 : 00;
    13803 : 0A;
    13804 : 0A;
    13805 : 2B;
    13806 : 4F;
    13807 : 4B;
    13808 : 00;
    13809 : 00;
    13810 : 20;
    13811 : 00;
    13812 : 05;
    13813 : 25;
    13814 : 2A;
    13815 : 2A;
    13816 : 00;
    13817 : 00;
    13818 : 20;
    13819 : 00;
    13820 : 00;
    13821 : 00;
    13822 : 00;
    13823 : 01;
    13824 : D3;
    13825 : ED;
    13826 : CD;
    13827 : 48;
    13828 : 44;
    13829 : 21;
    13830 : 00;
    13831 : 00;
    13832 : D2;
    13833 : EC;
    13834 : EC;
    13835 : EC;
    13836 : E8;
    13837 : A9;
    13838 : 24;
    13839 : 00;
    13840 : D5;
    13841 : EC;
    13842 : EC;
    13843 : F9;
    13844 : FA;
    13845 : F5;
    13846 : AD;
    13847 : 00;
    13848 : A9;
    13849 : E8;
    13850 : EC;
    13851 : F1;
    13852 : F5;
    13853 : F5;
    13854 : 68;
    13855 : 00;
    13856 : 6E;
    13857 : A9;
    13858 : C4;
    13859 : E8;
    13860 : EC;
    13861 : E9;
    13862 : 8E;
    13863 : 01;
    13864 : 77;
    13865 : AD;
    13866 : A4;
    13867 : E5;
    13868 : ED;
    13869 : CA;
    13870 : B7;
    13871 : 05;
    13872 : 73;
    13873 : ED;
    13874 : ED;
    13875 : A9;
    13876 : D2;
    13877 : 77;
    13878 : 97;
    13879 : 05;
    13880 : 73;
    13881 : CD;
    13882 : E8;
    13883 : CD;
    13884 : 6F;
    13885 : 73;
    13886 : 97;
    13887 : 25;
    13888 : 0F;
    13889 : 0F;
    13890 : 37;
    13891 : 57;
    13892 : 33;
    13893 : 37;
    13894 : 37;
    13895 : 17;
    13896 : 0F;
    13897 : 33;
    13898 : 37;
    13899 : 37;
    13900 : 57;
    13901 : 5B;
    13902 : 3B;
    13903 : 1B;
    13904 : 2E;
    13905 : 57;
    13906 : 2F;
    13907 : 37;
    13908 : 37;
    13909 : 37;
    13910 : 33;
    13911 : 0F;
    13912 : 00;
    13913 : 00;
    13914 : 00;
    13915 : 0A;
    13916 : 3B;
    13917 : 5B;
    13918 : 25;
    13919 : 00;
    13920 : 00;
    13921 : 00;
    13922 : 00;
    13923 : 00;
    13924 : 01;
    13925 : 01;
    13926 : 00;
    13927 : 00;
    13928 : 00;
    13929 : 00;
    13930 : 00;
    13931 : 00;
    13932 : 00;
    13933 : 00;
    13934 : 00;
    13935 : 00;
    13936 : 00;
    13937 : 00;
    13938 : 00;
    13939 : 00;
    13940 : 00;
    13941 : 00;
    13942 : 00;
    13943 : 00;
    13944 : 00;
    13945 : 00;
    13946 : 00;
    13947 : 00;
    13948 : 00;
    13949 : 00;
    13950 : 00;
    13951 : 00;
    13952 : 8F;
    13953 : AF;
    13954 : AF;
    13955 : AF;
    13956 : B3;
    13957 : AF;
    13958 : 8F;
    13959 : 8F;
    13960 : AF;
    13961 : 8F;
    13962 : 8F;
    13963 : AF;
    13964 : B3;
    13965 : 8F;
    13966 : 8F;
    13967 : AF;
    13968 : 8F;
    13969 : 8F;
    13970 : 8F;
    13971 : 8F;
    13972 : 8F;
    13973 : 6F;
    13974 : B3;
    13975 : D3;
    13976 : 26;
    13977 : 4A;
    13978 : 93;
    13979 : 6F;
    13980 : AF;
    13981 : 8F;
    13982 : B3;
    13983 : D3;
    13984 : 01;
    13985 : 01;
    13986 : 6E;
    13987 : 6F;
    13988 : 8F;
    13989 : 8F;
    13990 : 8F;
    13991 : 8F;
    13992 : 01;
    13993 : 26;
    13994 : 6F;
    13995 : 4A;
    13996 : 4B;
    13997 : AF;
    13998 : 8F;
    13999 : 67;
    14000 : 46;
    14001 : 6E;
    14002 : 6F;
    14003 : 4A;
    14004 : 6F;
    14005 : 46;
    14006 : 46;
    14007 : 21;
    14008 : 6B;
    14009 : 4A;
    14010 : 46;
    14011 : 4A;
    14012 : 8F;
    14013 : 22;
    14014 : 01;
    14015 : 00;
    14016 : 33;
    14017 : 33;
    14018 : 7B;
    14019 : 56;
    14020 : 77;
    14021 : 9B;
    14022 : BB;
    14023 : 77;
    14024 : 13;
    14025 : 7B;
    14026 : 9B;
    14027 : 09;
    14028 : 73;
    14029 : BB;
    14030 : BB;
    14031 : 7B;
    14032 : 57;
    14033 : 9F;
    14034 : 2E;
    14035 : 2A;
    14036 : BB;
    14037 : BB;
    14038 : BB;
    14039 : 7F;
    14040 : 9F;
    14041 : 72;
    14042 : 09;
    14043 : 7F;
    14044 : BB;
    14045 : 9B;
    14046 : BB;
    14047 : 7B;
    14048 : 97;
    14049 : 29;
    14050 : 17;
    14051 : 7F;
    14052 : BB;
    14053 : 9B;
    14054 : 9B;
    14055 : 57;
    14056 : 29;
    14057 : 33;
    14058 : 1B;
    14059 : 5B;
    14060 : BB;
    14061 : BB;
    14062 : BB;
    14063 : 17;
    14064 : 0E;
    14065 : 17;
    14066 : 17;
    14067 : 9B;
    14068 : 9B;
    14069 : BB;
    14070 : 9B;
    14071 : 13;
    14072 : 37;
    14073 : 1B;
    14074 : 37;
    14075 : 77;
    14076 : BB;
    14077 : 9B;
    14078 : 57;
    14079 : 13;
    14080 : 00;
    14081 : 00;
    14082 : 20;
    14083 : 40;
    14084 : 41;
    14085 : 40;
    14086 : 40;
    14087 : 20;
    14088 : 00;
    14089 : 00;
    14090 : 00;
    14091 : 64;
    14092 : 85;
    14093 : A4;
    14094 : 60;
    14095 : 00;
    14096 : 00;
    14097 : 00;
    14098 : 00;
    14099 : 00;
    14100 : 20;
    14101 : 20;
    14102 : 20;
    14103 : 00;
    14104 : C4;
    14105 : C5;
    14106 : A4;
    14107 : C4;
    14108 : C4;
    14109 : C5;
    14110 : C9;
    14111 : C4;
    14112 : E4;
    14113 : E5;
    14114 : E4;
    14115 : E4;
    14116 : E4;
    14117 : E4;
    14118 : E8;
    14119 : E8;
    14120 : 84;
    14121 : E4;
    14122 : E8;
    14123 : E9;
    14124 : E8;
    14125 : E9;
    14126 : E4;
    14127 : A5;
    14128 : 00;
    14129 : 80;
    14130 : C8;
    14131 : C9;
    14132 : C9;
    14133 : C9;
    14134 : C5;
    14135 : 40;
    14136 : 00;
    14137 : 00;
    14138 : 00;
    14139 : 00;
    14140 : 00;
    14141 : 00;
    14142 : 00;
    14143 : 00;
    14144 : 00;
    14145 : 00;
    14146 : B7;
    14147 : DB;
    14148 : 7B;
    14149 : 13;
    14150 : 0F;
    14151 : 0A;
    14152 : 00;
    14153 : 25;
    14154 : DB;
    14155 : BB;
    14156 : 37;
    14157 : 13;
    14158 : 0E;
    14159 : 01;
    14160 : 00;
    14161 : 6E;
    14162 : DB;
    14163 : 5B;
    14164 : 13;
    14165 : 13;
    14166 : 13;
    14167 : 0E;
    14168 : 00;
    14169 : 4E;
    14170 : BF;
    14171 : 13;
    14172 : 13;
    14173 : 13;
    14174 : 13;
    14175 : 7F;
    14176 : 01;
    14177 : 77;
    14178 : BF;
    14179 : 13;
    14180 : 13;
    14181 : 13;
    14182 : 5B;
    14183 : 9F;
    14184 : 4E;
    14185 : 9B;
    14186 : 9F;
    14187 : 13;
    14188 : 13;
    14189 : 37;
    14190 : BB;
    14191 : 57;
    14192 : 97;
    14193 : BF;
    14194 : 57;
    14195 : 13;
    14196 : 13;
    14197 : 7B;
    14198 : DF;
    14199 : 33;
    14200 : BB;
    14201 : 97;
    14202 : 13;
    14203 : 13;
    14204 : 13;
    14205 : 9B;
    14206 : 7B;
    14207 : 13;
    14208 : F0;
    14209 : F0;
    14210 : F0;
    14211 : F4;
    14212 : 69;
    14213 : 69;
    14214 : 46;
    14215 : 25;
    14216 : F0;
    14217 : F0;
    14218 : F4;
    14219 : A8;
    14220 : 26;
    14221 : 46;
    14222 : 25;
    14223 : 25;
    14224 : F0;
    14225 : F0;
    14226 : F4;
    14227 : 88;
    14228 : 06;
    14229 : 26;
    14230 : 25;
    14231 : 25;
    14232 : EC;
    14233 : F0;
    14234 : F4;
    14235 : 8C;
    14236 : 26;
    14237 : 26;
    14238 : 25;
    14239 : 25;
    14240 : E4;
    14241 : F0;
    14242 : F0;
    14243 : 69;
    14244 : 26;
    14245 : 26;
    14246 : 25;
    14247 : 21;
    14248 : E8;
    14249 : F4;
    14250 : AC;
    14251 : 21;
    14252 : 25;
    14253 : 25;
    14254 : 25;
    14255 : 25;
    14256 : E8;
    14257 : F8;
    14258 : A8;
    14259 : 21;
    14260 : 25;
    14261 : 25;
    14262 : 25;
    14263 : 25;
    14264 : F0;
    14265 : F4;
    14266 : 8C;
    14267 : 25;
    14268 : 25;
    14269 : 25;
    14270 : 25;
    14271 : 25;
    14272 : 25;
    14273 : 25;
    14274 : 21;
    14275 : A4;
    14276 : F0;
    14277 : E8;
    14278 : 64;
    14279 : 21;
    14280 : 24;
    14281 : 25;
    14282 : 60;
    14283 : E8;
    14284 : F4;
    14285 : F0;
    14286 : F0;
    14287 : 41;
    14288 : 20;
    14289 : 41;
    14290 : E9;
    14291 : F0;
    14292 : F0;
    14293 : F0;
    14294 : F0;
    14295 : 88;
    14296 : 20;
    14297 : 24;
    14298 : 81;
    14299 : EC;
    14300 : F0;
    14301 : F0;
    14302 : A4;
    14303 : 40;
    14304 : 00;
    14305 : 00;
    14306 : 20;
    14307 : A8;
    14308 : F4;
    14309 : EC;
    14310 : 64;
    14311 : 21;
    14312 : 00;
    14313 : 20;
    14314 : 20;
    14315 : 40;
    14316 : EC;
    14317 : A8;
    14318 : 25;
    14319 : 25;
    14320 : 00;
    14321 : 20;
    14322 : 20;
    14323 : 00;
    14324 : 81;
    14325 : 45;
    14326 : 25;
    14327 : 25;
    14328 : 00;
    14329 : 00;
    14330 : 00;
    14331 : 24;
    14332 : 25;
    14333 : 25;
    14334 : 25;
    14335 : 25;
    14336 : DF;
    14337 : 77;
    14338 : 53;
    14339 : 9B;
    14340 : 96;
    14341 : 28;
    14342 : 17;
    14343 : 1B;
    14344 : BF;
    14345 : 53;
    14346 : 4E;
    14347 : 96;
    14348 : 29;
    14349 : 0E;
    14350 : 1B;
    14351 : 1B;
    14352 : 2F;
    14353 : 57;
    14354 : BB;
    14355 : 2D;
    14356 : 0A;
    14357 : 17;
    14358 : 1F;
    14359 : 57;
    14360 : 57;
    14361 : 9B;
    14362 : 71;
    14363 : 09;
    14364 : 17;
    14365 : 1B;
    14366 : 3B;
    14367 : 05;
    14368 : 9B;
    14369 : 96;
    14370 : 49;
    14371 : 0E;
    14372 : 1B;
    14373 : 1B;
    14374 : 09;
    14375 : 00;
    14376 : 9B;
    14377 : 49;
    14378 : 0A;
    14379 : 1B;
    14380 : 1B;
    14381 : 0E;
    14382 : 00;
    14383 : 05;
    14384 : 71;
    14385 : 05;
    14386 : 17;
    14387 : 1B;
    14388 : 33;
    14389 : 05;
    14390 : 01;
    14391 : 05;
    14392 : 2D;
    14393 : 17;
    14394 : 1B;
    14395 : 3B;
    14396 : 09;
    14397 : 2D;
    14398 : 2A;
    14399 : 01;
    14400 : 13;
    14401 : 0F;
    14402 : 0F;
    14403 : 0F;
    14404 : 2F;
    14405 : 77;
    14406 : 33;
    14407 : 57;
    14408 : 13;
    14409 : 0F;
    14410 : 0F;
    14411 : 0E;
    14412 : 57;
    14413 : 9B;
    14414 : 57;
    14415 : 77;
    14416 : 0F;
    14417 : 0F;
    14418 : 0A;
    14419 : 77;
    14420 : 9B;
    14421 : BB;
    14422 : 77;
    14423 : 0F;
    14424 : 0F;
    14425 : 0B;
    14426 : 33;
    14427 : 9B;
    14428 : 9F;
    14429 : 57;
    14430 : 0F;
    14431 : 0F;
    14432 : 0F;
    14433 : 57;
    14434 : 9B;
    14435 : 9F;
    14436 : 9F;
    14437 : 2F;
    14438 : 0B;
    14439 : 0F;
    14440 : 0E;
    14441 : BB;
    14442 : BB;
    14443 : 9B;
    14444 : BB;
    14445 : 13;
    14446 : 0A;
    14447 : 0F;
    14448 : 52;
    14449 : 9B;
    14450 : 7B;
    14451 : 9B;
    14452 : 97;
    14453 : 0F;
    14454 : 05;
    14455 : 0F;
    14456 : 9F;
    14457 : 5F;
    14458 : 37;
    14459 : 57;
    14460 : 0F;
    14461 : 26;
    14462 : 01;
    14463 : 0F;
    14464 : 0F;
    14465 : 12;
    14466 : 0E;
    14467 : 0A;
    14468 : 01;
    14469 : 00;
    14470 : 05;
    14471 : 26;
    14472 : 0F;
    14473 : 0F;
    14474 : 0E;
    14475 : 05;
    14476 : 00;
    14477 : 01;
    14478 : 53;
    14479 : 2A;
    14480 : 13;
    14481 : 13;
    14482 : 0A;
    14483 : 00;
    14484 : 00;
    14485 : 01;
    14486 : 57;
    14487 : 0A;
    14488 : 13;
    14489 : 17;
    14490 : 09;
    14491 : 00;
    14492 : 25;
    14493 : 2E;
    14494 : 13;
    14495 : 0F;
    14496 : 13;
    14497 : 33;
    14498 : 0A;
    14499 : 00;
    14500 : 77;
    14501 : 57;
    14502 : 0F;
    14503 : 13;
    14504 : 0E;
    14505 : 0A;
    14506 : 09;
    14507 : 2E;
    14508 : 7B;
    14509 : 09;
    14510 : 13;
    14511 : 0B;
    14512 : 0F;
    14513 : 0F;
    14514 : 0B;
    14515 : 37;
    14516 : 09;
    14517 : 05;
    14518 : 0F;
    14519 : 0F;
    14520 : 0F;
    14521 : 0F;
    14522 : 0F;
    14523 : 0F;
    14524 : 26;
    14525 : 0A;
    14526 : 0F;
    14527 : 0E;
    14528 : 20;
    14529 : 20;
    14530 : 24;
    14531 : 20;
    14532 : 20;
    14533 : 20;
    14534 : 20;
    14535 : 20;
    14536 : 20;
    14537 : 20;
    14538 : 20;
    14539 : 20;
    14540 : 20;
    14541 : 80;
    14542 : A0;
    14543 : A0;
    14544 : 24;
    14545 : 20;
    14546 : 20;
    14547 : 00;
    14548 : 60;
    14549 : E4;
    14550 : E4;
    14551 : E4;
    14552 : C4;
    14553 : C4;
    14554 : C4;
    14555 : C4;
    14556 : E4;
    14557 : E4;
    14558 : E4;
    14559 : E9;
    14560 : E4;
    14561 : E4;
    14562 : E4;
    14563 : E4;
    14564 : 80;
    14565 : 40;
    14566 : 60;
    14567 : 65;
    14568 : 80;
    14569 : 80;
    14570 : 80;
    14571 : 80;
    14572 : 20;
    14573 : 00;
    14574 : 00;
    14575 : 00;
    14576 : 00;
    14577 : 00;
    14578 : 00;
    14579 : 00;
    14580 : 00;
    14581 : 00;
    14582 : 00;
    14583 : 00;
    14584 : 00;
    14585 : 00;
    14586 : 00;
    14587 : 00;
    14588 : 00;
    14589 : 00;
    14590 : 00;
    14591 : 00;
    14592 : 00;
    14593 : 00;
    14594 : 00;
    14595 : 00;
    14596 : 29;
    14597 : 7F;
    14598 : 33;
    14599 : 0B;
    14600 : 00;
    14601 : 00;
    14602 : 00;
    14603 : 00;
    14604 : 29;
    14605 : 57;
    14606 : 0F;
    14607 : 0F;
    14608 : 00;
    14609 : 00;
    14610 : 00;
    14611 : 00;
    14612 : 29;
    14613 : 33;
    14614 : 0B;
    14615 : 0F;
    14616 : 00;
    14617 : 00;
    14618 : 00;
    14619 : 00;
    14620 : 29;
    14621 : 37;
    14622 : 0F;
    14623 : 0F;
    14624 : 00;
    14625 : 00;
    14626 : 00;
    14627 : 00;
    14628 : 05;
    14629 : 17;
    14630 : 13;
    14631 : 0E;
    14632 : 00;
    14633 : 00;
    14634 : 00;
    14635 : 00;
    14636 : 00;
    14637 : 0A;
    14638 : 13;
    14639 : 0B;
    14640 : 00;
    14641 : 00;
    14642 : 00;
    14643 : 00;
    14644 : 00;
    14645 : 0E;
    14646 : 3B;
    14647 : 0F;
    14648 : 00;
    14649 : 00;
    14650 : 00;
    14651 : 00;
    14652 : 00;
    14653 : 05;
    14654 : 0E;
    14655 : 57;
    14656 : 81;
    14657 : E1;
    14658 : 61;
    14659 : 25;
    14660 : 20;
    14661 : 00;
    14662 : 20;
    14663 : 20;
    14664 : 61;
    14665 : E5;
    14666 : 81;
    14667 : 44;
    14668 : 00;
    14669 : 00;
    14670 : 20;
    14671 : 20;
    14672 : 21;
    14673 : 85;
    14674 : C1;
    14675 : 20;
    14676 : 20;
    14677 : 24;
    14678 : 20;
    14679 : 20;
    14680 : 20;
    14681 : 61;
    14682 : C1;
    14683 : 80;
    14684 : 00;
    14685 : 00;
    14686 : 20;
    14687 : 00;
    14688 : 00;
    14689 : 40;
    14690 : A0;
    14691 : C0;
    14692 : 41;
    14693 : 00;
    14694 : 20;
    14695 : 20;
    14696 : 00;
    14697 : 20;
    14698 : 85;
    14699 : E4;
    14700 : A1;
    14701 : 20;
    14702 : 20;
    14703 : 20;
    14704 : 00;
    14705 : 20;
    14706 : 41;
    14707 : A4;
    14708 : A0;
    14709 : 60;
    14710 : 20;
    14711 : 20;
    14712 : 00;
    14713 : 24;
    14714 : 20;
    14715 : 20;
    14716 : C4;
    14717 : A0;
    14718 : 64;
    14719 : 21;
    14720 : 2D;
    14721 : 52;
    14722 : 17;
    14723 : 37;
    14724 : 36;
    14725 : 01;
    14726 : 05;
    14727 : 32;
    14728 : 2D;
    14729 : 37;
    14730 : 1B;
    14731 : 5B;
    14732 : 2A;
    14733 : 01;
    14734 : 05;
    14735 : 25;
    14736 : 57;
    14737 : 17;
    14738 : 17;
    14739 : 2D;
    14740 : 05;
    14741 : 0A;
    14742 : 25;
    14743 : 00;
    14744 : 1B;
    14745 : 3B;
    14746 : 0E;
    14747 : 05;
    14748 : 05;
    14749 : 09;
    14750 : 25;
    14751 : 05;
    14752 : 1B;
    14753 : 57;
    14754 : 29;
    14755 : 0A;
    14756 : 09;
    14757 : 21;
    14758 : 05;
    14759 : 05;
    14760 : 5B;
    14761 : 05;
    14762 : 00;
    14763 : 0A;
    14764 : 2E;
    14765 : 25;
    14766 : 25;
    14767 : 25;
    14768 : 0D;
    14769 : 05;
    14770 : 06;
    14771 : 01;
    14772 : 21;
    14773 : 21;
    14774 : 25;
    14775 : 25;
    14776 : 04;
    14777 : 05;
    14778 : 2A;
    14779 : 21;
    14780 : 21;
    14781 : 21;
    14782 : 01;
    14783 : 21;
    14784 : 17;
    14785 : 13;
    14786 : 7B;
    14787 : 57;
    14788 : 12;
    14789 : 0A;
    14790 : 13;
    14791 : 17;
    14792 : 1B;
    14793 : 37;
    14794 : 37;
    14795 : 13;
    14796 : 06;
    14797 : 0A;
    14798 : 1B;
    14799 : 0E;
    14800 : 5F;
    14801 : 37;
    14802 : 13;
    14803 : 13;
    14804 : 0F;
    14805 : 0F;
    14806 : 13;
    14807 : 05;
    14808 : 7B;
    14809 : 17;
    14810 : 13;
    14811 : 13;
    14812 : 17;
    14813 : 17;
    14814 : 0E;
    14815 : 00;
    14816 : 37;
    14817 : 13;
    14818 : 13;
    14819 : 13;
    14820 : 13;
    14821 : 17;
    14822 : 0E;
    14823 : 00;
    14824 : 13;
    14825 : 13;
    14826 : 13;
    14827 : 13;
    14828 : 17;
    14829 : 12;
    14830 : 00;
    14831 : 00;
    14832 : 13;
    14833 : 13;
    14834 : 13;
    14835 : 13;
    14836 : 13;
    14837 : 0A;
    14838 : 00;
    14839 : 00;
    14840 : 13;
    14841 : 13;
    14842 : 13;
    14843 : 13;
    14844 : 13;
    14845 : 0F;
    14846 : 0E;
    14847 : 0A;
    14848 : 00;
    14849 : 60;
    14850 : A5;
    14851 : 20;
    14852 : 40;
    14853 : 61;
    14854 : A5;
    14855 : E8;
    14856 : 65;
    14857 : A1;
    14858 : 20;
    14859 : 00;
    14860 : 81;
    14861 : 61;
    14862 : A4;
    14863 : F0;
    14864 : C0;
    14865 : 40;
    14866 : 20;
    14867 : 81;
    14868 : 80;
    14869 : 60;
    14870 : C4;
    14871 : F0;
    14872 : 80;
    14873 : 20;
    14874 : 40;
    14875 : 80;
    14876 : A0;
    14877 : C8;
    14878 : ED;
    14879 : E8;
    14880 : 20;
    14881 : 24;
    14882 : A1;
    14883 : A0;
    14884 : C0;
    14885 : C4;
    14886 : 84;
    14887 : A0;
    14888 : 21;
    14889 : 24;
    14890 : 81;
    14891 : 60;
    14892 : C0;
    14893 : 80;
    14894 : 40;
    14895 : 80;
    14896 : 45;
    14897 : 81;
    14898 : 41;
    14899 : 20;
    14900 : 80;
    14901 : 81;
    14902 : 64;
    14903 : A0;
    14904 : 64;
    14905 : 80;
    14906 : 40;
    14907 : 41;
    14908 : A0;
    14909 : 85;
    14910 : 61;
    14911 : C4;
    14912 : 40;
    14913 : 64;
    14914 : 40;
    14915 : 60;
    14916 : 61;
    14917 : A5;
    14918 : E8;
    14919 : EC;
    14920 : 85;
    14921 : 40;
    14922 : 64;
    14923 : 85;
    14924 : 84;
    14925 : 64;
    14926 : 84;
    14927 : 88;
    14928 : A9;
    14929 : 80;
    14930 : 84;
    14931 : 85;
    14932 : 64;
    14933 : 44;
    14934 : 40;
    14935 : 85;
    14936 : 65;
    14937 : 64;
    14938 : 88;
    14939 : A9;
    14940 : A9;
    14941 : 64;
    14942 : 85;
    14943 : ED;
    14944 : 00;
    14945 : 04;
    14946 : 6C;
    14947 : CD;
    14948 : C8;
    14949 : 84;
    14950 : 85;
    14951 : C9;
    14952 : 00;
    14953 : 04;
    14954 : 6C;
    14955 : 00;
    14956 : 00;
    14957 : 00;
    14958 : 00;
    14959 : 00;
    14960 : 00;
    14961 : 00;
    14962 : 00;
    14963 : 00;
    14964 : 00;
    14965 : 00;
    14966 : 00;
    14967 : 00;
    14968 : 00;
    14969 : 00;
    14970 : 01;
    14971 : 00;
    14972 : 00;
    14973 : 00;
    14974 : 00;
    14975 : 00;
    14976 : 60;
    14977 : E5;
    14978 : E5;
    14979 : E5;
    14980 : E5;
    14981 : E5;
    14982 : E5;
    14983 : 60;
    14984 : 60;
    14985 : E0;
    14986 : E5;
    14987 : E5;
    14988 : E5;
    14989 : E5;
    14990 : E1;
    14991 : 60;
    14992 : 00;
    14993 : A4;
    14994 : E4;
    14995 : E5;
    14996 : E5;
    14997 : E5;
    14998 : A1;
    14999 : 00;
    15000 : 00;
    15001 : 20;
    15002 : E4;
    15003 : E4;
    15004 : E4;
    15005 : E5;
    15006 : 81;
    15007 : 00;
    15008 : 00;
    15009 : 00;
    15010 : 60;
    15011 : E4;
    15012 : E4;
    15013 : A4;
    15014 : 20;
    15015 : 00;
    15016 : 00;
    15017 : 00;
    15018 : 00;
    15019 : 60;
    15020 : 84;
    15021 : 40;
    15022 : 00;
    15023 : 00;
    15024 : 00;
    15025 : 00;
    15026 : 00;
    15027 : 00;
    15028 : 00;
    15029 : 00;
    15030 : 00;
    15031 : 00;
    15032 : 00;
    15033 : 00;
    15034 : 00;
    15035 : 00;
    15036 : 00;
    15037 : 00;
    15038 : 00;
    15039 : 00;
    15040 : 00;
    15041 : 00;
    15042 : 00;
    15043 : 00;
    15044 : 00;
    15045 : 72;
    15046 : 9B;
    15047 : 53;
    15048 : 00;
    15049 : 00;
    15050 : 00;
    15051 : 00;
    15052 : 29;
    15053 : BF;
    15054 : 77;
    15055 : 2F;
    15056 : 00;
    15057 : 00;
    15058 : 00;
    15059 : 25;
    15060 : 97;
    15061 : 9B;
    15062 : 57;
    15063 : 77;
    15064 : 00;
    15065 : 00;
    15066 : 00;
    15067 : 92;
    15068 : 97;
    15069 : 53;
    15070 : 7B;
    15071 : BF;
    15072 : 00;
    15073 : 00;
    15074 : 4A;
    15075 : BB;
    15076 : 77;
    15077 : 53;
    15078 : 7B;
    15079 : 76;
    15080 : 00;
    15081 : 29;
    15082 : BB;
    15083 : 57;
    15084 : 53;
    15085 : 9F;
    15086 : 76;
    15087 : 29;
    15088 : 00;
    15089 : 73;
    15090 : BB;
    15091 : 4F;
    15092 : 72;
    15093 : 9B;
    15094 : 4D;
    15095 : 11;
    15096 : 6E;
    15097 : 9B;
    15098 : 77;
    15099 : 73;
    15100 : 77;
    15101 : 71;
    15102 : 2D;
    15103 : 1B;
    15104 : 01;
    15105 : 00;
    15106 : 01;
    15107 : 0A;
    15108 : 00;
    15109 : 00;
    15110 : 00;
    15111 : 00;
    15112 : 00;
    15113 : 05;
    15114 : 09;
    15115 : 09;
    15116 : 00;
    15117 : 00;
    15118 : 00;
    15119 : 0A;
    15120 : 05;
    15121 : 0A;
    15122 : 05;
    15123 : 00;
    15124 : 00;
    15125 : 01;
    15126 : 0B;
    15127 : 0F;
    15128 : 0A;
    15129 : 09;
    15130 : 00;
    15131 : 01;
    15132 : 0A;
    15133 : 0A;
    15134 : 0A;
    15135 : 0E;
    15136 : 0A;
    15137 : 00;
    15138 : 00;
    15139 : 0A;
    15140 : 0F;
    15141 : 0F;
    15142 : 0A;
    15143 : 0A;
    15144 : 05;
    15145 : 00;
    15146 : 06;
    15147 : 0F;
    15148 : 0F;
    15149 : 0A;
    15150 : 0A;
    15151 : 05;
    15152 : 01;
    15153 : 05;
    15154 : 0F;
    15155 : 0F;
    15156 : 0F;
    15157 : 0A;
    15158 : 05;
    15159 : 05;
    15160 : 05;
    15161 : 0A;
    15162 : 0F;
    15163 : 0B;
    15164 : 05;
    15165 : 05;
    15166 : 05;
    15167 : 05;
    15168 : 45;
    15169 : 20;
    15170 : 20;
    15171 : 21;
    15172 : 45;
    15173 : 00;
    15174 : 25;
    15175 : 40;
    15176 : 21;
    15177 : 00;
    15178 : 40;
    15179 : A0;
    15180 : 20;
    15181 : 20;
    15182 : 20;
    15183 : 20;
    15184 : 00;
    15185 : 20;
    15186 : 20;
    15187 : 40;
    15188 : 20;
    15189 : 20;
    15190 : 20;
    15191 : 20;
    15192 : 20;
    15193 : 20;
    15194 : 00;
    15195 : 00;
    15196 : 20;
    15197 : 00;
    15198 : 00;
    15199 : 20;
    15200 : 60;
    15201 : 00;
    15202 : 00;
    15203 : 00;
    15204 : 20;
    15205 : 20;
    15206 : 00;
    15207 : 20;
    15208 : E4;
    15209 : 60;
    15210 : 20;
    15211 : 20;
    15212 : 85;
    15213 : 81;
    15214 : 00;
    15215 : 20;
    15216 : C9;
    15217 : EC;
    15218 : 24;
    15219 : 25;
    15220 : 45;
    15221 : 20;
    15222 : 24;
    15223 : 25;
    15224 : 65;
    15225 : E9;
    15226 : C8;
    15227 : A4;
    15228 : 81;
    15229 : 81;
    15230 : 00;
    15231 : 20;
    15232 : 13;
    15233 : 13;
    15234 : 13;
    15235 : 37;
    15236 : BF;
    15237 : DF;
    15238 : 7F;
    15239 : 17;
    15240 : 13;
    15241 : 13;
    15242 : 13;
    15243 : 7B;
    15244 : BF;
    15245 : 57;
    15246 : 17;
    15247 : 17;
    15248 : 13;
    15249 : 13;
    15250 : 13;
    15251 : 37;
    15252 : 57;
    15253 : 13;
    15254 : 37;
    15255 : 5B;
    15256 : 13;
    15257 : 13;
    15258 : 13;
    15259 : 13;
    15260 : 13;
    15261 : 57;
    15262 : BB;
    15263 : BB;
    15264 : 13;
    15265 : 13;
    15266 : 13;
    15267 : 13;
    15268 : 37;
    15269 : BF;
    15270 : DF;
    15271 : BB;
    15272 : 13;
    15273 : 13;
    15274 : 13;
    15275 : 13;
    15276 : 9F;
    15277 : BF;
    15278 : DF;
    15279 : 57;
    15280 : 13;
    15281 : 13;
    15282 : 13;
    15283 : 13;
    15284 : 17;
    15285 : 7B;
    15286 : 7B;
    15287 : 13;
    15288 : 13;
    15289 : 13;
    15290 : 13;
    15291 : 13;
    15292 : 13;
    15293 : 7B;
    15294 : 3B;
    15295 : 13;
    15296 : 00;
    15297 : 00;
    15298 : 00;
    15299 : 00;
    15300 : 00;
    15301 : 00;
    15302 : 00;
    15303 : 00;
    15304 : 00;
    15305 : 00;
    15306 : 00;
    15307 : 00;
    15308 : 00;
    15309 : 00;
    15310 : 00;
    15311 : 00;
    15312 : 00;
    15313 : 00;
    15314 : 00;
    15315 : 00;
    15316 : 00;
    15317 : 00;
    15318 : 00;
    15319 : 00;
    15320 : 00;
    15321 : 00;
    15322 : 00;
    15323 : 00;
    15324 : 00;
    15325 : 00;
    15326 : 00;
    15327 : 00;
    15328 : 00;
    15329 : 00;
    15330 : 00;
    15331 : 00;
    15332 : 00;
    15333 : 00;
    15334 : 00;
    15335 : 00;
    15336 : 00;
    15337 : 00;
    15338 : 05;
    15339 : 52;
    15340 : 4E;
    15341 : 4E;
    15342 : 00;
    15343 : 00;
    15344 : 05;
    15345 : 2E;
    15346 : 52;
    15347 : 5B;
    15348 : 5B;
    15349 : 5B;
    15350 : 52;
    15351 : 2E;
    15352 : 52;
    15353 : 37;
    15354 : 5B;
    15355 : 17;
    15356 : 37;
    15357 : 37;
    15358 : 5B;
    15359 : 5B;
    15360 : 25;
    15361 : 25;
    15362 : 01;
    15363 : 77;
    15364 : 9B;
    15365 : 53;
    15366 : 57;
    15367 : BB;
    15368 : 05;
    15369 : 21;
    15370 : 72;
    15371 : 9B;
    15372 : 53;
    15373 : 77;
    15374 : 9B;
    15375 : 4D;
    15376 : 00;
    15377 : 6A;
    15378 : DF;
    15379 : 7B;
    15380 : 33;
    15381 : 9F;
    15382 : 76;
    15383 : 29;
    15384 : 25;
    15385 : BB;
    15386 : 9B;
    15387 : 53;
    15388 : 77;
    15389 : 9A;
    15390 : 4D;
    15391 : 32;
    15392 : 72;
    15393 : 9F;
    15394 : 77;
    15395 : 4F;
    15396 : 9B;
    15397 : 4D;
    15398 : 2D;
    15399 : 3B;
    15400 : BB;
    15401 : 77;
    15402 : 73;
    15403 : 9B;
    15404 : 72;
    15405 : 09;
    15406 : 1B;
    15407 : 17;
    15408 : 9B;
    15409 : 7B;
    15410 : 9F;
    15411 : 9A;
    15412 : 09;
    15413 : 37;
    15414 : 1B;
    15415 : 1B;
    15416 : 53;
    15417 : 77;
    15418 : 9A;
    15419 : 2D;
    15420 : 32;
    15421 : 17;
    15422 : 3B;
    15423 : 32;
    15424 : 00;
    15425 : 01;
    15426 : 25;
    15427 : 25;
    15428 : 26;
    15429 : 25;
    15430 : 4E;
    15431 : BF;
    15432 : 01;
    15433 : 25;
    15434 : 25;
    15435 : 25;
    15436 : 26;
    15437 : 4A;
    15438 : 97;
    15439 : 7B;
    15440 : 25;
    15441 : 25;
    15442 : 25;
    15443 : 25;
    15444 : 25;
    15445 : 9B;
    15446 : 7B;
    15447 : 33;
    15448 : 25;
    15449 : 25;
    15450 : 25;
    15451 : 25;
    15452 : 72;
    15453 : BF;
    15454 : 7B;
    15455 : 33;
    15456 : 25;
    15457 : 25;
    15458 : 26;
    15459 : 4E;
    15460 : BB;
    15461 : 7B;
    15462 : 57;
    15463 : 9B;
    15464 : 25;
    15465 : 25;
    15466 : 25;
    15467 : 97;
    15468 : 57;
    15469 : 53;
    15470 : 77;
    15471 : 9B;
    15472 : 25;
    15473 : 25;
    15474 : 72;
    15475 : 9B;
    15476 : 53;
    15477 : 77;
    15478 : BB;
    15479 : 4E;
    15480 : 25;
    15481 : 6E;
    15482 : 9B;
    15483 : 53;
    15484 : 73;
    15485 : 9B;
    15486 : 76;
    15487 : 49;
    15488 : 61;
    15489 : 80;
    15490 : 80;
    15491 : 40;
    15492 : ED;
    15493 : A5;
    15494 : C0;
    15495 : E4;
    15496 : 24;
    15497 : 40;
    15498 : A0;
    15499 : 80;
    15500 : E8;
    15501 : C0;
    15502 : C0;
    15503 : E4;
    15504 : 00;
    15505 : 24;
    15506 : C4;
    15507 : A4;
    15508 : E5;
    15509 : A0;
    15510 : A4;
    15511 : E4;
    15512 : 00;
    15513 : 20;
    15514 : A9;
    15515 : C9;
    15516 : E9;
    15517 : A1;
    15518 : 80;
    15519 : C4;
    15520 : 00;
    15521 : 00;
    15522 : 85;
    15523 : E8;
    15524 : E4;
    15525 : C5;
    15526 : 80;
    15527 : 80;
    15528 : 05;
    15529 : 20;
    15530 : C0;
    15531 : E4;
    15532 : E4;
    15533 : C4;
    15534 : 80;
    15535 : A0;
    15536 : 00;
    15537 : 00;
    15538 : C4;
    15539 : E4;
    15540 : C4;
    15541 : C0;
    15542 : C0;
    15543 : E4;
    15544 : 60;
    15545 : 40;
    15546 : E4;
    15547 : E4;
    15548 : E4;
    15549 : C5;
    15550 : C4;
    15551 : E4;
    15552 : 00;
    15553 : 00;
    15554 : 00;
    15555 : 00;
    15556 : 00;
    15557 : 00;
    15558 : 00;
    15559 : 00;
    15560 : 00;
    15561 : 00;
    15562 : 00;
    15563 : 00;
    15564 : 00;
    15565 : 00;
    15566 : 00;
    15567 : 00;
    15568 : 00;
    15569 : 00;
    15570 : 00;
    15571 : 00;
    15572 : 00;
    15573 : 00;
    15574 : 00;
    15575 : 00;
    15576 : 00;
    15577 : 00;
    15578 : 00;
    15579 : 00;
    15580 : 00;
    15581 : 00;
    15582 : 00;
    15583 : 00;
    15584 : 00;
    15585 : 00;
    15586 : 00;
    15587 : 00;
    15588 : 25;
    15589 : 45;
    15590 : 45;
    15591 : 44;
    15592 : 00;
    15593 : 00;
    15594 : 20;
    15595 : 20;
    15596 : D5;
    15597 : F9;
    15598 : F9;
    15599 : F9;
    15600 : 00;
    15601 : 88;
    15602 : F0;
    15603 : F0;
    15604 : F0;
    15605 : F8;
    15606 : F5;
    15607 : D1;
    15608 : AC;
    15609 : D0;
    15610 : F0;
    15611 : F1;
    15612 : F0;
    15613 : F4;
    15614 : F5;
    15615 : FC;
    15616 : 00;
    15617 : 00;
    15618 : 00;
    15619 : 00;
    15620 : 05;
    15621 : 4A;
    15622 : 6B;
    15623 : 46;
    15624 : 00;
    15625 : 00;
    15626 : 00;
    15627 : 00;
    15628 : 6B;
    15629 : 6B;
    15630 : 42;
    15631 : 02;
    15632 : 00;
    15633 : 00;
    15634 : 00;
    15635 : 04;
    15636 : 8B;
    15637 : 67;
    15638 : 66;
    15639 : 42;
    15640 : 00;
    15641 : 00;
    15642 : 00;
    15643 : 00;
    15644 : 93;
    15645 : 6A;
    15646 : 46;
    15647 : 22;
    15648 : 00;
    15649 : 00;
    15650 : 00;
    15651 : 4A;
    15652 : 73;
    15653 : 6B;
    15654 : 46;
    15655 : 42;
    15656 : 00;
    15657 : 00;
    15658 : 00;
    15659 : 6A;
    15660 : 6F;
    15661 : 4A;
    15662 : 42;
    15663 : 6A;
    15664 : 00;
    15665 : 00;
    15666 : 00;
    15667 : 46;
    15668 : 6A;
    15669 : 26;
    15670 : 22;
    15671 : 6B;
    15672 : 00;
    15673 : 00;
    15674 : 00;
    15675 : 26;
    15676 : 2A;
    15677 : 46;
    15678 : 46;
    15679 : 6B;
    15680 : 80;
    15681 : 61;
    15682 : 61;
    15683 : 20;
    15684 : 40;
    15685 : C0;
    15686 : 80;
    15687 : 25;
    15688 : A0;
    15689 : 25;
    15690 : 00;
    15691 : 64;
    15692 : A4;
    15693 : 80;
    15694 : 00;
    15695 : 00;
    15696 : 84;
    15697 : 20;
    15698 : 40;
    15699 : E9;
    15700 : C5;
    15701 : 20;
    15702 : 00;
    15703 : 00;
    15704 : 20;
    15705 : 40;
    15706 : E4;
    15707 : C4;
    15708 : 24;
    15709 : 00;
    15710 : 00;
    15711 : 00;
    15712 : 80;
    15713 : E4;
    15714 : E4;
    15715 : 40;
    15716 : 00;
    15717 : 00;
    15718 : 00;
    15719 : 00;
    15720 : E8;
    15721 : 84;
    15722 : 20;
    15723 : 00;
    15724 : 00;
    15725 : 00;
    15726 : 00;
    15727 : 00;
    15728 : 64;
    15729 : 20;
    15730 : 00;
    15731 : 00;
    15732 : 00;
    15733 : 00;
    15734 : 00;
    15735 : 00;
    15736 : 00;
    15737 : 00;
    15738 : 00;
    15739 : 00;
    15740 : 00;
    15741 : 00;
    15742 : 00;
    15743 : 00;
    15744 : F0;
    15745 : F0;
    15746 : F5;
    15747 : F4;
    15748 : F5;
    15749 : F4;
    15750 : F0;
    15751 : F0;
    15752 : F1;
    15753 : F0;
    15754 : F0;
    15755 : F0;
    15756 : F5;
    15757 : F4;
    15758 : F0;
    15759 : F0;
    15760 : EC;
    15761 : EC;
    15762 : ED;
    15763 : F5;
    15764 : ED;
    15765 : F0;
    15766 : F4;
    15767 : F4;
    15768 : ED;
    15769 : E9;
    15770 : E9;
    15771 : B1;
    15772 : A5;
    15773 : C8;
    15774 : EC;
    15775 : EC;
    15776 : E9;
    15777 : E5;
    15778 : 84;
    15779 : 45;
    15780 : 21;
    15781 : 80;
    15782 : E4;
    15783 : E4;
    15784 : 80;
    15785 : C4;
    15786 : 41;
    15787 : 20;
    15788 : 21;
    15789 : A0;
    15790 : E4;
    15791 : E4;
    15792 : 81;
    15793 : C1;
    15794 : 40;
    15795 : 20;
    15796 : 20;
    15797 : A0;
    15798 : E4;
    15799 : E4;
    15800 : C5;
    15801 : A0;
    15802 : C5;
    15803 : C4;
    15804 : C4;
    15805 : E4;
    15806 : E4;
    15807 : E8;
    15808 : 33;
    15809 : 37;
    15810 : 7B;
    15811 : 7B;
    15812 : BB;
    15813 : 4E;
    15814 : 00;
    15815 : 00;
    15816 : 33;
    15817 : 53;
    15818 : 97;
    15819 : DF;
    15820 : FF;
    15821 : 73;
    15822 : 05;
    15823 : 00;
    15824 : 33;
    15825 : 97;
    15826 : DF;
    15827 : BF;
    15828 : DF;
    15829 : 9B;
    15830 : 77;
    15831 : 4E;
    15832 : 57;
    15833 : BB;
    15834 : FF;
    15835 : DF;
    15836 : DF;
    15837 : BB;
    15838 : 9F;
    15839 : 97;
    15840 : 53;
    15841 : 9B;
    15842 : BF;
    15843 : BB;
    15844 : DF;
    15845 : FF;
    15846 : BF;
    15847 : 97;
    15848 : 2F;
    15849 : 57;
    15850 : 57;
    15851 : 77;
    15852 : 9F;
    15853 : BF;
    15854 : 9B;
    15855 : 7B;
    15856 : 2F;
    15857 : 33;
    15858 : 33;
    15859 : 57;
    15860 : 7B;
    15861 : 7B;
    15862 : 5B;
    15863 : 7B;
    15864 : 2F;
    15865 : 33;
    15866 : 2F;
    15867 : 57;
    15868 : 9B;
    15869 : 7B;
    15870 : 5B;
    15871 : 7B;
    15872 : 00;
    15873 : 00;
    15874 : 72;
    15875 : BF;
    15876 : BB;
    15877 : 13;
    15878 : 13;
    15879 : 13;
    15880 : 00;
    15881 : 00;
    15882 : 72;
    15883 : BB;
    15884 : 9B;
    15885 : 13;
    15886 : 13;
    15887 : 13;
    15888 : 00;
    15889 : 05;
    15890 : 77;
    15891 : 9B;
    15892 : 5B;
    15893 : 13;
    15894 : 13;
    15895 : 13;
    15896 : 00;
    15897 : 01;
    15898 : 77;
    15899 : 9B;
    15900 : 3B;
    15901 : 13;
    15902 : 13;
    15903 : 13;
    15904 : 00;
    15905 : 4E;
    15906 : BB;
    15907 : 7B;
    15908 : 17;
    15909 : 13;
    15910 : 13;
    15911 : 57;
    15912 : 00;
    15913 : 4E;
    15914 : DB;
    15915 : 5B;
    15916 : 17;
    15917 : 13;
    15918 : 13;
    15919 : 77;
    15920 : 25;
    15921 : 97;
    15922 : BF;
    15923 : 37;
    15924 : 13;
    15925 : 13;
    15926 : 13;
    15927 : 37;
    15928 : 92;
    15929 : BF;
    15930 : 7B;
    15931 : 17;
    15932 : 13;
    15933 : 13;
    15934 : 13;
    15935 : 13;
    15936 : 20;
    15937 : C5;
    15938 : E5;
    15939 : A5;
    15940 : 20;
    15941 : 00;
    15942 : 00;
    15943 : 00;
    15944 : A5;
    15945 : E5;
    15946 : E9;
    15947 : E9;
    15948 : 80;
    15949 : 00;
    15950 : 00;
    15951 : 00;
    15952 : E5;
    15953 : E9;
    15954 : EC;
    15955 : E8;
    15956 : C0;
    15957 : 00;
    15958 : 00;
    15959 : 00;
    15960 : 84;
    15961 : EC;
    15962 : EC;
    15963 : E5;
    15964 : 40;
    15965 : 00;
    15966 : 00;
    15967 : 00;
    15968 : 00;
    15969 : A4;
    15970 : E9;
    15971 : 81;
    15972 : 00;
    15973 : 00;
    15974 : 00;
    15975 : 00;
    15976 : 00;
    15977 : 65;
    15978 : A5;
    15979 : 20;
    15980 : 00;
    15981 : 00;
    15982 : 00;
    15983 : 00;
    15984 : 00;
    15985 : 21;
    15986 : 40;
    15987 : 00;
    15988 : 00;
    15989 : 00;
    15990 : 00;
    15991 : 00;
    15992 : 00;
    15993 : 00;
    15994 : 00;
    15995 : 00;
    15996 : 00;
    15997 : 00;
    15998 : 00;
    15999 : 00;
    16000 : B3;
    16001 : B3;
    16002 : DB;
    16003 : 25;
    16004 : 00;
    16005 : 00;
    16006 : 00;
    16007 : 00;
    16008 : D3;
    16009 : D7;
    16010 : B3;
    16011 : 25;
    16012 : 00;
    16013 : 00;
    16014 : 00;
    16015 : 00;
    16016 : AF;
    16017 : D3;
    16018 : 45;
    16019 : 00;
    16020 : 00;
    16021 : 00;
    16022 : 00;
    16023 : 00;
    16024 : AF;
    16025 : 6A;
    16026 : 25;
    16027 : 00;
    16028 : 00;
    16029 : 00;
    16030 : 00;
    16031 : 00;
    16032 : 8F;
    16033 : 25;
    16034 : 00;
    16035 : 00;
    16036 : 00;
    16037 : 00;
    16038 : 00;
    16039 : 00;
    16040 : 22;
    16041 : 00;
    16042 : 00;
    16043 : 00;
    16044 : 00;
    16045 : 00;
    16046 : 00;
    16047 : 00;
    16048 : 01;
    16049 : 00;
    16050 : 00;
    16051 : 00;
    16052 : 00;
    16053 : 00;
    16054 : 00;
    16055 : 00;
    16056 : 00;
    16057 : 00;
    16058 : 00;
    16059 : 00;
    16060 : 00;
    16061 : 00;
    16062 : 00;
    16063 : 00;
    16064 : EC;
    16065 : EC;
    16066 : EC;
    16067 : EC;
    16068 : EC;
    16069 : EC;
    16070 : EC;
    16071 : CC;
    16072 : EC;
    16073 : ED;
    16074 : EC;
    16075 : EC;
    16076 : EC;
    16077 : ED;
    16078 : ED;
    16079 : CC;
    16080 : EC;
    16081 : ED;
    16082 : EC;
    16083 : EC;
    16084 : EC;
    16085 : EC;
    16086 : EC;
    16087 : C8;
    16088 : EC;
    16089 : EC;
    16090 : ED;
    16091 : ED;
    16092 : ED;
    16093 : ED;
    16094 : EC;
    16095 : 24;
    16096 : EC;
    16097 : EC;
    16098 : EC;
    16099 : ED;
    16100 : F1;
    16101 : E8;
    16102 : E8;
    16103 : 00;
    16104 : EC;
    16105 : E8;
    16106 : E8;
    16107 : ED;
    16108 : E9;
    16109 : E4;
    16110 : C5;
    16111 : 00;
    16112 : E8;
    16113 : E4;
    16114 : E8;
    16115 : E4;
    16116 : E4;
    16117 : E8;
    16118 : 65;
    16119 : 00;
    16120 : E4;
    16121 : A4;
    16122 : E8;
    16123 : E4;
    16124 : E4;
    16125 : E8;
    16126 : 20;
    16127 : 00;
    16128 : 80;
    16129 : 80;
    16130 : 80;
    16131 : 80;
    16132 : C9;
    16133 : CD;
    16134 : A9;
    16135 : E4;
    16136 : 80;
    16137 : 80;
    16138 : 80;
    16139 : 80;
    16140 : C5;
    16141 : CD;
    16142 : A5;
    16143 : E4;
    16144 : 80;
    16145 : 80;
    16146 : 80;
    16147 : 80;
    16148 : 80;
    16149 : 81;
    16150 : 80;
    16151 : E4;
    16152 : 80;
    16153 : 80;
    16154 : 80;
    16155 : 80;
    16156 : 80;
    16157 : A5;
    16158 : A5;
    16159 : E4;
    16160 : 80;
    16161 : 80;
    16162 : 80;
    16163 : 80;
    16164 : A0;
    16165 : ED;
    16166 : A9;
    16167 : C4;
    16168 : 80;
    16169 : 80;
    16170 : 80;
    16171 : 80;
    16172 : A1;
    16173 : F6;
    16174 : 88;
    16175 : 80;
    16176 : 80;
    16177 : 80;
    16178 : 80;
    16179 : 80;
    16180 : C5;
    16181 : F6;
    16182 : 8D;
    16183 : 40;
    16184 : 80;
    16185 : 80;
    16186 : 80;
    16187 : 80;
    16188 : A5;
    16189 : ED;
    16190 : FA;
    16191 : 85;
    16192 : C5;
    16193 : A5;
    16194 : 41;
    16195 : 80;
    16196 : 85;
    16197 : 60;
    16198 : A0;
    16199 : A0;
    16200 : E5;
    16201 : A5;
    16202 : 40;
    16203 : 60;
    16204 : 81;
    16205 : 41;
    16206 : 60;
    16207 : 80;
    16208 : C0;
    16209 : A4;
    16210 : 40;
    16211 : 80;
    16212 : 60;
    16213 : 45;
    16214 : 40;
    16215 : 80;
    16216 : C5;
    16217 : 41;
    16218 : 20;
    16219 : 80;
    16220 : 80;
    16221 : 20;
    16222 : 40;
    16223 : 80;
    16224 : A0;
    16225 : 20;
    16226 : 00;
    16227 : A4;
    16228 : 80;
    16229 : 20;
    16230 : 20;
    16231 : 60;
    16232 : 80;
    16233 : 20;
    16234 : 00;
    16235 : 80;
    16236 : 65;
    16237 : 24;
    16238 : 20;
    16239 : 60;
    16240 : 81;
    16241 : 40;
    16242 : 20;
    16243 : 40;
    16244 : 41;
    16245 : 20;
    16246 : 20;
    16247 : 60;
    16248 : 81;
    16249 : 20;
    16250 : 00;
    16251 : 00;
    16252 : 40;
    16253 : 20;
    16254 : 20;
    16255 : 80;
    16256 : 00;
    16257 : 00;
    16258 : 00;
    16259 : 00;
    16260 : 00;
    16261 : 00;
    16262 : 00;
    16263 : 00;
    16264 : 00;
    16265 : 00;
    16266 : 00;
    16267 : 00;
    16268 : 00;
    16269 : 00;
    16270 : 00;
    16271 : 00;
    16272 : 00;
    16273 : 00;
    16274 : 00;
    16275 : 00;
    16276 : 00;
    16277 : 00;
    16278 : 00;
    16279 : 00;
    16280 : 00;
    16281 : 00;
    16282 : 00;
    16283 : 00;
    16284 : 00;
    16285 : 00;
    16286 : 00;
    16287 : 00;
    16288 : 24;
    16289 : 44;
    16290 : 44;
    16291 : 44;
    16292 : 20;
    16293 : 00;
    16294 : 00;
    16295 : 00;
    16296 : F0;
    16297 : F0;
    16298 : F4;
    16299 : F4;
    16300 : 88;
    16301 : 00;
    16302 : 20;
    16303 : 20;
    16304 : F0;
    16305 : F0;
    16306 : F0;
    16307 : F0;
    16308 : F0;
    16309 : F0;
    16310 : F0;
    16311 : D5;
    16312 : F0;
    16313 : F0;
    16314 : F0;
    16315 : F0;
    16316 : F0;
    16317 : F0;
    16318 : F0;
    16319 : F4;
    16320 : 17;
    16321 : 5B;
    16322 : 5B;
    16323 : 13;
    16324 : 13;
    16325 : 17;
    16326 : 13;
    16327 : 0A;
    16328 : 57;
    16329 : 3B;
    16330 : 17;
    16331 : 13;
    16332 : 17;
    16333 : 13;
    16334 : 09;
    16335 : 05;
    16336 : 7B;
    16337 : 1B;
    16338 : 1B;
    16339 : 1B;
    16340 : BF;
    16341 : 4E;
    16342 : 05;
    16343 : 05;
    16344 : 17;
    16345 : 13;
    16346 : 17;
    16347 : 7B;
    16348 : 5B;
    16349 : 0A;
    16350 : 04;
    16351 : 09;
    16352 : 13;
    16353 : 13;
    16354 : 13;
    16355 : 37;
    16356 : 17;
    16357 : 0F;
    16358 : 2E;
    16359 : 53;
    16360 : 13;
    16361 : 13;
    16362 : 13;
    16363 : 13;
    16364 : 13;
    16365 : 13;
    16366 : 7B;
    16367 : 9B;
    16368 : 13;
    16369 : 13;
    16370 : 13;
    16371 : 13;
    16372 : 13;
    16373 : 13;
    16374 : 7B;
    16375 : 7B;
    16376 : 13;
    16377 : 13;
    16378 : 13;
    16379 : 13;
    16380 : 13;
    16381 : 13;
    16382 : 13;
    16383 : 13;
END;
